{"type":"FeatureCollection","features":[{"type":"Feature","properties":{"name":"M\u00e4laren","scalerank":0},"geometry":{"type":"Polygon","coordinates":[[[17.9798,59.3291],[17.8762,59.2708],[17.5705,59.2676],[17.4745,59.2915],[17.3707,59.2949],[17.3046,59.2722],[17.1752,59.3558],[17.0656,59.3732],[16.9139,59.4459],[16.7423,59.4306],[16.6104,59.4535],[16.1443,59.4478],[16.0442,59.4785],[16.2518,59.4932],[16.4727,59.5194],[16.5738,59.6117],[16.6469,59.5593],[16.7523,59.5433],[16.841,59.5875],[16.9775,59.5507],[17.0627,59.5692],[17.3721,59.4958],[17.3905,59.5845],[17.5345,59.5394],[17.6873,59.5416],[17.6716,59.5948],[17.7601,59.6205],[17.7859,59.598],[17.8086,59.5532],[17.7729,59.4141],[17.8293,59.379],[17.9643,59.3594],[17.9798,59.3291]]]}},{"type":"Feature","properties":{"name":"Lake Ladoga","scalerank":0},"geometry":{"type":"Polygon","coordinates":[[[29.8367,61.2261],[29.8367,61.2261],[29.8367,61.2261],[29.8367,61.2261],[29.8602,61.2393],[29.8646,61.251],[29.8551,61.2712],[29.8913,61.295],[29.9494,61.2894],[30.0291,61.2545],[30.0793,61.2426],[30.0941,61.2585],[30.0895,61.2706],[30.09,61.2993],[30.13,61.3126],[30.1739,61.3141],[30.193,61.3272],[30.196,61.3478],[30.1826,61.3611],[30.1793,61.3727],[30.2009,61.389],[30.21,61.418],[30.2169,61.4313],[30.2373,61.4463],[30.2521,61.4586],[30.2516,61.4727],[30.2349,61.4926],[30.2388,61.5148],[30.2852,61.5166],[30.4662,61.4872],[30.4807,61.49],[30.4863,61.5149],[30.5127,61.5252],[30.5508,61.5354],[30.6059,61.5413],[30.6167,61.5603],[30.5934,61.5795],[30.5943,61.6058],[30.7575,61.7334],[30.852,61.775],[30.8882,61.7648],[30.8959,61.7544],[30.9057,61.7422],[31.0259,61.7144],[31.0567,61.6892],[31.0711,61.6451],[31.0984,61.6204],[31.1606,61.6187],[31.1723,61.6298],[31.2382,61.643],[31.2575,61.6411],[31.2859,61.6152],[31.3081,61.605],[31.3278,61.6166],[31.3341,61.6274],[31.3648,61.6274],[31.4861,61.5508],[31.5332,61.4974],[31.5758,61.4372],[31.6036,61.4226],[31.6197,61.427],[31.6165,61.4425],[31.6204,61.4611],[31.6369,61.4627],[31.6979,61.4155],[31.7623,61.3837],[31.8707,61.3474],[31.8986,61.324],[32.3596,61.1805],[32.5269,61.1175],[32.5634,61.0794],[32.5812,61.0449],[32.5806,61.0139],[32.5926,60.9976],[32.6334,60.9867],[32.6407,60.9691],[32.7654,60.886],[32.8078,60.8264],[32.8119,60.7565],[32.8436,60.7122],[32.903,60.6935],[32.9365,60.6703],[32.9443,60.6426],[32.9069,60.5859],[32.8414,60.497],[32.8157,60.4819],[32.7818,60.4882],[32.7221,60.5211],[32.6417,60.5369],[32.5999,60.5335],[32.5965,60.5111],[32.6179,60.4756],[32.664,60.4271],[32.6767,60.3924],[32.6559,60.3717],[32.5949,60.3546],[32.5902,60.3302],[32.6144,60.2858],[32.6123,60.2454],[32.5839,60.2089],[32.5004,60.1765],[32.3615,60.1481],[32.2602,60.1543],[32.1961,60.1954],[32.0571,60.2265],[31.8433,60.2479],[31.6994,60.2356],[31.5989,60.1696],[31.5906,60.1556],[31.5969,60.1438],[31.6059,60.1423],[31.6064,60.1336],[31.5482,60.0719],[31.5409,60.0345],[31.565,59.998],[31.5672,59.9666],[31.5472,59.9401],[31.5098,59.9204],[31.4548,59.9072],[31.4014,59.9113],[31.3493,59.9328],[31.2744,59.9376],[31.1764,59.9258],[31.1062,59.9277],[31.064,59.9432],[31.0428,59.951],[31.0632,59.9629],[31.1453,60.0055],[31.1429,60.0317],[31.106,60.0563],[31.0951,60.0837],[31.1149,60.1349],[31.109,60.1464],[31.0189,60.1929],[30.9568,60.2636],[30.8491,60.4426],[30.8321,60.4575],[30.8169,60.4588],[30.8033,60.4466],[30.776,60.4481],[30.7742,60.4921],[30.7586,60.5245],[30.7237,60.5618],[30.6633,60.5928],[30.5339,60.6301],[30.5239,60.6546],[30.504,60.7036],[30.5045,60.7316],[30.5254,60.7389],[30.5332,60.7655],[30.5279,60.8117],[30.5021,60.8432],[30.4559,60.86],[30.4412,60.8736],[30.4358,60.9027],[30.4087,60.928],[30.2927,61.0051],[30.1249,61.0874],[29.8572,61.188],[29.825,61.2156],[29.8367,61.2261]]]}},{"type":"Feature","properties":{"name":"Lake Albert","scalerank":0},"geometry":{"type":"Polygon","coordinates":[[[31.4716,2.3854],[31.3955,2.2804],[31.384,2.2606],[31.3874,2.2002],[31.3998,1.8955],[31.3874,1.8569],[31.3686,1.8365],[31.3435,1.834],[31.3221,1.8026],[31.3046,1.7422],[31.2679,1.6875],[31.1658,1.6055],[31.1293,1.5878],[31.0398,1.5636],[31.0142,1.5464],[30.9691,1.5271],[30.8927,1.4481],[30.7849,1.3092],[30.7269,1.2235],[30.7186,1.1911],[30.5938,1.0413],[30.5688,1.0286],[30.5393,1.0215],[30.5073,1.0405],[30.5008,1.0496],[30.5039,1.1207],[30.4921,1.1729],[30.4916,1.2032],[30.5024,1.2117],[30.4946,1.2297],[30.4778,1.2388],[30.4684,1.2575],[30.4495,1.2592],[30.4141,1.2547],[30.3996,1.2561],[30.3874,1.297],[30.4413,1.3818],[30.4795,1.4665],[30.5293,1.5324],[30.5906,1.5794],[30.674,1.6761],[30.7143,1.7023],[30.868,1.8589],[30.9355,1.9153],[30.9817,1.9324],[31.1789,2.0729],[31.259,2.1533],[31.3031,2.2259],[31.3442,2.2909],[31.4311,2.3879],[31.4748,2.4007],[31.4716,2.3854],[31.4716,2.3854],[31.4716,2.3854]]]}},{"type":"Feature","properties":{"name":"Lake Erie","scalerank":0},"geometry":{"type":"Polygon","coordinates":[[[-83.1048,42.2864],[-83.0765,42.2755],[-83.1045,42.2152],[-83.1172,42.1198],[-83.1079,42.071],[-83.0612,42.0502],[-82.9366,42.0064],[-82.8338,41.9972],[-82.69,42.0359],[-82.6451,42.0373],[-82.6042,42.0252],[-82.5672,42.0],[-82.5115,41.9322],[-82.496,41.944],[-82.4898,42.0046],[-82.4618,42.0577],[-82.4119,42.1032],[-82.3114,42.1583],[-82.1602,42.2228],[-82.0444,42.2572],[-81.9379,42.2689],[-81.9293,42.2792],[-81.8745,42.315],[-81.8659,42.3081],[-81.8867,42.2736],[-81.887,42.257],[-81.8668,42.2584],[-81.8408,42.2955],[-81.809,42.3684],[-81.7299,42.4466],[-81.4949,42.5912],[-81.4044,42.63],[-81.2525,42.6538],[-81.0392,42.6625],[-80.8272,42.6432],[-80.6166,42.5958],[-80.473,42.5739],[-80.3966,42.5774],[-80.0938,42.5464],[-80.0621,42.5541],[-80.1048,42.5715],[-80.3049,42.5897],[-80.3678,42.6079],[-80.446,42.6042],[-80.4512,42.6135],[-80.3956,42.6759],[-80.3647,42.6831],[-80.3258,42.7074],[-80.2858,42.7385],[-80.2205,42.7744],[-80.0995,42.8023],[-79.9229,42.8224],[-79.7466,42.8584],[-79.6987,42.8616],[-79.6615,42.8506],[-79.5938,42.854],[-79.3859,42.8807],[-79.264,42.8803],[-79.1759,42.8726],[-79.1219,42.8575],[-79.0569,42.8623],[-78.9364,42.9072],[-78.9224,42.9238],[-78.9471,42.9516],[-79.0105,42.9905],[-79.0397,43.0213],[-79.0345,43.0439],[-79.0429,43.0636],[-79.0732,43.0931],[-79.0661,43.1061],[-78.9082,43.0703],[-78.8947,43.0578],[-78.9001,43.0335],[-78.9001,43.0335],[-78.9001,43.0335],[-78.9001,43.0335],[-78.9001,43.0335],[-78.9001,43.0335],[-78.9243,42.9975],[-78.9197,42.9482],[-78.8862,42.8856],[-78.8723,42.8359],[-78.8778,42.7991],[-78.9183,42.7641],[-78.9936,42.7307],[-79.0625,42.6798],[-79.125,42.6112],[-79.2092,42.5552],[-79.3154,42.5116],[-79.4164,42.4569],[-79.5123,42.391],[-79.7041,42.3001],[-80.0762,42.146],[-80.1247,42.1283],[-80.1682,42.109],[-80.252,42.0753],[-80.3345,42.0408],[-80.8692,41.8933],[-81.2286,41.7704],[-81.4471,41.6715],[-81.6372,41.5484],[-81.7232,41.5109],[-81.8175,41.5009],[-81.9663,41.5077],[-82.1213,41.493],[-82.2825,41.4568],[-82.3869,41.4275],[-82.4344,41.4049],[-82.4803,41.3981],[-82.5244,41.407],[-82.6426,41.4669],[-82.6515,41.4625],[-82.6735,41.4537],[-82.7431,41.4641],[-82.8223,41.4652],[-82.8911,41.4433],[-82.9596,41.4397],[-83.0275,41.4545],[-82.9707,41.4757],[-82.7,41.5213],[-82.7031,41.5295],[-82.8008,41.5557],[-82.8308,41.5797],[-82.8555,41.5778],[-82.8749,41.5501],[-82.9108,41.5382],[-82.9633,41.5419],[-83.016,41.5628],[-83.0691,41.6006],[-83.2426,41.6619],[-83.2907,41.6933],[-83.3522,41.714],[-83.443,41.7249],[-83.4562,41.7425],[-83.4412,41.7662],[-83.3621,41.8799],[-83.3162,41.9233],[-83.2972,41.9351],[-83.2725,41.9346],[-83.2618,41.9464],[-83.2652,41.9706],[-83.2556,41.9856],[-83.2048,42.0271],[-83.1766,42.0489],[-83.1884,42.0834],[-83.1752,42.1463],[-83.1421,42.2276],[-83.1048,42.2864]],[[-78.9903,42.9916],[-78.9903,42.9916],[-78.9903,42.9916],[-78.9903,42.9916],[-78.9605,42.9882],[-78.9299,43.0225],[-78.9139,43.0423],[-78.9162,43.0532],[-78.988,43.0635],[-79.0142,43.0515],[-79.0194,43.0242],[-79.012,43.0027],[-78.9903,42.9916]],[[-82.6382,41.7469],[-82.6382,41.7469],[-82.6382,41.7469],[-82.6382,41.7469],[-82.6272,41.7711],[-82.6429,41.8154],[-82.6544,41.8274],[-82.6744,41.8061],[-82.6854,41.7571],[-82.6845,41.7358],[-82.6382,41.7469]]]}},{"type":"Feature","properties":{"name":"Lake Chad","scalerank":0},"geometry":{"type":"Polygon","coordinates":[[[14.7423,13.078],[14.7428,13.0624],[14.716,13.0466],[14.6943,13.0236],[14.6855,12.9931],[14.6606,12.9824],[14.6196,12.9916],[14.5922,12.9899],[14.5162,12.9797],[14.4748,12.9518],[14.4066,12.8992],[14.3466,12.8768],[14.2947,12.8845],[14.275,12.9029],[14.2589,12.9861],[14.259,13.0043],[14.2822,13.0145],[14.2889,13.0292],[14.3071,13.0654],[14.3107,13.082],[14.3118,13.0871],[14.3304,13.1164],[14.3304,13.135],[14.3424,13.1621],[14.3696,13.1851],[14.4146,13.2088],[14.496,13.2387],[14.5544,13.2385],[14.5914,13.2137],[14.6531,13.2084],[14.6683,13.1953],[14.7066,13.137],[14.7423,13.078],[14.7423,13.078],[14.7423,13.078]]]}},{"type":"Feature","properties":{"name":"Lake Malawi","scalerank":0},"geometry":{"type":"Polygon","coordinates":[[[35.2602,-14.2774],[35.2602,-14.2774],[35.2602,-14.2774],[35.2602,-14.2774],[35.2837,-14.3651],[35.2734,-14.3907],[35.2576,-14.4027],[35.2362,-14.4013],[35.1931,-14.3527],[35.1297,-14.2888],[35.0479,-14.1767],[35.0138,-14.1572],[34.9584,-14.1483],[34.9473,-14.1345],[34.9419,-14.0708],[34.9299,-14.0416],[34.9057,-14.0211],[34.8813,-14.012],[34.8565,-14.0144],[34.8487,-14.0351],[34.8579,-14.0741],[34.85,-14.1124],[34.8248,-14.1498],[34.8164,-14.1779],[34.8248,-14.1967],[34.8193,-14.2166],[34.7698,-14.2545],[34.7295,-14.268],[34.7065,-14.262],[34.7012,-14.2366],[34.678,-14.2144],[34.6372,-14.1949],[34.6003,-14.1588],[34.5674,-14.1057],[34.5468,-14.0477],[34.5383,-13.9846],[34.5462,-13.9381],[34.5705,-13.9081],[34.5957,-13.8457],[34.6216,-13.7509],[34.6053,-13.6689],[34.5467,-13.5998],[34.4976,-13.5675],[34.4579,-13.572],[34.4098,-13.5296],[34.3209,-13.3794],[34.3129,-13.3464],[34.3187,-13.3084],[34.3382,-13.2654],[34.3438,-13.1581],[34.33,-12.9445],[34.3195,-12.9215],[34.2994,-12.8569],[34.2755,-12.8245],[34.2667,-12.7908],[34.2728,-12.7557],[34.2627,-12.7298],[34.2363,-12.7131],[34.2139,-12.684],[34.1956,-12.6425],[34.1969,-12.4808],[34.1797,-12.4249],[34.1497,-12.3929],[34.1068,-12.3845],[34.0739,-12.3529],[34.0372,-12.2498],[34.0325,-12.2086],[34.0592,-12.0485],[34.1005,-11.9765],[34.1637,-11.9254],[34.1941,-11.8801],[34.1918,-11.8402],[34.2219,-11.7884],[34.318,-11.6792],[34.3227,-11.653],[34.2893,-11.4252],[34.2618,-11.3116],[34.2305,-11.2277],[34.2236,-11.1673],[34.2411,-11.1307],[34.2447,-11.0992],[34.2344,-11.0733],[34.2025,-10.6137],[34.1896,-10.5896],[34.1947,-10.5665],[34.218,-10.5442],[34.2289,-10.5168],[34.2273,-10.4846],[34.2377,-10.4614],[34.26,-10.4476],[34.2484,-10.4002],[34.2035,-10.3194],[34.1553,-10.256],[34.0572,-10.1573],[34.0159,-10.0983],[33.9846,-10.0241],[33.9412,-9.874],[33.9187,-9.8428],[33.9066,-9.8018],[33.9051,-9.751],[33.9159,-9.7125],[33.9537,-9.6582],[33.9594,-9.6273],[33.9496,-9.5653],[33.9621,-9.5317],[33.9956,-9.4954],[34.0886,-9.5378],[34.3209,-9.7315],[34.3278,-9.7565],[34.476,-9.9488],[34.5242,-10.0302],[34.5242,-10.0731],[34.5699,-10.2411],[34.58,-10.3198],[34.5697,-10.3797],[34.5716,-10.4276],[34.5896,-10.4962],[34.5836,-10.5251],[34.6365,-10.6256],[34.6618,-10.7101],[34.6671,-10.7925],[34.6523,-10.8729],[34.6057,-10.9902],[34.5977,-11.0375],[34.6079,-11.0805],[34.6381,-11.1271],[34.6885,-11.1774],[34.7265,-11.2382],[34.7521,-11.3095],[34.7738,-11.3417],[34.8009,-11.3409],[34.8506,-11.352],[34.8906,-11.3936],[34.937,-11.4635],[34.9592,-11.5772],[34.9569,-11.7348],[34.9343,-11.8709],[34.891,-11.9854],[34.8568,-12.0477],[34.8319,-12.0578],[34.7883,-12.0941],[34.7261,-12.1566],[34.7002,-12.2001],[34.7106,-12.2244],[34.7142,-12.2792],[34.7109,-12.3645],[34.7024,-12.4028],[34.6938,-12.4224],[34.7912,-12.643],[34.8076,-12.7666],[34.7725,-12.8701],[34.77,-12.9626],[34.8005,-13.044],[34.8104,-13.1424],[34.7998,-13.2578],[34.8116,-13.3323],[34.8458,-13.366],[34.8615,-13.4604],[34.8587,-13.6156],[34.8676,-13.7012],[34.8883,-13.717],[35.0301,-13.73],[35.056,-13.743],[35.0971,-13.825],[35.1804,-14.0641],[35.1779,-14.0885],[35.2602,-14.2774]],[[34.6218,-12.0666],[34.6218,-12.0666],[34.6218,-12.0666],[34.6218,-12.0666],[34.6416,-12.0137],[34.6242,-11.9848],[34.5914,-11.9711],[34.554,-11.9822],[34.5416,-12.0187],[34.5805,-12.0658],[34.6218,-12.0666]],[[34.6621,-12.1008],[34.6621,-12.1008],[34.6621,-12.1008],[34.6621,-12.1008],[34.6842,-12.1187],[34.7193,-12.1106],[34.746,-12.0884],[34.7563,-12.0591],[34.756,-12.0308],[34.739,-12.0131],[34.7149,-12.0027],[34.6799,-12.0089],[34.6675,-12.0476],[34.6621,-12.1008]]]}},{"type":"Feature","properties":{"name":"Lake Victoria","scalerank":0},"geometry":{"type":"Polygon","coordinates":[[[34.7176,-0.0917],[34.7176,-0.0917],[34.7176,-0.0917],[34.8133,-0.2757],[34.7981,-0.2964],[34.7033,-0.3249],[34.5766,-0.3297],[34.4778,-0.3533],[34.4583,-0.3689],[34.4751,-0.4644],[34.4563,-0.4951],[34.4248,-0.5021],[34.3757,-0.4588],[34.3285,-0.4594],[34.2754,-0.445],[34.2172,-0.4415],[34.1748,-0.4701],[34.0793,-0.5795],[34.0601,-0.6449],[34.0683,-0.7248],[34.1058,-0.7981],[34.1628,-0.8792],[34.144,-0.9398],[34.1213,-0.9747],[34.0701,-0.9975],[34.0632,-1.0337],[33.9316,-1.1878],[33.9027,-1.247],[33.9069,-1.2781],[33.9518,-1.3209],[33.942,-1.3396],[33.8436,-1.3421],[33.8285,-1.3633],[33.8287,-1.3901],[33.8155,-1.4057],[33.8217,-1.4246],[33.9153,-1.495],[33.9209,-1.5138],[33.8892,-1.5127],[33.7905,-1.4854],[33.7303,-1.4801],[33.6855,-1.4881],[33.6679,-1.5061],[33.6459,-1.5709],[33.667,-1.604],[33.6752,-1.6385],[33.6016,-1.6908],[33.5927,-1.7611],[33.5464,-1.7996],[33.4887,-1.8222],[33.4017,-1.8117],[33.3659,-1.83],[33.3312,-1.8645],[33.2979,-1.9219],[33.4504,-1.9152],[33.4775,-1.9278],[33.4908,-1.9528],[33.5206,-1.9797],[33.524,-1.9964],[33.4123,-1.9975],[33.3742,-2.0324],[33.3002,-2.0232],[33.2326,-2.0716],[33.2264,-2.0959],[33.276,-2.124],[33.5172,-2.162],[33.5846,-2.1676],[33.7527,-2.1113],[33.7943,-2.1233],[33.8096,-2.1571],[33.809,-2.1922],[33.7673,-2.238],[33.5938,-2.3575],[33.5104,-2.4299],[33.4323,-2.4596],[33.4423,-2.5024],[33.4374,-2.522],[33.4156,-2.5312],[33.2102,-2.4889],[33.0672,-2.4104],[32.9988,-2.4018],[32.9449,-2.4205],[32.9079,-2.4494],[32.8923,-2.4842],[32.8842,-2.6641],[32.9475,-2.8183],[32.9627,-2.8486],[32.8922,-2.8618],[32.7799,-2.9714],[32.7602,-2.9849],[32.7734,-2.9104],[32.7645,-2.8671],[32.8476,-2.7974],[32.8619,-2.7573],[32.8141,-2.6469],[32.8242,-2.5436],[32.8107,-2.515],[32.7514,-2.5137],[32.7027,-2.5017],[32.6854,-2.4909],[32.6714,-2.4557],[32.6436,-2.4388],[32.5481,-2.5077],[32.5354,-2.494],[32.5354,-2.4622],[32.5213,-2.4535],[32.4398,-2.4443],[32.3916,-2.4225],[32.3569,-2.3939],[32.3195,-2.3039],[32.2831,-2.2824],[32.2402,-2.283],[32.2106,-2.3096],[32.1736,-2.366],[32.1145,-2.3771],[32.0963,-2.394],[32.1405,-2.4861],[32.1504,-2.525],[32.1303,-2.537],[32.0308,-2.5162],[31.9861,-2.5467],[31.9687,-2.6083],[31.9789,-2.6769],[32.0034,-2.7566],[31.9705,-2.7517],[31.9177,-2.6739],[31.898,-2.6806],[31.8849,-2.7004],[31.8482,-2.7052],[31.8189,-2.7979],[31.8015,-2.7907],[31.784,-2.7499],[31.7816,-2.6932],[31.8149,-2.6209],[31.7697,-2.5971],[31.7428,-2.5665],[31.7354,-2.5297],[31.7859,-2.4654],[31.7812,-2.4396],[31.7667,-2.3987],[31.7389,-2.3566],[31.7018,-2.3278],[31.675,-2.2769],[31.6753,-2.0797],[31.6638,-2.0162],[31.6643,-1.9319],[31.7633,-1.4917],[31.8107,-1.4186],[31.8259,-1.359],[31.8651,-1.0918],[31.8607,-1.0437],[31.849,-1.0165],[31.8289,-1.0129],[31.8044,-1.0217],[31.7827,-1.01],[31.7676,-0.9357],[31.7557,-0.8877],[31.732,-0.8372],[31.7229,-0.79],[31.8182,-0.5685],[31.8669,-0.4809],[31.9941,-0.3211],[32.0007,-0.2549],[31.9757,-0.2116],[31.9402,-0.1804],[31.9335,-0.1584],[31.9502,-0.1319],[32.0325,-0.0905],[32.0553,-0.0565],[32.1594,-0.0397],[32.2092,0.0087],[32.258,-0.005],[32.2866,0.0206],[32.3511,0.0146],[32.3839,0.0661],[32.4135,0.0894],[32.4377,0.0928],[32.449,0.056],[32.4861,0.0527],[32.5329,0.0697],[32.5643,0.0989],[32.5877,0.1933],[32.6152,0.2351],[32.6471,0.2528],[32.6807,0.1895],[32.7114,0.1794],[32.6764,0.1371],[32.6709,0.1172],[32.6917,0.108],[32.7348,0.1084],[32.7794,0.1188],[32.8525,0.1693],[32.8786,0.1688],[32.8953,0.1124],[32.915,0.0955],[32.958,0.1078],[33.0213,0.1466],[33.0699,0.1934],[33.0765,0.239],[33.1372,0.2521],[33.2011,0.3878],[33.1873,0.4282],[33.2451,0.4512],[33.2727,0.4625],[33.3116,0.4515],[33.3641,0.472],[33.3678,0.4527],[33.332,0.3687],[33.3537,0.3493],[33.4613,0.334],[33.4843,0.3149],[33.4849,0.2933],[33.4413,0.2708],[33.4477,0.2443],[33.4832,0.2181],[33.5326,0.2066],[33.5803,0.2222],[33.6398,0.3005],[33.6804,0.3162],[33.7129,0.3084],[33.7283,0.2303],[33.7445,0.2077],[33.8608,0.1854],[33.9448,0.2176],[33.9745,0.2134],[33.9736,0.0887],[33.982,0.0247],[34.0029,-0.0242],[34.0287,-0.0625],[34.0592,-0.0807],[34.1152,-0.0795],[34.1252,-0.091],[34.1075,-0.1334],[34.1172,-0.1635],[34.2256,-0.2592],[34.2847,-0.3503],[34.31,-0.3561],[34.334,-0.3373],[34.3533,-0.3138],[34.3699,-0.2434],[34.4195,-0.1962],[34.5381,-0.1437],[34.7176,-0.0917]],[[32.0542,-2.3283],[32.0542,-2.3283],[32.0542,-2.3283],[32.0601,-2.2653],[32.0445,-2.2426],[31.9745,-2.2656],[31.8999,-2.2842],[31.8756,-2.2644],[31.8403,-2.2156],[31.8183,-2.1916],[31.7908,-2.2341],[31.7827,-2.3208],[31.8426,-2.3812],[31.8483,-2.4545],[31.8999,-2.443],[31.9175,-2.3724],[31.966,-2.3657],[32.0375,-2.3511],[32.0542,-2.3283]],[[32.2979,-0.3916],[32.2979,-0.3916],[32.2979,-0.3916],[32.3191,-0.3375],[32.2689,-0.2903],[32.1937,-0.3321],[32.1793,-0.3105],[32.1822,-0.2354],[32.1475,-0.2324],[32.086,-0.2314],[32.0647,-0.2544],[32.0809,-0.2903],[32.1042,-0.3222],[32.1301,-0.3366],[32.2082,-0.3627],[32.2054,-0.3974],[32.1662,-0.442],[32.1445,-0.487],[32.1323,-0.5254],[32.2719,-0.4725],[32.2979,-0.3916]],[[33.1748,-2.1593],[33.1748,-2.1593],[33.1748,-2.1593],[33.1829,-2.116],[33.1404,-2.0691],[33.1201,-2.0113],[33.0972,-1.9654],[33.0273,-1.9734],[32.9716,-1.9732],[32.9486,-1.9017],[32.8843,-1.9045],[32.8299,-1.9375],[32.8471,-1.9789],[32.8514,-2.0605],[32.8986,-2.0849],[32.9887,-2.105],[33.0589,-2.135],[33.1247,-2.1578],[33.1748,-2.1593]],[[33.3723,0.216],[33.3723,0.216],[33.3723,0.216],[33.3885,0.2723],[33.3177,0.2979],[33.2238,0.2768],[33.2209,0.2334],[33.218,0.1899],[33.1804,0.1755],[33.1843,0.15],[33.2643,0.1437],[33.2729,0.1205],[33.3394,0.08],[33.3251,0.1416],[33.317,0.1842],[33.3723,0.216]]]}},{"type":"Feature","properties":{"name":"Lake Baikal","scalerank":0},"geometry":{"type":"Polygon","coordinates":[[[109.8639,55.539],[109.8639,55.539],[109.8639,55.539],[109.8572,55.4456],[109.8246,55.4019],[109.7905,55.3297],[109.7812,55.2797],[109.75,55.1854],[109.7439,55.1396],[109.7682,55.0828],[109.7648,55.0396],[109.7158,54.9316],[109.7022,54.9018],[109.6836,54.85],[109.6456,54.8072],[109.6326,54.7718],[109.607,54.6761],[109.5441,54.6291],[109.5234,54.5586],[109.4897,54.3804],[109.4957,54.2621],[109.5537,54.174],[109.5559,54.1538],[109.5379,54.1162],[109.5001,54.0614],[109.426,53.9978],[109.2438,53.8686],[109.2105,53.8277],[109.1982,53.7926],[109.2044,53.737],[109.2038,53.6785],[109.1994,53.66],[109.1776,53.6376],[109.0304,53.639],[109.0089,53.6678],[109.0343,53.7598],[109.0605,53.8044],[109.0607,53.831],[109.033,53.8583],[108.9941,53.8687],[108.9437,53.8624],[108.891,53.8419],[108.8359,53.8073],[108.6186,53.5824],[108.5321,53.5134],[108.5446,53.5076],[108.6457,53.5483],[108.7322,53.5708],[108.8419,53.5865],[108.9206,53.5656],[108.9685,53.5078],[108.9891,53.4503],[108.9823,53.3933],[108.9311,53.3444],[108.7677,53.2813],[108.7287,53.278],[108.7027,53.2835],[108.6762,53.3039],[108.6612,53.3017],[108.392,53.1633],[108.3022,53.1094],[108.2973,53.0933],[108.3299,53.0562],[108.3348,53.0375],[108.2878,52.989],[108.234,52.9457],[108.007,52.837],[107.9477,52.7803],[107.7631,52.7139],[107.6744,52.7014],[107.5785,52.7012],[107.3866,52.6479],[107.0988,52.5416],[106.9382,52.4746],[106.9046,52.4466],[106.8431,52.3563],[106.8061,52.3285],[106.752,52.3165],[106.693,52.3377],[106.5991,52.3705],[106.4973,52.3831],[106.3902,52.3545],[106.3139,52.3231],[106.2691,52.282],[106.258,52.2307],[106.2807,52.1691],[106.2606,52.103],[106.1865,51.9564],[106.1338,51.9159],[106.0651,51.8627],[105.9674,51.7742],[105.7977,51.7011],[105.4351,51.6145],[105.0648,51.5572],[104.9029,51.522],[104.8262,51.4898],[104.6552,51.4823],[104.39,51.4997],[104.1564,51.5354],[103.8174,51.634],[103.7449,51.6686],[103.7134,51.6942],[103.7227,51.7109],[103.7432,51.7224],[103.7907,51.7317],[104.1325,51.7695],[104.3432,51.7828],[104.5365,51.7841],[104.6625,51.8061],[104.721,51.8488],[104.812,51.8702],[104.8669,51.8702],[104.9354,51.8702],[105.0532,51.8821],[105.1651,51.9059],[105.2427,51.9382],[105.2857,51.9788],[105.3445,52.0094],[105.4188,52.0302],[105.5696,52.1084],[105.6916,52.2162],[105.8598,52.3867],[106.06,52.5119],[106.2925,52.5919],[106.4516,52.6565],[106.5374,52.7059],[106.5785,52.7417],[106.7017,52.832],[106.7574,52.8693],[106.7833,52.906],[106.881,52.9731],[106.8973,53.0027],[106.8732,53.0294],[106.7736,53.0223],[106.7804,53.0446],[106.852,53.1029],[107.0719,53.2413],[107.232,53.3163],[107.5347,53.439],[107.5472,53.4526],[107.551,53.5021],[107.5758,53.5479],[107.627,53.611],[107.7893,53.7115],[108.0624,53.8492],[108.2235,53.9761],[108.2754,54.0364],[108.2977,54.0783],[108.3618,54.1731],[108.4081,54.2099],[108.4729,54.2768],[108.5189,54.3498],[108.5464,54.4289],[108.5928,54.4925],[108.7226,54.6005],[108.7857,54.6723],[108.8271,54.7387],[108.8469,54.7996],[108.882,54.8526],[108.9325,54.8978],[108.9441,54.9306],[108.9169,54.951],[108.9531,54.9834],[109.0527,55.0276],[109.1102,55.0992],[109.1711,55.1937],[109.1977,55.2614],[109.2133,55.4054],[109.1906,55.4637],[109.1935,55.5356],[109.2387,55.5747],[109.3135,55.6079],[109.507,55.7309],[109.5756,55.7715],[109.6672,55.7786],[109.7604,55.7735],[109.847,55.7546],[109.9554,55.6722],[109.8607,55.5748],[109.8639,55.539]],[[107.7668,53.267],[107.7668,53.267],[107.7668,53.267],[107.7953,53.393],[107.7444,53.3991],[107.5841,53.2833],[107.3525,53.2102],[107.0905,53.133],[106.995,53.1066],[106.9604,53.0782],[106.9625,53.0233],[107.3139,53.068],[107.4378,53.1025],[107.6389,53.2204],[107.7668,53.267]]]}},{"type":"Feature","properties":{"name":"Lake Winnipeg","scalerank":0},"geometry":{"type":"Polygon","coordinates":[[[-96.3726,50.7292],[-96.3726,50.7292],[-96.3585,50.6912],[-96.2944,50.6239],[-96.3917,50.6285],[-96.4521,50.6558],[-96.5418,50.7279],[-96.5663,50.6953],[-96.5875,50.6636],[-96.5943,50.5992],[-96.6076,50.5522],[-96.5764,50.468],[-96.5958,50.4418],[-96.6832,50.3979],[-96.7612,50.3979],[-96.8656,50.4185],[-96.9307,50.4612],[-96.9618,50.5699],[-96.9764,50.6436],[-96.9833,50.683],[-96.956,50.7974],[-96.9535,50.8438],[-96.9666,50.9274],[-96.9383,51.0601],[-96.9265,51.0825],[-96.8406,51.1282],[-96.8325,51.1574],[-96.7744,51.2208],[-96.6926,51.2553],[-96.6268,51.3244],[-96.631,51.3431],[-96.7075,51.3636],[-96.7254,51.366],[-96.9082,51.2056],[-96.9373,51.1927],[-96.9795,51.2041],[-96.9815,51.2509],[-96.9138,51.3314],[-96.7421,51.5545],[-96.7365,51.5934],[-96.7506,51.6123],[-96.7847,51.6113],[-96.7967,51.6255],[-96.8167,51.6763],[-96.8262,51.7104],[-96.8438,51.7221],[-96.8805,51.7242],[-97.0647,51.6651],[-97.1063,51.642],[-97.1271,51.6075],[-97.1245,51.5363],[-97.141,51.5021],[-97.22,51.4501],[-97.2528,51.4436],[-97.2759,51.4914],[-97.2895,51.5935],[-97.2774,51.6851],[-97.24,51.7664],[-97.2498,51.8651],[-97.3068,51.9814],[-97.3567,52.0397],[-97.4458,52.0273],[-97.496,52.0008],[-97.5501,51.9246],[-97.573,51.9239],[-97.6,51.9876],[-97.5258,52.0614],[-97.4949,52.1078],[-97.4967,52.1328],[-97.5312,52.1365],[-97.6799,52.1375],[-97.7428,52.1354],[-97.774,52.109],[-97.7288,52.0882],[-97.7355,52.0451],[-97.7924,51.9145],[-97.8234,51.8892],[-97.9626,51.9271],[-98.0363,51.9813],[-98.0445,52.0517],[-98.0708,52.0997],[-98.1393,52.1624],[-98.143,52.2105],[-98.188,52.2802],[-98.4288,52.3818],[-98.4539,52.4157],[-98.4691,52.4861],[-98.5531,52.5564],[-98.809,52.725],[-98.8263,52.7666],[-98.82,52.783],[-98.8958,52.8563],[-98.9039,52.9006],[-98.895,52.9158],[-98.7726,52.9647],[-98.5014,53.0179],[-98.4598,53.0436],[-98.5247,53.0651],[-98.696,53.0824],[-98.7956,53.0765],[-98.9033,53.0603],[-98.9902,53.0478],[-99.0501,53.0729],[-99.1864,53.175],[-99.2296,53.1851],[-99.24,53.2098],[-99.2016,53.3527],[-99.0851,53.4801],[-99.0424,53.5569],[-98.9941,53.6766],[-98.9827,53.7183],[-99.001,53.7536],[-98.9293,53.8674],[-98.8109,53.897],[-98.7311,53.8769],[-98.6135,53.8427],[-98.4558,53.8524],[-98.2994,53.8343],[-98.0088,53.71],[-97.9634,53.6952],[-97.9095,53.7002],[-97.8997,53.7384],[-98.0756,53.8227],[-98.2038,53.8739],[-98.2608,53.9125],[-98.2992,53.9655],[-98.2969,54.0177],[-98.254,54.0691],[-98.174,54.2182],[-98.021,54.4099],[-98.0026,54.4125],[-97.932,54.375],[-97.932,54.3526],[-97.9898,54.3216],[-97.9827,54.3159],[-97.8436,54.3167],[-97.8204,54.3004],[-97.8642,54.2655],[-98.0835,54.202],[-98.1715,54.0793],[-98.213,54.0253],[-98.1923,53.9937],[-98.061,53.9309],[-98.046,53.9395],[-98.0329,53.9771],[-98.0008,54.0018],[-97.9403,54.0287],[-97.8112,54.0415],[-97.7341,54.0809],[-97.7286,54.0603],[-97.7617,54.0134],[-97.9717,53.9796],[-97.9774,53.9695],[-97.9375,53.8902],[-97.8319,53.7355],[-97.8196,53.6945],[-97.8283,53.6413],[-97.7907,53.5814],[-97.707,53.5148],[-97.6523,53.4005],[-97.5817,53.2911],[-97.475,53.2012],[-97.4369,53.1187],[-97.3519,53.0263],[-97.3472,53.006],[-97.3762,52.9804],[-97.424,52.9648],[-97.398,52.8789],[-97.3328,52.784],[-97.1978,52.6729],[-97.1121,52.4775],[-97.0707,52.4126],[-97.0025,52.2694],[-97.0068,52.257],[-97.0186,52.2044],[-96.9862,52.1333],[-96.9577,52.0769],[-96.8589,51.9928],[-96.8347,51.9421],[-96.8537,51.8921],[-96.8442,51.8664],[-96.7694,51.8547],[-96.7067,51.8147],[-96.6894,51.7905],[-96.7062,51.7732],[-96.7573,51.7628],[-96.7224,51.7038],[-96.6015,51.5963],[-96.5506,51.5304],[-96.5462,51.4759],[-96.4952,51.4131],[-96.3443,51.3089],[-96.2903,51.2512],[-96.2881,51.2079],[-96.3375,51.179],[-96.3487,51.1527],[-96.3941,51.0876],[-96.4025,51.0199],[-96.3675,50.8574],[-96.3574,50.7605],[-96.3726,50.7292]],[[-97.9379,52.3183],[-97.9379,52.3183],[-97.887,52.3579],[-97.9436,52.5307],[-97.9946,52.542],[-98.0456,52.4599],[-98.0427,52.3976],[-97.9776,52.3154],[-97.9379,52.3183]],[[-96.6322,51.1484],[-96.6322,51.1484],[-96.5982,51.1881],[-96.7086,51.1994],[-96.737,51.1371],[-96.7823,51.0918],[-96.8418,51.0663],[-96.8446,51.0267],[-96.7625,51.0097],[-96.6803,51.0408],[-96.6322,51.1484]]]}},{"type":"Feature","properties":{"name":"Great Slave Lake","scalerank":0},"geometry":{"type":"Polygon","coordinates":[[[-109.0221,62.8067],[-109.0221,62.8067],[-109.0221,62.8067],[-108.9191,62.7879],[-108.9278,62.7684],[-108.9523,62.7522],[-108.9929,62.7393],[-108.9871,62.7125],[-109.0065,62.6899],[-109.2519,62.5971],[-109.2924,62.6025],[-109.2629,62.6572],[-109.3007,62.7171],[-109.3959,62.7391],[-109.6913,62.7773],[-109.7467,62.7978],[-109.9442,62.8143],[-110.2841,62.8268],[-110.4688,62.8285],[-110.4985,62.8194],[-110.6034,62.8319],[-110.6617,62.8286],[-110.7013,62.8096],[-110.7562,62.7632],[-110.9674,62.7269],[-111.269,62.6612],[-111.2944,62.6341],[-111.2723,62.6166],[-110.8362,62.6656],[-110.5359,62.6596],[-110.5137,62.6696],[-110.4105,62.6851],[-109.8637,62.6733],[-109.7679,62.6676],[-109.7348,62.6495],[-109.8363,62.6069],[-109.9583,62.5761],[-110.1008,62.5572],[-110.1866,62.5538],[-110.2632,62.5711],[-110.3296,62.5693],[-110.4555,62.5424],[-110.5536,62.5376],[-110.7636,62.5456],[-110.7796,62.5376],[-110.6834,62.5155],[-110.6468,62.4822],[-110.6838,62.42],[-110.7048,62.3955],[-110.75,62.3871],[-110.9503,62.4025],[-111.0604,62.3805],[-111.1003,62.3572],[-111.2361,62.3017],[-111.2944,62.2811],[-111.3021,62.2577],[-111.3073,62.2331],[-111.3882,62.1924],[-111.587,62.1294],[-111.5907,62.0981],[-111.6342,62.071],[-111.6377,62.0595],[-111.5094,62.065],[-111.5021,62.0491],[-111.6203,61.95],[-111.8432,61.8574],[-112.0896,61.7363],[-112.2044,61.6453],[-112.208,61.6244],[-112.3289,61.5767],[-112.6759,61.4631],[-112.893,61.4102],[-112.9694,61.3904],[-113.0014,61.4048],[-112.9903,61.4261],[-113.0074,61.449],[-113.0907,61.484],[-113.1482,61.4663],[-113.3587,61.4449],[-113.3984,61.4164],[-113.5151,61.3776],[-113.6018,61.3351],[-113.6766,61.3012],[-113.6986,61.2761],[-113.7044,61.2457],[-113.6819,61.2139],[-113.6914,61.1888],[-113.729,61.1717],[-113.7246,61.1631],[-113.6479,61.1571],[-113.6335,61.1455],[-113.6303,61.1057],[-113.6643,61.0721],[-113.7294,61.0277],[-113.8322,60.9966],[-113.9728,60.9789],[-114.0861,60.982],[-114.1725,61.006],[-114.3376,60.9884],[-114.5814,60.9293],[-114.7265,60.9074],[-114.7729,60.9228],[-114.9127,60.9098],[-115.333,60.8446],[-115.4732,60.8381],[-115.7436,60.8571],[-115.8766,60.8481],[-116.057,60.8683],[-116.4248,60.9531],[-116.5021,60.9939],[-116.5277,61.0293],[-116.6116,61.0175],[-116.6639,61.0211],[-116.7188,61.0386],[-117.089,61.0511],[-117.226,61.0747],[-117.2782,61.0973],[-117.4382,61.1948],[-117.5054,61.2403],[-117.5574,61.2585],[-117.6292,61.2849],[-117.6681,61.3078],[-117.6266,61.3072],[-117.4727,61.2682],[-117.2063,61.1901],[-117.0668,61.1499],[-116.9802,61.1695],[-116.7945,61.2062],[-116.7382,61.2244],[-116.7256,61.2413],[-116.7968,61.2977],[-116.7841,61.3214],[-116.7634,61.3294],[-116.5939,61.324],[-116.5106,61.3089],[-116.4503,61.285],[-116.3666,61.2731],[-116.1985,61.2664],[-116.1213,61.2285],[-115.95,61.1831],[-115.9392,61.1926],[-115.9547,61.2178],[-115.9884,61.2345],[-115.9804,61.2449],[-115.8697,61.2837],[-115.8578,61.3017],[-115.9049,61.3269],[-116.0111,61.3593],[-116.0388,61.3813],[-115.9563,61.4064],[-115.9184,61.4226],[-115.8809,61.4094],[-115.8267,61.4108],[-115.7172,61.4398],[-115.711,61.4497],[-115.7442,61.4679],[-115.7515,61.4813],[-115.7454,61.5113],[-115.7081,61.5678],[-115.679,61.6073],[-115.6577,61.6413],[-115.5706,61.6871],[-115.5657,61.7228],[-115.5569,61.7404],[-115.5083,61.7566],[-115.3374,61.7785],[-115.2145,61.7729],[-115.1973,61.7563],[-115.1901,61.7425],[-115.1623,61.7361],[-114.8976,61.767],[-114.8454,61.7681],[-114.7206,61.8121],[-114.6476,61.8569],[-114.6356,61.8689],[-114.651,61.9229],[-114.6674,61.9349],[-114.7241,61.9365],[-114.7618,61.9562],[-114.7805,61.994],[-114.848,62.0318],[-114.9422,62.0549],[-115.0329,62.0989],[-115.0534,62.1193],[-115.0375,62.1449],[-115.0393,62.1535],[-115.0448,62.1745],[-115.1666,62.2439],[-115.2077,62.2474],[-115.29,62.2371],[-115.3072,62.2543],[-115.2594,62.2991],[-115.2541,62.3291],[-115.2914,62.3447],[-115.309,62.3708],[-115.3069,62.4078],[-115.2944,62.4397],[-115.2712,62.4666],[-115.2889,62.4822],[-115.37,62.4796],[-115.701,62.4853],[-115.7562,62.5389],[-115.792,62.5649],[-115.809,62.5992],[-115.8666,62.6334],[-115.9917,62.6815],[-116.0375,62.7257],[-116.0042,62.7658],[-115.9127,62.7639],[-115.7629,62.7201],[-115.7384,62.6959],[-115.7541,62.6674],[-115.7243,62.6596],[-115.6719,62.6637],[-115.2886,62.6074],[-115.2457,62.5911],[-115.2167,62.5695],[-115.2015,62.5425],[-115.1651,62.5188],[-115.1076,62.4983],[-114.9021,62.466],[-114.7699,62.4118],[-114.7137,62.3762],[-114.6252,62.3587],[-114.4369,62.3729],[-114.3725,62.3884],[-114.3514,62.4079],[-114.3218,62.416],[-114.2839,62.4129],[-114.2271,62.3854],[-114.2247,62.3731],[-114.2468,62.3262],[-114.2245,62.3124],[-114.155,62.2786],[-114.136,62.2767],[-114.0852,62.2834],[-114.0228,62.2681],[-113.8922,62.2059],[-113.8612,62.1757],[-113.7558,62.103],[-113.5743,62.0188],[-113.4931,62.0145],[-113.3088,62.0049],[-113.1139,62.0287],[-113.0375,62.0186],[-113.0047,62.0443],[-112.9234,62.0735],[-112.9064,62.0699],[-112.8915,62.0368],[-112.5293,62.074],[-112.3019,62.1345],[-112.0823,62.2298],[-111.9625,62.2897],[-111.7796,62.3682],[-111.7,62.4201],[-111.6426,62.4961],[-111.5929,62.5412],[-111.5508,62.5555],[-111.5125,62.5953],[-111.4778,62.6605],[-111.3934,62.7219],[-111.2594,62.7793],[-111.081,62.8354],[-110.6727,62.9269],[-110.5246,62.9449],[-110.0559,62.952],[-109.983,62.9438],[-109.8895,62.9242],[-109.7046,62.9109],[-109.638,62.8952],[-109.3485,62.8671],[-109.1845,62.8468],[-109.0462,62.8289],[-109.0221,62.8067]],[[-111.7453,62.0815],[-111.7453,62.0815],[-111.7453,62.0815],[-111.6675,62.1228],[-111.7056,62.1312],[-111.828,62.1129],[-111.9852,62.0302],[-112.0712,61.974],[-112.3061,61.9161],[-112.5245,61.8747],[-112.6965,61.8681],[-112.8751,61.84],[-112.9711,61.8317],[-113.0108,61.8085],[-112.9198,61.7622],[-112.7544,61.7639],[-112.7412,61.7209],[-112.7296,61.6497],[-112.6898,61.6051],[-112.5956,61.5836],[-112.455,61.6051],[-112.3309,61.6497],[-112.2482,61.7556],[-112.1374,61.8367],[-111.9272,61.9161],[-111.7866,62.0021],[-111.7453,62.0815]]]}},{"type":"Feature","properties":{"name":"Lake Ontario","scalerank":0},"geometry":{"type":"Polygon","coordinates":[[[-75.7866,44.4843],[-75.7866,44.4843],[-75.7866,44.4843],[-75.7757,44.4589],[-75.7909,44.4299],[-75.8322,44.3973],[-76.2378,44.1832],[-76.3524,44.1061],[-76.3097,44.0627],[-76.3061,44.0432],[-76.2806,44.0465],[-76.1976,44.0835],[-76.1733,44.0794],[-76.1612,44.0693],[-76.1542,44.0454],[-76.1923,44.0034],[-76.1754,43.9938],[-76.1019,44.0032],[-76.0707,43.9985],[-76.0987,43.967],[-76.1365,43.9466],[-76.1427,43.9269],[-76.1983,43.8745],[-76.2228,43.8638],[-76.2364,43.8709],[-76.2325,43.8945],[-76.2846,43.8692],[-76.2882,43.8487],[-76.2582,43.8291],[-76.2349,43.7988],[-76.2181,43.7578],[-76.2097,43.6703],[-76.1993,43.6531],[-76.195,43.6448],[-76.1999,43.6347],[-76.2048,43.6143],[-76.1936,43.5958],[-76.2026,43.5745],[-76.2318,43.5504],[-76.2896,43.5373],[-76.376,43.5351],[-76.4727,43.5073],[-76.5797,43.4538],[-76.6531,43.405],[-76.6929,43.3609],[-76.7223,43.3426],[-76.7414,43.35],[-76.8853,43.314],[-76.9367,43.2897],[-76.9498,43.2679],[-76.9631,43.2638],[-76.9764,43.2774],[-77.079,43.2877],[-77.2708,43.2945],[-77.4208,43.2877],[-77.5291,43.2674],[-77.6246,43.2791],[-77.7074,43.3229],[-77.8382,43.3571],[-78.175,43.3947],[-78.4575,43.3875],[-78.6895,43.3615],[-79.0532,43.2851],[-79.2134,43.2423],[-79.2914,43.2075],[-79.3375,43.1977],[-79.4015,43.2087],[-79.5279,43.2095],[-79.6384,43.2349],[-79.7278,43.2528],[-79.773,43.3011],[-79.7742,43.3198],[-79.6564,43.4528],[-79.6101,43.5133],[-79.5963,43.5518],[-79.569,43.5783],[-79.4988,43.612],[-79.4801,43.636],[-79.446,43.6471],[-79.3963,43.6454],[-79.3028,43.6897],[-79.1653,43.7799],[-79.0606,43.8352],[-78.9887,43.8555],[-78.7931,43.8763],[-78.6693,43.9024],[-78.5809,43.912],[-78.5278,43.9048],[-78.4459,43.9156],[-78.335,43.9444],[-78.1863,43.9655],[-77.9999,43.9789],[-77.8808,43.9939],[-77.8291,44.0107],[-77.7265,44.0093],[-77.7087,44.0333],[-77.6818,44.0448],[-77.5834,44.0384],[-77.549,44.0248],[-77.5438,44.0145],[-77.5676,44.0077],[-77.554,43.9903],[-77.5029,43.9625],[-77.4207,43.954],[-77.3245,43.9716],[-77.259,43.964],[-77.2756,43.9517],[-77.3106,43.9521],[-77.3148,43.9465],[-77.2894,43.9228],[-77.2672,43.9216],[-77.19,43.9476],[-77.1852,43.9375],[-77.2192,43.8997],[-77.208,43.876],[-77.1512,43.8665],[-77.0545,43.883],[-76.9342,43.9297],[-76.8791,43.9429],[-76.8703,43.9649],[-76.91,43.9649],[-77.0131,43.9565],[-77.0423,43.9428],[-77.0438,43.9519],[-77.024,43.9872],[-76.9302,44.0384],[-76.8884,44.068],[-76.863,44.0999],[-76.8899,44.0993],[-76.9693,44.0663],[-77.0402,44.0486],[-77.1027,44.0463],[-77.117,44.0795],[-77.0832,44.1481],[-77.1153,44.1729],[-77.2715,44.1387],[-77.2898,44.1269],[-77.2903,44.1175],[-77.2729,44.1107],[-77.2749,44.1042],[-77.296,44.0979],[-77.3316,44.1042],[-77.3313,44.119],[-77.314,44.1427],[-77.3327,44.1529],[-77.3807,44.1458],[-77.4458,44.1308],[-77.5857,44.0843],[-77.5844,44.0943],[-77.5472,44.1237],[-77.3981,44.1606],[-77.3257,44.1781],[-77.2796,44.1756],[-77.2508,44.1888],[-77.2253,44.1888],[-77.2033,44.1754],[-77.1478,44.1808],[-77.0587,44.2051],[-77.0205,44.1969],[-77.0331,44.1564],[-77.01,44.1529],[-76.9511,44.1862],[-76.9131,44.1978],[-76.896,44.1875],[-77.0209,44.1331],[-77.0553,44.1064],[-77.0623,44.0912],[-77.0413,44.0711],[-76.9915,44.0741],[-76.787,44.1822],[-76.6877,44.218],[-76.5889,44.2385],[-76.4905,44.2437],[-76.4078,44.2625],[-76.3407,44.2947],[-76.0572,44.3666],[-75.9416,44.4108],[-75.8314,44.49],[-75.8051,44.4947],[-75.7866,44.4843]],[[-76.6875,44.1375],[-76.6875,44.1375],[-76.6875,44.1375],[-76.6396,44.1814],[-76.6426,44.1993],[-76.7607,44.1722],[-76.7994,44.1551],[-76.8095,44.1399],[-76.7867,44.1304],[-76.7311,44.1267],[-76.6875,44.1375]],[[-76.2751,44.0086],[-76.2751,44.0086],[-76.2751,44.0086],[-76.2767,43.9871],[-76.262,43.9901],[-76.2313,44.0178],[-76.2306,44.0285],[-76.2598,44.0224],[-76.2751,44.0086]],[[-76.237,44.2326],[-76.237,44.2326],[-76.237,44.2326],[-76.2271,44.2541],[-76.2792,44.2466],[-76.3288,44.2392],[-76.4305,44.2268],[-76.4515,44.2023],[-76.4834,44.1785],[-76.4918,44.162],[-76.4767,44.1528],[-76.4743,44.1415],[-76.4845,44.1278],[-76.4693,44.1245],[-76.4227,44.1215],[-76.3649,44.1563],[-76.3527,44.1755],[-76.3296,44.2078],[-76.237,44.2326]],[[-76.0806,44.2947],[-76.0806,44.2947],[-76.0806,44.2947],[-76.0754,44.3058],[-76.1191,44.3059],[-76.1452,44.2921],[-76.1503,44.2811],[-76.1427,44.2692],[-76.1112,44.2773],[-76.0806,44.2947]]]}},{"type":"Feature","properties":{"name":"Great Bear Lake","scalerank":0},"geometry":{"type":"Polygon","coordinates":[[[-117.8425,66.4237],[-117.8425,66.4237],[-117.8425,66.4237],[-117.8425,66.4237],[-117.6756,66.4564],[-117.5421,66.4828],[-117.5144,66.4603],[-117.5501,66.4242],[-117.6127,66.3846],[-117.632,66.3655],[-117.6744,66.3361],[-117.6732,66.3],[-117.6799,66.2532],[-117.7278,66.226],[-117.7812,66.2071],[-117.8125,66.1869],[-117.8721,66.1497],[-117.9231,66.1385],[-117.9866,66.1054],[-117.9709,66.0837],[-117.9072,66.0665],[-117.924,66.0436],[-118.0726,66.0359],[-118.116,66.0108],[-118.1336,65.9622],[-118.1991,65.9052],[-118.2092,65.8563],[-118.157,65.8314],[-118.0639,65.831],[-117.8743,65.847],[-117.8463,65.8402],[-117.9009,65.8],[-117.9027,65.7635],[-117.9433,65.7227],[-118.0336,65.6932],[-118.1479,65.682],[-118.2644,65.6695],[-118.3787,65.6637],[-118.3865,65.6798],[-118.4534,65.6834],[-118.5689,65.6439],[-118.7146,65.6937],[-118.8344,65.7549],[-118.9437,65.784],[-119.2762,65.796],[-119.5043,65.7926],[-119.6191,65.7823],[-119.7048,65.7515],[-119.6979,65.7136],[-119.8916,65.6413],[-119.9738,65.6172],[-119.9878,65.5862],[-119.7624,65.4929],[-119.5405,65.4079],[-119.5086,65.3676],[-119.5564,65.3443],[-119.7166,65.3423],[-119.885,65.3249],[-119.9904,65.2671],[-120.0951,65.2032],[-120.1591,65.1757],[-120.4661,65.0727],[-120.8614,64.9559],[-120.9522,64.9354],[-121.0727,64.8996],[-121.1325,64.8614],[-121.2301,64.8265],[-121.3668,64.8336],[-121.4715,64.8795],[-121.48,64.9334],[-121.3974,64.9686],[-121.3195,64.974],[-121.2138,64.9928],[-121.0889,65.004],[-121.0028,65.0383],[-120.9911,65.0821],[-120.5504,65.2894],[-120.4058,65.4114],[-120.3677,65.5088],[-120.3833,65.5572],[-120.4656,65.5848],[-120.6635,65.6052],[-120.9778,65.5528],[-121.1818,65.4959],[-121.3675,65.4347],[-121.5479,65.3638],[-121.5459,65.3423],[-121.569,65.2974],[-121.6057,65.2287],[-121.6117,65.1755],[-121.6155,65.1281],[-121.6152,65.0932],[-121.6631,65.0735],[-121.7271,65.0605],[-121.77,65.0374],[-121.9286,64.9958],[-122.0399,64.9613],[-122.5577,65.0232],[-122.8913,65.0682],[-123.3709,65.114],[-123.4459,65.1161],[-123.472,65.1518],[-123.4439,65.1846],[-123.3444,65.2],[-123.188,65.2163],[-122.8526,65.2781],[-122.7666,65.3425],[-122.7692,65.4085],[-122.8873,65.487],[-122.7857,65.5314],[-122.5887,65.5881],[-122.3741,65.6566],[-122.2058,65.7526],[-122.1636,65.8175],[-122.5308,65.9437],[-122.5488,65.9862],[-122.3875,66.007],[-122.0673,65.9766],[-121.772,65.9481],[-121.475,65.9569],[-121.2934,66.0014],[-121.2492,66.0542],[-121.2782,66.092],[-121.5327,66.1223],[-121.6953,66.1782],[-122.1104,66.2343],[-122.4362,66.2513],[-122.7445,66.251],[-123.0157,66.2552],[-123.0198,66.2208],[-122.9926,66.1729],[-123.0399,66.126],[-123.0919,66.1001],[-123.0981,66.0728],[-123.1161,66.0537],[-123.1541,66.0641],[-123.1978,66.1037],[-123.3962,66.1354],[-123.5687,66.1392],[-123.7695,66.1255],[-124.0507,66.1302],[-124.2608,66.1573],[-124.4994,66.1531],[-124.5902,66.1096],[-124.5738,66.0557],[-124.5901,66.0157],[-124.6424,66.0067],[-124.6765,66.025],[-124.7321,66.0398],[-124.7852,65.9951],[-124.8167,65.9413],[-124.898,65.9662],[-124.9629,66.0102],[-125.0204,66.0572],[-125.0905,66.1573],[-125.0628,66.2478],[-124.8063,66.2795],[-124.59,66.2739],[-124.5252,66.2762],[-124.4044,66.309],[-123.5596,66.4275],[-123.1768,66.5169],[-123.1464,66.5114],[-123.1434,66.4828],[-123.0882,66.4734],[-122.9871,66.4945],[-122.8444,66.5329],[-122.5288,66.5601],[-122.5226,66.5994],[-122.4114,66.5986],[-122.3443,66.5835],[-121.9804,66.6362],[-121.6063,66.7088],[-121.5283,66.7191],[-121.4548,66.7398],[-121.2334,66.8325],[-120.6921,66.9069],[-120.5926,66.9297],[-120.2234,66.9778],[-120.1027,67.001],[-119.8775,67.0294],[-119.7851,67.0043],[-119.7553,66.9904],[-119.6706,66.9922],[-119.4433,66.966],[-119.2113,66.9332],[-119.097,66.9091],[-119.2524,66.8291],[-119.5679,66.7458],[-119.7621,66.6965],[-119.9927,66.6619],[-120.0845,66.6541],[-120.0949,66.634],[-120.1295,66.6004],[-120.2089,66.5679],[-120.3303,66.5373],[-120.34,66.527],[-120.3137,66.4929],[-120.3251,66.4702],[-120.4111,66.4559],[-120.4779,66.4218],[-120.4454,66.3951],[-120.2303,66.3915],[-120.0165,66.3801],[-119.962,66.3555],[-119.7675,66.3274],[-119.7224,66.3114],[-119.5925,66.3074],[-119.5212,66.3164],[-119.4895,66.3381],[-119.1048,66.3262],[-118.7558,66.3313],[-118.6048,66.3478],[-118.3373,66.3986],[-118.2469,66.4603],[-118.1917,66.5154],[-118.0041,66.6013],[-117.8377,66.6389],[-117.7262,66.6595],[-117.6965,66.6584],[-117.6832,66.6418],[-117.6987,66.6213],[-117.691,66.5958],[-117.7338,66.551],[-117.8412,66.487],[-117.8645,66.4608],[-117.8621,66.4382],[-117.8425,66.4237]]]}},{"type":"Feature","properties":{"name":"Lake Saint Clair","scalerank":0},"geometry":{"type":"Polygon","coordinates":[[[-83.0765,42.2755],[-83.1048,42.2864],[-83.0634,42.3227],[-83.0165,42.3471],[-82.926,42.3755],[-82.902,42.394],[-82.8834,42.4418],[-82.8701,42.519],[-82.841,42.5681],[-82.796,42.5891],[-82.7838,42.6127],[-82.8044,42.6389],[-82.7874,42.6646],[-82.7326,42.6896],[-82.6868,42.6969],[-82.6499,42.6866],[-82.6328,42.661],[-82.63,42.5945],[-82.6391,42.5744],[-82.6451,42.5581],[-82.6339,42.5424],[-82.613,42.5246],[-82.4811,42.4999],[-82.453,42.4955],[-82.4321,42.4978],[-82.4185,42.4723],[-82.4135,42.4111],[-82.428,42.3667],[-82.4619,42.3391],[-82.5157,42.3218],[-82.5895,42.3146],[-82.8673,42.3353],[-82.9706,42.3268],[-83.0136,42.3119],[-83.0467,42.297],[-83.0765,42.2755]]]}},{"type":"Feature","properties":{"name":"V\u00e4nern","scalerank":0},"geometry":{"type":"Polygon","coordinates":[[[14.0384,59.0827],[14.0384,59.0827],[14.0384,59.0827],[14.0384,59.0827],[14.0384,59.0827],[14.0658,59.0972],[14.083,59.0999],[14.0895,59.0916],[14.0908,59.0794],[14.083,59.0643],[14.0717,59.0283],[14.0563,59.0169],[14.0499,59.0122],[14.0387,59.0044],[14.0121,59.0037],[13.9926,58.9864],[13.9952,58.9448],[13.9872,58.8981],[13.9752,58.8654],[13.9541,58.8437],[13.9241,58.8234],[13.8901,58.8005],[13.8593,58.7722],[13.8299,58.7443],[13.7995,58.7224],[13.7373,58.7039],[13.6311,58.6841],[13.5173,58.6633],[13.4366,58.642],[13.3581,58.6171],[13.3003,58.5614],[13.2402,58.5148],[13.1946,58.511],[13.1722,58.5119],[13.1476,58.5214],[13.1365,58.5413],[13.1494,58.5585],[13.1489,58.5734],[13.1482,58.5972],[13.1151,58.6083],[13.0406,58.6043],[12.9521,58.5716],[12.9128,58.5458],[12.8687,58.5038],[12.7983,58.4857],[12.7275,58.4521],[12.6792,58.4205],[12.6497,58.3969],[12.6243,58.3823],[12.602,58.376],[12.5796,58.3721],[12.5619,58.3732],[12.5506,58.3789],[12.5543,58.3944],[12.5727,58.4192],[12.5711,58.4322],[12.5543,58.4298],[12.507,58.3969],[12.375,58.3829],[12.3347,58.3738],[12.3133,58.3953],[12.3293,58.4339],[12.4877,58.5132],[12.6069,58.6171],[12.6113,58.6413],[12.5628,58.6502],[12.5252,58.6612],[12.5037,58.6946],[12.5009,58.7275],[12.4997,58.7645],[12.4713,58.7828],[12.4476,58.7828],[12.4255,58.8015],[12.4321,58.8125],[12.459,58.8174],[12.4738,58.8397],[12.4718,58.8769],[12.464,58.9207],[12.4686,58.9349],[12.4819,58.9306],[12.4973,58.92],[12.5103,58.9012],[12.5199,58.8674],[12.5264,58.8456],[12.5353,58.8321],[12.5571,58.8189],[12.5758,58.8257],[12.5997,58.8456],[12.6184,58.8869],[12.6469,58.9315],[12.6758,58.9867],[12.7084,59.0355],[12.7459,59.0648],[12.7841,59.0762],[12.8184,59.082],[12.8686,59.0727],[12.9453,59.0477],[13.0406,59.0143],[13.0617,58.9773],[13.0881,58.9466],[13.1221,58.9209],[13.1598,58.9051],[13.1951,58.8986],[13.2357,58.9051],[13.2436,58.9305],[13.2211,58.9927],[13.1773,59.0969],[13.1231,59.1975],[13.1033,59.2546],[13.103,59.274],[13.1081,59.2838],[13.1182,59.2955],[13.1301,59.319],[13.1427,59.3423],[13.1549,59.3529],[13.1731,59.3475],[13.1914,59.3246],[13.2179,59.3105],[13.2457,59.3103],[13.2517,59.315],[13.251,59.3245],[13.2489,59.3357],[13.2512,59.345],[13.2611,59.3518],[13.2775,59.3573],[13.3157,59.3612],[13.3782,59.3641],[13.4611,59.37],[13.5483,59.3813],[13.6283,59.3899],[13.6797,59.3897],[13.7197,59.378],[13.7385,59.3595],[13.7439,59.3415],[13.752,59.3312],[13.766,59.3309],[13.8003,59.3371],[13.8301,59.3409],[13.8674,59.3346],[13.9043,59.3277],[13.9333,59.3305],[13.9617,59.334],[13.9971,59.3291],[14.028,59.3201],[14.0455,59.3136],[14.0518,59.3048],[14.0557,59.29],[14.0543,59.2678],[14.0475,59.2412],[14.0273,59.2043],[13.9938,59.1572],[13.9463,59.1129],[13.9306,59.0898],[13.9454,59.0674],[13.9734,59.0658],[14.005,59.0682],[14.0384,59.0827]]]}},{"type":"Feature","properties":{"name":"Lake Okeechobee","scalerank":0},"geometry":{"type":"Polygon","coordinates":[[[-80.6288,26.8871],[-80.668,26.8256],[-80.7107,26.7419],[-80.7426,26.6973],[-80.7841,26.6909],[-80.8268,26.707],[-80.8585,26.7229],[-80.8956,26.7522],[-80.9317,26.8102],[-80.9792,26.8555],[-81.0266,26.8759],[-81.0712,26.9174],[-81.0808,26.9557],[-81.0553,26.9908],[-80.997,27.0334],[-80.9416,27.0768],[-80.8703,27.1471],[-80.8033,27.1822],[-80.7586,27.1822],[-80.7107,27.1328],[-80.6895,27.1101],[-80.6707,27.0866],[-80.6544,27.0537],[-80.6391,27.0084],[-80.6214,26.9493],[-80.6288,26.8871],[-80.6288,26.8871],[-80.6288,26.8871],[-80.6288,26.8871]]]}},{"type":"Feature","properties":{"name":"Lago de Nicaragua","scalerank":0},"geometry":{"type":"Polygon","coordinates":[[[-84.8143,11.2604],[-84.7917,11.2062],[-84.7805,11.1569],[-84.7691,11.1177],[-84.8031,11.065],[-84.8419,11.0491],[-84.8966,11.0354],[-84.9401,11.0515],[-85.0054,11.0572],[-85.1101,11.0806],[-85.2603,11.1234],[-85.4111,11.1739],[-85.5172,11.2155],[-85.5841,11.25],[-85.6404,11.2833],[-85.6836,11.317],[-85.719,11.3526],[-85.7544,11.4061],[-85.7976,11.4826],[-85.8344,11.5631],[-85.8543,11.6263],[-85.8645,11.664],[-85.8772,11.683],[-85.8896,11.6911],[-85.899,11.7024],[-85.9026,11.7207],[-85.9012,11.7451],[-85.9012,11.7947],[-85.9082,11.8737],[-85.9143,11.9529],[-85.912,12.0029],[-85.8944,12.035],[-85.8714,12.0978],[-85.8351,12.1089],[-85.7977,12.107],[-85.7513,12.0937],[-85.6758,12.0641],[-85.5885,12.0163],[-85.5134,11.9587],[-85.4414,11.9018],[-85.3618,11.8554],[-85.2593,11.7829],[-85.132,11.6631],[-85.0088,11.5265],[-84.9162,11.4139],[-84.8569,11.3292],[-84.8143,11.2604],[-84.8143,11.2604],[-84.8143,11.2604],[-84.8143,11.2604]]]}},{"type":"Feature","properties":{"name":"Lake Tana","scalerank":0},"geometry":{"type":"Polygon","coordinates":[[[37.2855,11.7945],[37.2527,11.8197],[37.2111,11.8222],[37.1692,11.8166],[37.1455,11.8335],[37.113,11.8551],[37.0959,11.8403],[37.0781,11.8295],[37.0582,11.8341],[37.0402,11.8519],[37.0239,11.8799],[37.002,11.9066],[37.0061,11.9717],[37.008,12.0288],[37.0165,12.0867],[37.0278,12.1645],[37.0481,12.2103],[37.0718,12.2432],[37.0959,12.2657],[37.1261,12.2701],[37.1645,12.2595],[37.1947,12.2306],[37.2191,12.2296],[37.2691,12.2242],[37.3327,12.2724],[37.3768,12.288],[37.4133,12.2907],[37.4603,12.3033],[37.4961,12.2855],[37.5289,12.259],[37.5552,12.223],[37.5659,12.1645],[37.5918,12.1171],[37.5848,12.0837],[37.5835,12.0491],[37.5766,12.0179],[37.56,11.9856],[37.5502,11.9419],[37.5129,11.9099],[37.501,11.8756],[37.4959,11.8348],[37.4399,11.7534],[37.3872,11.6323],[37.3612,11.6346],[37.3422,11.6319],[37.3269,11.6359],[37.3201,11.6477],[37.3006,11.6685],[37.3218,11.7091],[37.3088,11.7412],[37.2893,11.7713],[37.2855,11.7945],[37.2855,11.7945],[37.2855,11.7945]]]}},{"type":"Feature","properties":{"name":"Lago Titicaca","scalerank":0},"geometry":{"type":"Polygon","coordinates":[[[-69.3663,-16.2229],[-69.4004,-16.2004],[-69.4362,-16.1869],[-69.4831,-16.1819],[-69.487,-16.1614],[-69.4493,-16.1117],[-69.4388,-16.0595],[-69.4472,-16.0295],[-69.4887,-16.0123],[-69.5581,-15.9909],[-69.6273,-15.9667],[-69.6683,-15.9427],[-69.6913,-15.9221],[-69.7173,-15.9065],[-69.7479,-15.8865],[-69.7821,-15.855],[-69.8125,-15.8282],[-69.8341,-15.8193],[-69.8463,-15.8272],[-69.8539,-15.8407],[-69.8522,-15.8607],[-69.8422,-15.8844],[-69.8334,-15.9046],[-69.8348,-15.9164],[-69.8454,-15.92],[-69.8586,-15.9204],[-69.8756,-15.9136],[-69.8952,-15.8995],[-69.9233,-15.88],[-69.9611,-15.8599],[-69.9942,-15.8421],[-70.011,-15.8281],[-70.016,-15.8068],[-70.0206,-15.7715],[-70.0169,-15.7335],[-70.0019,-15.7059],[-69.979,-15.68],[-69.9563,-15.6462],[-69.9207,-15.6339],[-69.8662,-15.6599],[-69.8181,-15.6916],[-69.7978,-15.6935],[-69.8184,-15.6385],[-69.8695,-15.533],[-69.9294,-15.4273],[-69.9382,-15.3987],[-69.914,-15.3744],[-69.8547,-15.3438],[-69.8437,-15.3243],[-69.833,-15.3098],[-69.7987,-15.2989],[-69.7609,-15.2869],[-69.7418,-15.2691],[-69.6869,-15.2642],[-69.6251,-15.3436],[-69.5414,-15.3723],[-69.4487,-15.4736],[-69.4054,-15.491],[-69.3605,-15.5111],[-69.2988,-15.6214],[-69.2695,-15.6275],[-69.2237,-15.6602],[-69.1895,-15.6785],[-69.1701,-15.697],[-69.1467,-15.7245],[-69.1026,-15.7647],[-69.0387,-15.7956],[-69.0144,-15.8484],[-69.0144,-15.9102],[-68.9945,-15.9257],[-68.9038,-15.9435],[-68.8313,-15.9477],[-68.7961,-15.972],[-68.8093,-15.994],[-68.8264,-16.0172],[-68.8532,-16.049],[-68.8887,-16.0844],[-68.8709,-16.136],[-68.8292,-16.1902],[-68.7644,-16.2023],[-68.694,-16.2192],[-68.6352,-16.2211],[-68.5933,-16.2388],[-68.5935,-16.2719],[-68.5861,-16.2881],[-68.5883,-16.3018],[-68.6115,-16.3115],[-68.6547,-16.3183],[-68.6933,-16.3263],[-68.7054,-16.3393],[-68.7125,-16.3588],[-68.7391,-16.3828],[-68.7875,-16.4069],[-68.8601,-16.4151],[-68.9063,-16.4239],[-68.9284,-16.4482],[-68.8973,-16.4646],[-68.8682,-16.5001],[-68.8579,-16.524],[-68.8563,-16.5475],[-68.8625,-16.5687],[-68.871,-16.5894],[-68.9042,-16.5894],[-68.9422,-16.5823],[-69.0064,-16.5506],[-69.0494,-16.5255],[-69.0761,-16.521],[-69.0982,-16.4835],[-69.0519,-16.4174],[-69.0387,-16.3645],[-69.0431,-16.3182],[-69.0437,-16.2811],[-69.0051,-16.252],[-68.946,-16.2233],[-68.9053,-16.2414],[-68.8852,-16.2407],[-68.8909,-16.2057],[-68.9468,-16.1759],[-69.0147,-16.1108],[-69.0774,-16.0813],[-69.1026,-16.0866],[-69.107,-16.1324],[-69.1207,-16.1781],[-69.1356,-16.2321],[-69.1775,-16.2498],[-69.2216,-16.2541],[-69.2687,-16.2509],[-69.3241,-16.2431],[-69.3663,-16.2229],[-69.3663,-16.2229],[-69.3663,-16.2229],[-69.3663,-16.2229]]]}},{"type":"Feature","properties":{"name":"Cedar Lake","scalerank":0},"geometry":{"type":"Polygon","coordinates":[[[-99.3489,53.1989],[-99.3303,53.1594],[-99.3687,53.1504],[-99.3886,53.1306],[-99.3958,53.1002],[-99.3951,53.0847],[-99.4029,53.0739],[-99.4162,53.0646],[-99.4358,53.0578],[-99.4587,53.0527],[-99.4866,53.0523],[-99.5183,53.0566],[-99.5388,53.0674],[-99.54,53.0827],[-99.5382,53.0969],[-99.5516,53.105],[-99.5694,53.112],[-99.5786,53.1235],[-99.5875,53.1411],[-99.6046,53.1628],[-99.624,53.1804],[-99.6382,53.1881],[-99.6445,53.1832],[-99.6448,53.1701],[-99.6467,53.1549],[-99.6568,53.1445],[-99.685,53.1405],[-99.7303,53.1403],[-99.7976,53.137],[-99.8755,53.1024],[-99.9717,53.0977],[-100.0483,53.1168],[-100.1254,53.131],[-100.2004,53.1518],[-100.2736,53.1854],[-100.3462,53.2308],[-100.4122,53.2699],[-100.4695,53.2886],[-100.5425,53.3075],[-100.6461,53.3472],[-100.7087,53.3745],[-100.7714,53.4018],[-100.7853,53.4086],[-100.8424,53.4263],[-100.8764,53.4489],[-100.8912,53.4707],[-100.8811,53.4883],[-100.8546,53.5012],[-100.7789,53.5041],[-100.7068,53.5],[-100.6408,53.4954],[-100.6036,53.4978],[-100.5933,53.5071],[-100.5924,53.5188],[-100.6062,53.5349],[-100.6315,53.5544],[-100.6336,53.5686],[-100.5914,53.5717],[-100.5098,53.5765],[-100.3896,53.5826],[-100.3225,53.5925],[-100.3132,53.6404],[-100.3236,53.6689],[-100.3524,53.7121],[-100.3831,53.758],[-100.4317,53.79],[-100.4133,53.8223],[-100.33,53.8645],[-100.3472,53.898],[-100.3932,53.8917],[-100.4739,53.8956],[-100.4977,53.905],[-100.5062,53.9168],[-100.4834,53.9496],[-100.3871,53.9543],[-100.331,53.9582],[-100.3027,53.9733],[-100.3,53.9897],[-100.303,54.0076],[-100.3057,54.031],[-100.3018,54.0608],[-100.306,54.0983],[-100.328,54.1404],[-100.3513,54.1771],[-100.3585,54.202],[-100.3499,54.2147],[-100.3349,54.2224],[-100.31,54.2214],[-100.2776,54.2134],[-100.2439,54.2105],[-100.2161,54.2222],[-100.1907,54.2401],[-100.1631,54.2524],[-100.1219,54.2459],[-100.0636,54.2188],[-99.9943,54.1923],[-99.9267,54.188],[-99.8822,54.192],[-99.8691,54.1857],[-99.9277,54.1542],[-100.0563,54.0974],[-100.1798,54.0421],[-100.2265,54.0146],[-100.209,54.0081],[-100.1779,54.0038],[-100.1397,53.9932],[-100.1052,53.9715],[-100.0942,53.9414],[-100.1127,53.9106],[-100.1401,53.8831],[-100.1507,53.8607],[-100.1406,53.8462],[-100.1185,53.8374],[-100.0601,53.8466],[-99.963,53.8757],[-99.8452,53.9268],[-99.7373,53.989],[-99.6601,54.034],[-99.6167,54.0434],[-99.6043,54.0272],[-99.6019,54.0107],[-99.6175,53.9885],[-99.6487,53.9584],[-99.6897,53.9177],[-99.7292,53.8696],[-99.7756,53.8351],[-99.8335,53.8268],[-99.8828,53.8311],[-99.9084,53.8267],[-99.9142,53.81],[-99.9155,53.7846],[-99.9262,53.7605],[-99.9546,53.7471],[-99.9946,53.7349],[-100.0331,53.7138],[-100.0756,53.6944],[-100.1254,53.6861],[-100.1702,53.6794],[-100.2006,53.6641],[-100.2146,53.6458],[-100.2194,53.6319],[-100.1848,53.6111],[-100.1034,53.5763],[-100.0187,53.5328],[-99.9764,53.4911],[-99.9605,53.4565],[-99.9396,53.4302],[-99.929,53.4073],[-99.9377,53.381],[-99.9479,53.3547],[-99.9405,53.332],[-99.9246,53.3107],[-99.9144,53.2877],[-99.9057,53.2681],[-99.8936,53.2548],[-99.8716,53.2483],[-99.8392,53.245],[-99.7992,53.2527],[-99.7591,53.2729],[-99.6927,53.2987],[-99.589,53.3201],[-99.4908,53.3326],[-99.4375,53.3369],[-99.4208,53.3287],[-99.4108,53.3112],[-99.4069,53.2853],[-99.4048,53.2567],[-99.3753,53.2232],[-99.3489,53.1989],[-99.3489,53.1989],[-99.3489,53.1989]]]}},{"type":"Feature","properties":{"name":"Lake Onega","scalerank":0},"geometry":{"type":"Polygon","coordinates":[[[36.4189,61.3924],[36.4189,61.3924],[36.4189,61.3924],[36.4279,61.3731],[36.4249,61.3491],[36.4084,61.3191],[36.3956,61.3021],[36.3827,61.285],[36.3801,61.281],[36.3736,61.2711],[36.3712,61.2568],[36.3781,61.2419],[36.3885,61.225],[36.3946,61.2062],[36.3869,61.1841],[36.3639,61.1597],[36.325,61.1355],[36.2793,61.1138],[36.2241,61.0965],[36.1628,61.0828],[36.0987,61.0626],[36.0368,61.0297],[35.9763,60.9939],[35.9148,60.9668],[35.8803,60.9478],[35.8842,60.9311],[35.9045,60.9166],[35.9099,60.9025],[35.899,60.8898],[35.8803,60.8783],[35.8551,60.8705],[35.8287,60.8665],[35.8008,60.8718],[35.7716,60.8864],[35.719,60.9045],[35.6346,60.9185],[35.5506,60.938],[35.4994,60.9698],[35.4733,61.0021],[35.4498,61.023],[35.4262,61.0332],[35.3996,61.0399],[35.3633,61.0382],[35.3161,61.0281],[35.2549,61.0146],[35.1845,61.0049],[35.1329,61.0071],[35.1168,61.0222],[35.0929,61.0447],[35.0224,61.0645],[34.9425,61.0704],[34.8963,61.0469],[34.869,61.027],[34.8464,61.0267],[34.8285,61.0386],[34.8149,61.055],[34.8024,61.0735],[34.7955,61.0965],[34.7967,61.1228],[34.804,61.1496],[34.8188,61.1736],[34.8381,61.1937],[34.8873,61.2061],[34.9742,61.212],[35.0747,61.2071],[35.1566,61.1937],[35.2069,61.1772],[35.2311,61.1652],[35.2077,61.1588],[35.1432,61.1558],[35.0777,61.1513],[35.0526,61.1411],[35.062,61.1256],[35.08,61.1084],[35.1081,61.0916],[35.142,61.0773],[35.1921,61.0689],[35.2593,61.0666],[35.3453,61.0726],[35.4406,61.0626],[35.5273,61.0228],[35.5834,61.0342],[35.6146,61.0761],[35.6322,61.1078],[35.6294,61.15],[35.6114,61.1974],[35.5777,61.2464],[35.5369,61.2922],[35.4946,61.329],[35.4574,61.3559],[35.3984,61.3858],[35.3039,61.4296],[35.1539,61.4852],[34.9616,61.5434],[34.7725,61.6009],[34.63,61.6544],[34.5314,61.7043],[34.4482,61.7533],[34.388,61.7961],[34.3445,61.8312],[34.3227,61.8545],[34.3146,61.8687],[34.3356,61.8644],[34.3847,61.843],[34.4453,61.8188],[34.4944,61.8076],[34.5312,61.8116],[34.5624,61.8238],[34.5829,61.846],[34.5943,61.874],[34.5938,61.906],[34.5859,61.9378],[34.5663,61.9689],[34.5373,61.999],[34.4768,62.0385],[34.381,62.0926],[34.294,62.1415],[34.2552,62.1686],[34.2552,62.1857],[34.2621,62.2105],[34.2654,62.2382],[34.2565,62.2623],[34.2226,62.2937],[34.1649,62.3392],[34.0983,62.3789],[34.0424,62.3965],[34.0033,62.4008],[33.9775,62.408],[33.9618,62.4251],[33.9473,62.453],[33.9406,62.4816],[33.944,62.5005],[33.9586,62.51],[33.9787,62.5159],[34.0029,62.5161],[34.0271,62.5118],[34.0539,62.4945],[34.0842,62.4635],[34.1369,62.414],[34.2177,62.3523],[34.2916,62.2973],[34.3275,62.264],[34.3295,62.2457],[34.3212,62.227],[34.3429,62.1989],[34.417,62.1582],[34.5142,62.1196],[34.5914,62.0965],[34.6356,62.095],[34.6532,62.1085],[34.644,62.1361],[34.6324,62.1819],[34.647,62.2126],[34.6581,62.2452],[34.6148,62.3043],[34.609,62.3388],[34.6332,62.3483],[34.6815,62.3388],[34.6956,62.3646],[34.6596,62.4063],[34.5922,62.458],[34.547,62.4978],[34.527,62.5236],[34.5202,62.5416],[34.532,62.5463],[34.5566,62.5399],[34.5953,62.5191],[34.6406,62.4891],[34.6959,62.4427],[34.7585,62.3826],[34.8105,62.3323],[34.8405,62.3101],[34.852,62.2944],[34.8593,62.2604],[34.8708,62.2194],[34.8925,62.1871],[34.928,62.1597],[34.9757,62.1176],[35.0286,62.0779],[35.0749,62.0536],[35.1146,62.0536],[35.1496,62.071],[35.165,62.0807],[35.1678,62.0967],[35.1436,62.1272],[35.0938,62.1722],[35.0518,62.2116],[35.0459,62.2288],[35.0959,62.2181],[35.1884,62.1902],[35.284,62.1616],[35.3413,62.149],[35.3872,62.1578],[35.455,62.1807],[35.5183,62.2105],[35.5535,62.2359],[35.5639,62.2602],[35.5672,62.2871],[35.5586,62.3188],[35.5402,62.3542],[35.4983,62.4036],[35.4331,62.4686],[35.3518,62.5227],[35.2709,62.5454],[35.2014,62.5497],[35.1472,62.5592],[35.093,62.5805],[35.0237,62.6133],[34.967,62.639],[34.9434,62.6428],[34.868,62.6105],[34.8386,62.5912],[34.7761,62.6223],[34.7393,62.6213],[34.7037,62.6434],[34.6582,62.6799],[34.6211,62.7124],[34.5831,62.7557],[34.5355,62.8185],[34.4796,62.8738],[34.4895,62.9036],[34.5325,62.9157],[34.6054,62.8728],[34.7033,62.8442],[34.7879,62.8311],[34.8549,62.8256],[34.9104,62.8154],[34.9581,62.7974],[35.0058,62.773],[35.083,62.7412],[35.202,62.7053],[35.326,62.6662],[35.4157,62.6267],[35.4639,62.6042],[35.4876,62.6059],[35.495,62.6192],[35.5037,62.6247],[35.5194,62.6173],[35.5436,62.5994],[35.5846,62.576],[35.6412,62.5556],[35.698,62.5376],[35.7398,62.5202],[35.7712,62.4959],[35.8029,62.4611],[35.8219,62.4118],[35.8227,62.3522],[35.8004,62.2814],[35.7643,62.2052],[35.7302,62.1392],[35.6744,62.0794],[35.6894,62.0402],[35.7495,61.9991],[35.8184,61.9511],[35.843,61.9019],[35.8707,61.8548],[35.9256,61.8064],[35.9854,61.7559],[36.0256,61.7036],[36.0606,61.6544],[36.1087,61.6111],[36.1591,61.5715],[36.2002,61.5312],[36.2473,61.4933],[36.312,61.4595],[36.3715,61.4323],[36.4056,61.4107],[36.4189,61.3924]],[[35.3258,61.9354],[35.3258,61.9354],[35.3258,61.9354],[35.3471,61.9978],[35.3393,62.0328],[35.308,62.0766],[35.2518,62.0797],[35.1956,61.9879],[35.1707,61.9057],[35.1604,61.8586],[35.2018,61.8391],[35.2736,61.8703],[35.3258,61.9354]]]}},{"type":"Feature","properties":{"name":"Great Salt Lake","scalerank":0},"geometry":{"type":"Polygon","coordinates":[[[-111.9739,41.0021],[-111.9739,41.0021],[-111.9739,41.0021],[-111.9511,40.968],[-111.9606,40.9415],[-112.0535,40.9017],[-112.0971,40.8809],[-112.1899,40.769],[-112.2667,40.7402],[-112.3321,40.6989],[-112.37,40.7008],[-112.3944,40.7571],[-112.4357,40.8156],[-112.4458,40.8751],[-112.478,40.9434],[-112.4932,40.9377],[-112.5083,40.9188],[-112.5216,40.8785],[-112.5462,40.8392],[-112.5803,40.8486],[-112.632,40.9273],[-112.6897,40.9803],[-112.7284,41.019],[-112.7507,41.0586],[-112.7685,41.1139],[-112.7877,41.1735],[-112.8138,41.2237],[-112.8462,41.2608],[-112.8813,41.2889],[-112.9177,41.3281],[-112.9613,41.3774],[-112.985,41.4273],[-112.9972,41.4893],[-112.9984,41.5339],[-112.9951,41.5597],[-112.9967,41.5762],[-113.0068,41.5821],[-113.0144,41.5972],[-112.9992,41.6124],[-112.9662,41.6143],[-112.9086,41.6371],[-112.8443,41.6571],[-112.8,41.667],[-112.7705,41.6658],[-112.742,41.6591],[-112.7187,41.637],[-112.7073,41.6029],[-112.7338,41.5631],[-112.7376,41.5366],[-112.7075,41.4961],[-112.666,41.4657],[-112.604,41.4315],[-112.5538,41.4305],[-112.5272,41.4209],[-112.5121,41.3812],[-112.489,41.3086],[-112.4579,41.2467],[-112.4371,41.2188],[-112.4224,41.2168],[-112.4058,41.2172],[-112.39,41.2226],[-112.3771,41.2325],[-112.3662,41.2485],[-112.3809,41.3242],[-112.3885,41.3853],[-112.4022,41.4323],[-112.3899,41.4473],[-112.3735,41.4572],[-112.3297,41.4428],[-112.2903,41.4096],[-112.243,41.3925],[-112.1709,41.3967],[-112.0917,41.4081],[-112.0645,41.3999],[-112.063,41.3885],[-112.0762,41.347],[-112.1141,41.3356],[-112.1786,41.3418],[-112.2411,41.3452],[-112.2695,41.3319],[-112.2866,41.3167],[-112.3036,41.2826],[-112.2843,41.2679],[-112.2427,41.2219],[-112.2116,41.1923],[-112.1806,41.1627],[-112.152,41.1341],[-112.0829,41.065],[-111.9739,41.0021]],[[-112.1713,40.8752],[-112.1713,40.8752],[-112.1713,40.8752],[-112.1557,40.9556],[-112.1981,41.0561],[-112.2361,41.0694],[-112.2629,41.0583],[-112.2517,41.0203],[-112.2495,40.9645],[-112.216,40.9243],[-112.1713,40.8752]]]}},{"type":"Feature","properties":{"name":"Lake Michigan","scalerank":0},"geometry":{"type":"Polygon","coordinates":[[[-84.7626,45.7924],[-84.772,45.7948],[-84.806,45.775],[-84.8659,45.7686],[-84.9515,45.7754],[-84.9814,45.767],[-84.9555,45.7434],[-84.9775,45.7065],[-85.0474,45.6564],[-85.0878,45.6053],[-85.0987,45.5531],[-85.0877,45.5069],[-85.0547,45.4667],[-85.0064,45.4405],[-84.9429,45.4286],[-84.9298,45.4126],[-84.9671,45.3927],[-85.033,45.3813],[-85.1273,45.3785],[-85.2229,45.3562],[-85.3195,45.3145],[-85.3757,45.277],[-85.3915,45.2438],[-85.394,45.1957],[-85.3816,45.0783],[-85.389,45.0328],[-85.4304,44.9493],[-85.4847,44.8403],[-85.5494,44.7719],[-85.5615,44.7812],[-85.5509,44.8146],[-85.4971,44.9238],[-85.4889,44.9701],[-85.4941,44.9944],[-85.5126,44.9968],[-85.5339,44.9756],[-85.5578,44.931],[-85.5628,44.9067],[-85.5492,44.903],[-85.5593,44.8727],[-85.5933,44.8157],[-85.6225,44.804],[-85.6472,44.8375],[-85.6453,44.8816],[-85.6047,44.9699],[-85.6192,44.9871],[-85.5957,45.0419],[-85.5853,45.082],[-85.5974,45.1233],[-85.5877,45.1613],[-85.5562,45.196],[-85.5659,45.2065],[-85.6166,45.1929],[-85.6894,45.1281],[-85.7841,45.0122],[-85.8578,44.9615],[-85.9105,44.9763],[-85.9529,44.9667],[-85.985,44.9325],[-86.0199,44.9157],[-86.0577,44.9164],[-86.0805,44.8759],[-86.0884,44.7942],[-86.1258,44.7478],[-86.237,44.7202],[-86.2587,44.699],[-86.2607,44.6688],[-86.2427,44.6297],[-86.2422,44.5513],[-86.2591,44.4336],[-86.2959,44.3306],[-86.3527,44.2424],[-86.4154,44.1695],[-86.5192,44.0737],[-86.5209,44.0547],[-86.4699,43.9798],[-86.4486,43.924],[-86.438,43.8127],[-86.4406,43.7943],[-86.5405,43.6569],[-86.5421,43.6373],[-86.435,43.4071],[-86.3402,43.2417],[-86.3291,43.2241],[-86.3009,43.1581],[-86.2485,43.0288],[-86.2215,42.9004],[-86.22,42.7731],[-86.2327,42.65],[-86.2596,42.5312],[-86.2996,42.4176],[-86.3525,42.3093],[-86.4074,42.2237],[-86.5202,42.0823],[-86.5753,41.9877],[-86.6325,41.9113],[-86.6916,41.8534],[-86.7982,41.7885],[-87.0726,41.6695],[-87.1587,41.6464],[-87.2532,41.6376],[-87.3563,41.6433],[-87.4125,41.6565],[-87.425,41.6786],[-87.447,41.6808],[-87.477,41.6955],[-87.5146,41.7207],[-87.5566,41.766],[-87.6021,41.8591],[-87.6511,42.0002],[-87.6946,42.0844],[-87.7325,42.1115],[-87.7668,42.1539],[-87.7975,42.2114],[-87.8125,42.3411],[-87.812,42.543],[-87.8017,42.6804],[-87.7814,42.7534],[-87.7871,42.8092],[-87.8187,42.8477],[-87.8382,42.8957],[-87.8456,42.9531],[-87.8621,42.992],[-87.8877,43.0125],[-87.8934,43.0411],[-87.879,43.0778],[-87.8789,43.1031],[-87.8928,43.1169],[-87.8961,43.1374],[-87.8888,43.1646],[-87.9017,43.2449],[-87.8984,43.2938],[-87.8807,43.347],[-87.8239,43.443],[-87.8056,43.4901],[-87.8009,43.5381],[-87.774,43.5989],[-87.6997,43.7237],[-87.6979,43.7524],[-87.7234,43.8091],[-87.7294,43.8512],[-87.7238,43.9073],[-87.7001,43.9766],[-87.6585,44.059],[-87.6034,44.125],[-87.5349,44.1743],[-87.5125,44.2303],[-87.5361,44.293],[-87.5274,44.3857],[-87.4865,44.5086],[-87.4409,44.6007],[-87.3905,44.662],[-87.3561,44.7204],[-87.3373,44.7758],[-87.3456,44.8006],[-87.3831,44.8271],[-87.4196,44.8656],[-87.4802,44.8741],[-87.5554,44.8486],[-87.566,44.8503],[-87.6044,44.8469],[-87.6766,44.7903],[-87.7409,44.692],[-87.7875,44.6516],[-87.8511,44.624],[-87.8982,44.5934],[-87.929,44.5595],[-87.9692,44.552],[-88.0187,44.5711],[-88.0283,44.6179],[-87.9978,44.6923],[-87.9516,44.7637],[-87.8568,44.8804],[-87.8536,44.9083],[-87.8303,44.9425],[-87.6832,44.9926],[-87.627,45.0323],[-87.6078,45.0827],[-87.6022,45.157],[-87.5928,45.1778],[-87.5712,45.1866],[-87.5065,45.2489],[-87.3988,45.3646],[-87.3021,45.4841],[-87.2164,45.6073],[-87.1538,45.6768],[-87.1142,45.6925],[-87.0849,45.7298],[-87.0393,45.8446],[-87.005,45.8972],[-86.9823,45.9173],[-86.9711,45.905],[-86.9929,45.8419],[-86.9928,45.7896],[-86.9742,45.7231],[-86.9379,45.7002],[-86.8839,45.7209],[-86.8375,45.7648],[-86.7985,45.8318],[-86.7536,45.8595],[-86.7028,45.8479],[-86.6606,45.8523],[-86.6272,45.8725],[-86.5633,45.8825],[-86.5515,45.8571],[-86.5593,45.8063],[-86.5795,45.7818],[-86.6123,45.7836],[-86.6495,45.7568],[-86.6914,45.7014],[-86.6897,45.6573],[-86.6444,45.6245],[-86.622,45.6228],[-86.6224,45.652],[-86.6012,45.6816],[-86.5339,45.7356],[-86.5275,45.7532],[-86.3996,45.8007],[-86.3513,45.831],[-86.3381,45.8657],[-86.2718,45.9367],[-86.2089,45.9593],[-86.1229,45.9689],[-86.0397,45.9627],[-85.9593,45.9407],[-85.9137,45.9412],[-85.9029,45.9642],[-85.8342,45.9797],[-85.7078,45.9876],[-85.6148,46.0205],[-85.5551,46.0782],[-85.4788,46.1076],[-85.3859,46.1086],[-85.2599,46.0882],[-85.1006,46.0462],[-84.9718,45.989],[-84.8019,45.8744],[-84.7569,45.8628],[-84.7626,45.7924]],[[-85.4923,45.7602],[-85.5385,45.7754],[-85.5729,45.7379],[-85.6077,45.6561],[-85.6121,45.6093],[-85.5859,45.5975],[-85.5517,45.6026],[-85.5091,45.6245],[-85.4923,45.6629],[-85.5015,45.7502],[-85.4923,45.7602],[-85.4923,45.7602],[-85.4923,45.7602]],[[-86.0524,45.1564],[-86.0596,45.1468],[-86.0379,45.1028],[-86.0158,45.0892],[-85.9882,45.088],[-85.9762,45.1021],[-85.9798,45.1316],[-85.9985,45.1501],[-86.0524,45.1564],[-86.0524,45.1564],[-86.0524,45.1564]],[[-86.9263,45.4149],[-86.938,45.4256],[-86.9667,45.3683],[-86.9469,45.3457],[-86.8919,45.3423],[-86.8619,45.3522],[-86.8566,45.3944],[-86.8619,45.4086],[-86.8785,45.4142],[-86.9263,45.4149],[-86.9263,45.4149],[-86.9263,45.4149]],[[-87.0491,45.3029],[-87.0881,45.2792],[-87.122,45.2245],[-87.1664,45.1895],[-87.2211,45.174],[-87.2588,45.138],[-87.2793,45.0815],[-87.3155,45.0311],[-87.3965,44.9541],[-87.403,44.9329],[-87.3982,44.9029],[-87.382,44.8643],[-87.3546,44.8388],[-87.3158,44.8266],[-87.2803,44.8349],[-87.1881,44.922],[-87.1795,44.9411],[-87.1913,44.9502],[-87.1786,44.9834],[-87.1414,45.0407],[-87.1139,45.0685],[-87.0963,45.0667],[-87.078,45.0781],[-87.0589,45.1024],[-87.0615,45.1249],[-87.0857,45.1454],[-87.0842,45.154],[-87.0569,45.1505],[-87.0466,45.1719],[-87.0536,45.2179],[-87.0415,45.2367],[-87.0104,45.2282],[-86.9919,45.241],[-86.9859,45.2752],[-87.005,45.2958],[-87.0491,45.3029],[-87.0491,45.3029],[-87.0491,45.3029]]]}},{"type":"Feature","properties":{"name":"Lake Superior","scalerank":0},"geometry":{"type":"Polygon","coordinates":[[[-84.4324,46.5221],[-84.3439,46.5312],[-84.358,46.5047],[-84.387,46.5022],[-84.4242,46.4907],[-84.4672,46.4642],[-84.5284,46.4361],[-84.5915,46.4431],[-84.6349,46.4823],[-84.6973,46.4907],[-84.7788,46.4684],[-84.8512,46.4695],[-84.9143,46.494],[-85.0343,46.5058],[-85.0486,46.5239],[-85.0463,46.543],[-85.0274,46.5631],[-85.0167,46.6109],[-85.0145,46.6865],[-84.9982,46.7397],[-84.9679,46.7707],[-85.0146,46.7835],[-85.1384,46.778],[-85.2807,46.7524],[-85.4415,46.7066],[-85.6161,46.6906],[-85.8045,46.7042],[-85.9468,46.7021],[-86.1046,46.6792],[-86.132,46.6868],[-86.2313,46.6562],[-86.4027,46.5877],[-86.531,46.5244],[-86.6375,46.453],[-86.6539,46.4522],[-86.6791,46.4682],[-86.7329,46.4901],[-86.7904,46.4908],[-86.8515,46.4702],[-86.9136,46.4833],[-86.9768,46.5301],[-87.0341,46.5432],[-87.0857,46.5227],[-87.1707,46.5135],[-87.3581,46.5244],[-87.3778,46.5396],[-87.3945,46.5901],[-87.4149,46.6121],[-87.4512,46.6274],[-87.5095,46.6834],[-87.6375,46.8265],[-87.6729,46.8436],[-87.7776,46.8879],[-87.8771,46.9077],[-88.1291,46.9355],[-88.1837,46.9553],[-88.2163,46.9516],[-88.383,46.8743],[-88.3899,46.8574],[-88.4,46.8409],[-88.4273,46.8139],[-88.4491,46.8015],[-88.4627,46.8142],[-88.4761,46.8367],[-88.4737,46.8863],[-88.4559,46.9628],[-88.466,47.0125],[-88.5044,47.0354],[-88.5208,47.0631],[-88.5154,47.0955],[-88.5433,47.1216],[-88.6044,47.1413],[-88.6327,47.1669],[-88.6282,47.1986],[-88.6341,47.2203],[-88.6505,47.232],[-88.7156,47.2072],[-88.8296,47.1459],[-88.9071,47.0911],[-88.9481,47.043],[-89.0091,47.0157],[-89.0902,47.0093],[-89.1548,46.9886],[-89.2694,46.9182],[-89.355,46.8819],[-89.4968,46.8554],[-89.6951,46.8386],[-89.8606,46.7928],[-89.9933,46.7179],[-90.1536,46.6545],[-90.3414,46.6025],[-90.4688,46.5841],[-90.5361,46.5994],[-90.6165,46.6313],[-90.7368,46.6889],[-90.7543,46.6835],[-90.745,46.6717],[-90.7476,46.6619],[-90.77,46.6454],[-90.923,46.6031],[-90.9435,46.619],[-90.8864,46.6775],[-90.8639,46.7208],[-90.8653,46.7607],[-90.8399,46.81],[-90.7877,46.8684],[-90.7684,46.908],[-90.7819,46.9287],[-90.8399,46.9625],[-90.8867,46.9648],[-90.946,46.9538],[-91.1272,46.8677],[-91.1454,46.8743],[-91.2034,46.888],[-91.2176,46.8856],[-91.357,46.8107],[-91.4991,46.7661],[-91.8356,46.7021],[-91.9208,46.6944],[-91.9873,46.699],[-92.0728,46.7362],[-92.107,46.7619],[-92.1042,46.7894],[-92.0646,46.8188],[-91.6452,47.05],[-91.3863,47.2147],[-90.9571,47.5237],[-90.8467,47.5853],[-90.5975,47.6877],[-90.1973,47.7864],[-89.9999,47.8412],[-89.8288,47.9009],[-89.7195,47.9467],[-89.6721,47.9787],[-89.6338,47.9937],[-89.6047,47.9916],[-89.5475,48.0129],[-89.4497,48.0922],[-89.4385,48.0988],[-89.3454,48.1211],[-89.3151,48.159],[-89.2967,48.2042],[-89.2522,48.2797],[-89.2215,48.3107],[-89.2139,48.3449],[-89.2294,48.3823],[-89.225,48.4176],[-89.2007,48.4508],[-89.0864,48.4977],[-88.7746,48.5831],[-88.7638,48.5724],[-88.8183,48.5064],[-88.8764,48.3815],[-88.8969,48.3781],[-88.9157,48.3627],[-88.9327,48.3354],[-88.8885,48.3373],[-88.7829,48.3683],[-88.7344,48.3841],[-88.7219,48.4146],[-88.7057,48.4761],[-88.6832,48.5101],[-88.6541,48.5166],[-88.6349,48.5461],[-88.6253,48.5987],[-88.6021,48.6299],[-88.5653,48.6398],[-88.5496,48.6582],[-88.552,48.6837],[-88.5424,48.7532],[-88.5352,48.7857],[-88.5026,48.8331],[-88.4576,48.8479],[-88.3953,48.8449],[-88.3524,48.8208],[-88.3291,48.7757],[-88.3229,48.7385],[-88.3336,48.7091],[-88.3938,48.6558],[-88.5665,48.528],[-88.5845,48.4924],[-88.5693,48.4739],[-88.5594,48.4468],[-88.5388,48.4434],[-88.5009,48.467],[-88.4845,48.4881],[-88.4895,48.5066],[-88.4758,48.5307],[-88.4435,48.5603],[-88.4182,48.5691],[-88.3997,48.5573],[-88.3688,48.5624],[-88.3255,48.5845],[-88.248,48.5959],[-88.2331,48.597],[-88.1384,48.6829],[-88.1092,48.7329],[-88.1088,48.776],[-88.1472,48.8208],[-88.2243,48.8671],[-88.2466,48.917],[-88.2486,48.9419],[-88.2636,48.9737],[-88.2476,48.9855],[-88.2004,48.9774],[-88.1606,48.9816],[-88.1282,48.9981],[-88.0698,49.0014],[-88.0225,48.9987],[-87.9656,48.9587],[-87.7609,48.9199],[-87.6853,48.8992],[-87.5916,48.8782],[-87.5678,48.8712],[-87.552,48.8483],[-87.5173,48.8386],[-87.4637,48.842],[-87.4071,48.8348],[-87.3114,48.7994],[-87.2236,48.7758],[-87.0847,48.7789],[-87.0085,48.7888],[-86.8876,48.7724],[-86.8199,48.7726],[-86.7516,48.8006],[-86.6925,48.8079],[-86.6429,48.7946],[-86.6214,48.7775],[-86.581,48.753],[-86.4593,48.7649],[-86.4324,48.7582],[-86.3961,48.7313],[-86.3902,48.7141],[-86.371,48.6875],[-86.325,48.6366],[-86.3143,48.6191],[-86.2826,48.5979],[-86.257,48.5484],[-86.2374,48.4706],[-86.2155,48.4229],[-86.1914,48.4056],[-86.181,48.3854],[-86.1589,48.304],[-86.1042,48.2103],[-86.0224,48.1188],[-85.9136,48.0295],[-85.7777,47.9702],[-85.6146,47.9407],[-85.4695,47.9341],[-85.3425,47.9502],[-85.1738,47.959],[-84.9636,47.9602],[-84.8547,47.95],[-84.8473,47.928],[-84.8674,47.8964],[-84.9152,47.8551],[-84.9203,47.8279],[-84.9225,47.7926],[-84.961,47.7458],[-84.9811,47.7176],[-84.9748,47.698],[-84.9858,47.6717],[-85.0143,47.6388],[-84.9976,47.5948],[-84.9358,47.5398],[-84.8604,47.4955],[-84.7713,47.4617],[-84.7156,47.4267],[-84.6933,47.3905],[-84.6685,47.3706],[-84.6412,47.367],[-84.6165,47.3502],[-84.5943,47.3202],[-84.6183,47.2672],[-84.6882,47.1912],[-84.7195,47.1421],[-84.7123,47.1199],[-84.7717,47.0367],[-84.7751,47.004],[-84.7504,46.9813],[-84.6557,46.949],[-84.6249,46.9224],[-84.6003,46.9184],[-84.5821,46.9372],[-84.5446,46.9457],[-84.488,46.944],[-84.4348,46.9308],[-84.385,46.9058],[-84.3674,46.88],[-84.382,46.8533],[-84.4078,46.8437],[-84.4846,46.8477],[-84.5277,46.834],[-84.5535,46.8056],[-84.561,46.7298],[-84.5399,46.6973],[-84.5275,46.6974],[-84.5103,46.7127],[-84.4881,46.7435],[-84.464,46.7469],[-84.4381,46.723],[-84.466,46.6741],[-84.5476,46.6],[-84.5686,46.5767],[-84.5685,46.5433],[-84.5005,46.4833],[-84.4754,46.489],[-84.4589,46.5039],[-84.4324,46.5221]],[[-90.7557,46.9648],[-90.766,46.9508],[-90.7608,46.937],[-90.7228,46.9201],[-90.708,46.9273],[-90.7131,46.9412],[-90.7381,46.9616],[-90.7557,46.9648]],[[-90.6534,46.8277],[-90.5889,46.8554],[-90.5961,46.8688],[-90.6191,46.87],[-90.7523,46.8136],[-90.7821,46.7911],[-90.7916,46.7723],[-90.7677,46.7698],[-90.7105,46.7833],[-90.6805,46.7978],[-90.6775,46.813],[-90.6534,46.8277]],[[-90.5467,46.9193],[-90.5348,46.9543],[-90.5426,46.9627],[-90.5759,46.957],[-90.6504,46.9368],[-90.6518,46.9223],[-90.58,46.9135],[-90.5467,46.9193]],[[-90.4102,47.0438],[-90.4097,47.0637],[-90.4221,47.0711],[-90.4474,47.0662],[-90.4639,47.0483],[-90.4717,47.0175],[-90.4593,47.0101],[-90.4267,47.0259],[-90.4102,47.0438]],[[-88.0567,48.8368],[-88.0866,48.808],[-88.0757,48.7406],[-88.0567,48.7167],[-88.0309,48.7175],[-87.9984,48.7432],[-87.9412,48.7568],[-87.8592,48.7584],[-87.8163,48.7679],[-87.8124,48.7854],[-87.7821,48.7954],[-87.7702,48.8109],[-87.7651,48.8411],[-87.8134,48.859],[-87.915,48.8646],[-87.9961,48.8572],[-88.0567,48.8368]],[[-88.911,47.9362],[-88.6248,48.042],[-88.5931,48.072],[-88.5968,48.0875],[-88.5813,48.1107],[-88.4849,48.1674],[-88.4992,48.1759],[-88.5883,48.1585],[-88.7555,48.1035],[-89.1466,47.9526],[-89.1926,47.929],[-89.2001,47.9171],[-89.1691,47.9171],[-89.1688,47.9021],[-89.1992,47.8723],[-89.1952,47.8518],[-89.1568,47.8408],[-89.0816,47.8506],[-88.9699,47.8813],[-88.9304,47.8962],[-88.9237,47.9045],[-88.9601,47.9095],[-88.9552,47.926],[-88.911,47.9362]],[[-87.7905,47.4114],[-87.741,47.4336],[-87.7935,47.4673],[-87.8779,47.4842],[-87.9943,47.4842],[-88.1102,47.4725],[-88.3203,47.4211],[-88.3943,47.3887],[-88.562,47.2722],[-88.6089,47.2172],[-88.6157,47.1742],[-88.5737,47.1433],[-88.4341,47.1223],[-88.4271,47.1366],[-88.4332,47.1434],[-88.4538,47.1519],[-88.4167,47.1915],[-88.4054,47.1755],[-88.4091,47.1314],[-88.4384,47.0996],[-88.4685,47.0772],[-88.4687,47.0476],[-88.4391,47.0107],[-88.4022,47.0193],[-88.3582,47.0734],[-88.2368,47.1589],[-88.2404,47.1783],[-88.2219,47.2106],[-88.0155,47.3209],[-87.9749,47.3549],[-87.9831,47.3679],[-88.027,47.3863],[-88.0207,47.3924],[-87.7905,47.4114]],[[-87.6903,48.75],[-87.6217,48.7569],[-87.626,48.7804],[-87.667,48.8214],[-87.7021,48.8414],[-87.7313,48.8405],[-87.7482,48.8347],[-87.7527,48.8241],[-87.7311,48.7938],[-87.7299,48.7784],[-87.7437,48.7642],[-87.7305,48.7547],[-87.6903,48.75]],[[-85.6059,47.7421],[-85.5961,47.7571],[-85.6411,47.7818],[-85.7651,47.8067],[-85.8274,47.8045],[-85.8827,47.791],[-85.9309,47.7665],[-85.9507,47.7473],[-85.9422,47.7337],[-85.8586,47.7191],[-85.666,47.7334],[-85.6059,47.7421]]]}},{"type":"Feature","properties":{"name":"Lake Huron","scalerank":0},"geometry":{"type":"Polygon","coordinates":[[[-84.3439,46.5312],[-84.2356,46.5568],[-84.1654,46.5626],[-84.1183,46.5395],[-84.0871,46.507],[-84.0838,46.4725],[-84.1062,46.4305],[-84.1088,46.3932],[-84.0918,46.3608],[-84.0336,46.3438],[-83.9342,46.342],[-83.8817,46.3329],[-83.8631,46.3062],[-83.8427,46.302],[-83.6606,46.2898],[-83.5928,46.2778],[-83.5717,46.2605],[-83.4591,46.2376],[-83.0255,46.1813],[-82.8947,46.1884],[-82.7191,46.2071],[-82.6636,46.1759],[-82.6381,46.1724],[-82.5977,46.1771],[-82.35,46.1933],[-82.3177,46.1629],[-82.196,46.1339],[-82.1158,46.1316],[-82.0118,46.1287],[-81.8166,46.1147],[-81.7693,46.1044],[-81.7658,46.0714],[-81.7652,46.0579],[-81.7502,46.0575],[-81.7271,46.0731],[-81.6887,46.0788],[-81.6617,46.0929],[-81.6462,46.1153],[-81.6153,46.1194],[-81.5445,46.0904],[-81.5417,46.0747],[-81.6402,46.04],[-81.6295,46.0254],[-81.6238,46.0167],[-81.5973,46.0119],[-81.595,45.9964],[-81.6271,45.978],[-81.5967,45.9666],[-81.5024,45.993],[-81.4494,45.9944],[-81.3035,45.9741],[-81.2368,45.9741],[-81.197,45.991],[-81.1913,46.0062],[-81.1737,46.0161],[-81.162,46.0121],[-81.1575,45.9917],[-81.1603,45.9549],[-81.097,45.9416],[-80.968,45.9518],[-80.8904,45.951],[-80.8178,45.951],[-80.8052,45.9425],[-80.7866,45.9191],[-80.7316,45.8772],[-80.7134,45.8585],[-80.6964,45.8159],[-80.6562,45.7902],[-80.6431,45.7672],[-80.641,45.7473],[-80.6289,45.7271],[-80.5927,45.682],[-80.5455,45.65],[-80.5199,45.6226],[-80.5107,45.5897],[-80.4855,45.577],[-80.4443,45.5841],[-80.4271,45.5978],[-80.4295,45.6252],[-80.414,45.6199],[-80.3885,45.5736],[-80.3917,45.5005],[-80.3849,45.4584],[-80.3496,45.3993],[-80.3025,45.3831],[-80.2707,45.3602],[-80.1773,45.3438],[-80.1677,45.3485],[-80.1855,45.3866],[-80.1761,45.3966],[-80.1448,45.3988],[-80.0917,45.3934],[-80.0571,45.3746],[-80.0411,45.3424],[-80.0497,45.3011],[-80.1115,45.2592],[-80.1211,45.2233],[-80.1076,45.201],[-80.0922,45.1969],[-80.0749,45.211],[-80.0494,45.2041],[-80.0154,45.1759],[-80.0065,45.1533],[-80.0227,45.1361],[-80.0833,45.1264],[-80.0859,45.1094],[-80.0216,45.0721],[-79.9719,45.0222],[-79.9461,45.0172],[-79.9318,45.0012],[-79.9289,44.9744],[-79.9024,44.9565],[-79.8284,44.9363],[-79.8,44.8849],[-79.7846,44.8541],[-79.7716,44.8193],[-79.7496,44.8155],[-79.7328,44.832],[-79.7325,44.8629],[-79.6959,44.8751],[-79.6924,44.8588],[-79.7134,44.8211],[-79.7086,44.7912],[-79.6779,44.7689],[-79.7174,44.7612],[-79.827,44.768],[-79.8763,44.7985],[-79.8913,44.8094],[-79.925,44.8129],[-79.9353,44.8235],[-79.9204,44.8545],[-79.9296,44.863],[-79.9968,44.8557],[-80.0647,44.8336],[-80.1082,44.8068],[-80.1079,44.7755],[-80.0789,44.7431],[-80.0211,44.7095],[-79.9975,44.6523],[-80.0078,44.5717],[-80.037,44.5174],[-80.0848,44.4894],[-80.226,44.5095],[-80.4603,44.5778],[-80.5929,44.6385],[-80.6495,44.7213],[-80.6702,44.727],[-80.7898,44.7003],[-80.8541,44.6661],[-80.9097,44.6176],[-80.9254,44.6329],[-80.9012,44.712],[-80.8912,44.7613],[-80.8954,44.781],[-80.9194,44.7968],[-80.9635,44.809],[-81.022,44.8021],[-81.1103,44.7653],[-81.1302,44.7697],[-81.1275,44.7824],[-81.0364,44.8428],[-81.0063,44.8762],[-81.006,44.9069],[-80.9926,44.9344],[-80.9663,44.9586],[-80.9728,44.9696],[-81.012,44.9673],[-81.032,44.9569],[-81.074,44.9138],[-81.1336,44.9179],[-81.1411,44.9278],[-81.125,44.9525],[-81.1379,44.9681],[-81.18,44.9744],[-81.1933,45.0026],[-81.2074,45.0087],[-81.2595,45.0283],[-81.2642,45.0813],[-81.2818,45.124],[-81.3125,45.1562],[-81.3158,45.1887],[-81.2852,45.2413],[-81.2965,45.2487],[-81.3999,45.2556],[-81.5954,45.262],[-81.6974,45.2512],[-81.7061,45.2235],[-81.6832,45.2028],[-81.6288,45.1891],[-81.5903,45.1659],[-81.5774,45.1454],[-81.5415,45.1249],[-81.4993,45.0814],[-81.4512,45.015],[-81.4155,44.9874],[-81.377,44.9841],[-81.3552,44.9775],[-81.3584,44.911],[-81.3411,44.8699],[-81.3,44.832],[-81.2782,44.7899],[-81.2807,44.7163],[-81.2777,44.6437],[-81.2975,44.5967],[-81.3519,44.5423],[-81.3868,44.4969],[-81.4022,44.4606],[-81.4313,44.4365],[-81.4743,44.4246],[-81.5188,44.3989],[-81.5649,44.3597],[-81.595,44.3108],[-81.6089,44.2525],[-81.6466,44.1925],[-81.7081,44.1307],[-81.732,44.0604],[-81.7184,43.9816],[-81.7165,43.6421],[-81.7052,43.5576],[-81.7128,43.4741],[-81.7394,43.3916],[-81.7845,43.3269],[-81.8482,43.2801],[-81.9114,43.2456],[-81.9741,43.2234],[-82.0331,43.1858],[-82.0881,43.1327],[-82.1811,43.0851],[-82.312,43.0433],[-82.4172,43.0174],[-82.4319,43.0386],[-82.4613,43.081],[-82.5162,43.2796],[-82.5967,43.6344],[-82.6633,43.8542],[-82.7161,43.939],[-82.7877,44.0035],[-82.8782,44.0478],[-82.9472,44.067],[-82.9946,44.0611],[-83.0695,44.025],[-83.2093,43.9936],[-83.2666,43.9729],[-83.2995,43.9451],[-83.3381,43.9289],[-83.3826,43.9241],[-83.3875,43.9166],[-83.3531,43.9063],[-83.353,43.8793],[-83.4474,43.7584],[-83.4474,43.7584],[-83.4474,43.7584],[-83.4474,43.7584],[-83.4474,43.7584],[-83.4474,43.7584],[-83.4689,43.7309],[-83.526,43.7209],[-83.5731,43.6971],[-83.6216,43.6365],[-83.6679,43.621],[-83.7352,43.6267],[-83.848,43.6636],[-83.9157,43.7006],[-83.9383,43.7375],[-83.9396,43.7819],[-83.9198,43.8339],[-83.9216,43.8755],[-83.8788,43.9625],[-83.8214,43.9935],[-83.7377,44.0006],[-83.6915,44.0145],[-83.6828,44.035],[-83.657,44.0496],[-83.614,44.0583],[-83.5775,44.1134],[-83.5475,44.215],[-83.5125,44.2708],[-83.4874,44.2806],[-83.4642,44.2772],[-83.4628,44.2649],[-83.3662,44.33],[-83.3306,44.3751],[-83.3284,44.4214],[-83.3193,44.5565],[-83.3079,44.6438],[-83.2942,44.6833],[-83.2996,44.7852],[-83.3278,44.8692],[-83.4362,44.9614],[-83.4516,44.992],[-83.4481,45.0246],[-83.4259,45.0589],[-83.3778,45.0669],[-83.2931,45.0404],[-83.2787,45.0468],[-83.3023,45.0624],[-83.3161,45.0932],[-83.3202,45.139],[-83.3311,45.1642],[-83.349,45.169],[-83.3962,45.2214],[-83.4026,45.2483],[-83.3973,45.2736],[-83.4153,45.299],[-83.4785,45.3388],[-83.5937,45.3794],[-83.8688,45.4565],[-83.9183,45.4863],[-83.9863,45.5038],[-84.0728,45.5091],[-84.1277,45.5325],[-84.1511,45.5738],[-84.1893,45.6111],[-84.2423,45.6444],[-84.3263,45.6662],[-84.4414,45.6763],[-84.5629,45.7122],[-84.6909,45.7738],[-84.7626,45.7924],[-84.7569,45.8628],[-84.7274,45.8615],[-84.7133,45.8705],[-84.7127,45.8816],[-84.7254,45.8949],[-84.7171,45.9435],[-84.7249,45.9575],[-84.6747,46.0333],[-84.6315,46.0526],[-84.5815,46.0456],[-84.5499,46.0292],[-84.5369,46.0037],[-84.5213,45.9946],[-84.4903,45.9937],[-84.4731,45.99],[-84.4629,45.9921],[-84.4473,46.0062],[-84.3409,45.9998],[-83.9788,45.9615],[-83.9292,45.9676],[-83.901,45.9809],[-83.8941,46.0013],[-83.9174,46.0207],[-84.012,46.0614],[-84.0408,46.0882],[-84.0484,46.1135],[-84.0347,46.1374],[-84.0549,46.1589],[-84.1088,46.1782],[-84.2271,46.1836],[-84.2479,46.203],[-84.2385,46.2225],[-84.2037,46.247],[-84.2022,46.2832],[-84.2133,46.3038],[-84.2291,46.3658],[-84.2548,46.4076],[-84.3067,46.4691],[-84.3274,46.4915],[-84.358,46.5047],[-84.3439,46.5312]],[[-83.3453,45.9928],[-83.3923,45.9882],[-83.4374,45.9632],[-83.4667,45.936],[-83.48,45.9067],[-83.4533,45.8843],[-83.3866,45.8686],[-83.332,45.8804],[-83.2692,45.9466],[-83.271,45.9613],[-83.2964,45.9767],[-83.3453,45.9928],[-83.3453,45.9928],[-83.3453,45.9928]],[[-83.529,46.0236],[-83.5801,46.0801],[-83.6082,46.0966],[-83.6839,46.1063],[-83.6994,46.0956],[-83.6802,46.0704],[-83.6833,46.0572],[-83.7148,46.0375],[-83.775,46.0111],[-83.8203,46.005],[-83.8506,46.0191],[-83.8711,46.0174],[-83.8751,45.9913],[-83.8657,45.9791],[-83.8232,45.9557],[-83.7308,45.943],[-83.5883,45.9411],[-83.518,45.9579],[-83.4938,45.9908],[-83.5035,46.0131],[-83.529,46.0236],[-83.529,46.0236],[-83.529,46.0236]],[[-83.829,46.1477],[-83.8083,46.1666],[-83.7946,46.2143],[-83.8221,46.2535],[-83.8911,46.2842],[-83.9707,46.303],[-84.0611,46.3098],[-84.097,46.2876],[-84.0782,46.2364],[-84.0388,46.1771],[-83.9786,46.1094],[-83.9303,46.0917],[-83.9068,46.0972],[-83.8873,46.1189],[-83.8759,46.1479],[-83.8565,46.1575],[-83.829,46.1477],[-83.829,46.1477],[-83.829,46.1477]],[[-84.1688,46.3245],[-84.1881,46.3235],[-84.1955,46.3034],[-84.1849,46.2794],[-84.1349,46.2404],[-84.1207,46.2459],[-84.1156,46.2608],[-84.1196,46.285],[-84.1373,46.3062],[-84.1688,46.3245],[-84.1688,46.3245],[-84.1688,46.3245]],[[-84.1327,46.3407],[-84.1328,46.3622],[-84.1636,46.41],[-84.1651,46.4568],[-84.1374,46.5026],[-84.1424,46.5309],[-84.1803,46.5418],[-84.2155,46.5361],[-84.2742,46.4875],[-84.2351,46.4445],[-84.2095,46.3843],[-84.189,46.3601],[-84.1634,46.3456],[-84.1327,46.3407],[-84.1327,46.3407],[-84.1327,46.3407]],[[-84.429,45.8065],[-84.5572,45.8205],[-84.5631,45.8039],[-84.4875,45.7535],[-84.4412,45.7345],[-84.4123,45.7363],[-84.3901,45.7466],[-84.3748,45.7654],[-84.3803,45.7877],[-84.4167,45.8143],[-84.429,45.8065],[-84.429,45.8065],[-84.429,45.8065]],[[-82.9623,45.8334],[-82.9367,45.811],[-82.7358,45.7967],[-82.626,45.7722],[-82.5104,45.7275],[-82.4095,45.698],[-82.3232,45.6836],[-82.2561,45.6601],[-82.2081,45.6275],[-82.0911,45.5909],[-82.076,45.5697],[-82.0553,45.5613],[-82.029,45.566],[-81.8211,45.6916],[-81.7598,45.6976],[-81.7596,45.6852],[-81.8645,45.6106],[-81.9023,45.6031],[-81.9225,45.6037],[-81.9767,45.5699],[-81.9772,45.5614],[-81.9462,45.5661],[-81.9143,45.5575],[-81.8812,45.5355],[-81.8281,45.5467],[-81.7547,45.5911],[-81.6857,45.6567],[-81.593,45.7917],[-81.6015,45.8012],[-81.6851,45.8014],[-81.6986,45.8148],[-81.6728,45.8447],[-81.6648,45.8719],[-81.6748,45.8965],[-81.6982,45.8937],[-81.7351,45.8637],[-81.7631,45.8212],[-81.7959,45.7404],[-81.8038,45.7432],[-81.8384,45.7884],[-81.8418,45.8228],[-81.8282,45.8622],[-81.8406,45.8854],[-81.879,45.8925],[-81.8973,45.9103],[-81.8955,45.9388],[-81.9093,45.9618],[-81.9389,45.9792],[-81.9873,45.9771],[-82.0546,45.955],[-82.1064,45.9191],[-82.1426,45.8694],[-82.1753,45.8711],[-82.2046,45.9242],[-82.2355,45.9458],[-82.2684,45.9359],[-82.288,45.9452],[-82.2945,45.9734],[-82.332,45.982],[-82.4006,45.9708],[-82.4441,45.9548],[-82.4626,45.9339],[-82.4806,45.9303],[-82.4979,45.9439],[-82.5272,45.9386],[-82.5685,45.9144],[-82.5805,45.8955],[-82.5563,45.8699],[-82.56,45.8596],[-82.5204,45.8489],[-82.5149,45.8334],[-82.5314,45.8058],[-82.5542,45.807],[-82.5834,45.837],[-82.6078,45.8475],[-82.6273,45.8386],[-82.6448,45.8426],[-82.6603,45.8597],[-82.6909,45.8629],[-82.7369,45.8523],[-82.7646,45.8582],[-82.774,45.8803],[-82.7935,45.8976],[-82.8229,45.9098],[-82.8321,45.9362],[-82.821,45.9766],[-82.8452,45.9904],[-82.9047,45.9778],[-82.9448,45.9627],[-82.9655,45.9452],[-82.9957,45.9435],[-83.0354,45.9574],[-83.0693,45.9546],[-83.0973,45.9351],[-83.1245,45.9379],[-83.1508,45.9632],[-83.1762,45.9689],[-83.2006,45.9549],[-83.2158,45.9327],[-83.2218,45.9021],[-83.1601,45.8752],[-82.9623,45.8334],[-82.9623,45.8334],[-82.9623,45.8334]],[[-81.7126,45.5263],[-81.7351,45.5306],[-81.8288,45.4977],[-81.8375,45.484],[-81.8329,45.4725],[-81.8149,45.4632],[-81.7881,45.4658],[-81.7273,45.5005],[-81.7126,45.5263],[-81.7126,45.5263],[-81.7126,45.5263]],[[-80.173,44.7962],[-80.1743,44.8089],[-80.1577,44.8479],[-80.1714,44.8648],[-80.2158,44.8717],[-80.2363,44.8645],[-80.2328,44.8433],[-80.2157,44.8227],[-80.173,44.7962],[-80.173,44.7962],[-80.173,44.7962]]]}},{"type":"Feature","properties":{"name":"Lago Madre","scalerank":0},"geometry":{"type":"Polygon","coordinates":[[[-97.4268,25.3536],[-97.4564,25.2733],[-97.5373,25.0815],[-97.6122,24.7819],[-97.6871,24.4764],[-97.7201,24.2546],[-97.7578,23.9148],[-97.7654,23.9167],[-97.7755,24.0821],[-97.759,24.1587],[-97.75,24.2636],[-97.741,24.3909],[-97.7683,24.4361],[-97.8047,24.444],[-97.8283,24.4766],[-97.8332,24.5171],[-97.8242,24.5444],[-97.8003,24.546],[-97.7417,24.5017],[-97.7252,24.5013],[-97.6886,24.6635],[-97.6997,24.7088],[-97.7029,24.8445],[-97.643,24.9077],[-97.6547,24.9371],[-97.7072,24.9658],[-97.7287,24.9937],[-97.6988,25.1591],[-97.6997,25.2008],[-97.7058,25.2251],[-97.7545,25.2573],[-97.721,25.2875],[-97.6802,25.3458],[-97.6535,25.3648],[-97.6432,25.3635],[-97.6109,25.3258],[-97.5759,25.3121],[-97.5431,25.3115],[-97.5306,25.3275],[-97.5184,25.4354],[-97.5077,25.4474],[-97.4726,25.4399],[-97.4375,25.406],[-97.4268,25.3536],[-97.4268,25.3536],[-97.4268,25.3536]]]}},{"type":"Feature","properties":{"name":"Wollaston Lake","scalerank":0},"geometry":{"type":"Polygon","coordinates":[[[-102.8372,58.3299],[-102.8617,58.3176],[-102.9109,58.3227],[-102.9484,58.3055],[-102.9823,58.2746],[-103.0009,58.243],[-102.9831,58.2201],[-102.9391,58.1981],[-102.9405,58.1734],[-103.0559,58.1243],[-103.1016,58.1338],[-103.2311,58.0808],[-103.2593,58.0533],[-103.2814,57.9841],[-103.2809,57.8968],[-103.2687,57.8696],[-103.2451,57.851],[-103.2176,57.8437],[-103.2112,57.8281],[-103.269,57.7378],[-103.33,57.6972],[-103.3604,57.6946],[-103.3469,57.7294],[-103.3063,57.7785],[-103.3137,57.8279],[-103.359,57.8614],[-103.3992,57.8679],[-103.4691,57.8767],[-103.5593,57.8687],[-103.7279,57.7965],[-103.7944,57.7768],[-103.8293,57.7791],[-103.8323,57.7937],[-103.7957,57.8234],[-103.6563,57.9193],[-103.6704,57.9386],[-103.7767,57.9324],[-103.8031,57.9469],[-103.7927,57.9636],[-103.697,58.0193],[-103.6734,58.0374],[-103.6718,58.0542],[-103.6819,58.0779],[-103.709,58.1016],[-103.7059,58.1274],[-103.6545,58.173],[-103.6194,58.2339],[-103.6125,58.2674],[-103.6193,58.2827],[-103.6619,58.2836],[-103.6271,58.3477],[-103.6104,58.4085],[-103.5811,58.4315],[-103.5499,58.4551],[-103.4946,58.4623],[-103.3841,58.4316],[-103.2391,58.4716],[-103.2231,58.4847],[-103.2214,58.5246],[-103.2052,58.5444],[-103.1849,58.5522],[-103.1408,58.5329],[-102.9525,58.5325],[-102.9456,58.5034],[-102.9212,58.4772],[-102.8034,58.4116],[-102.7914,58.3813],[-102.8372,58.3299],[-102.8372,58.3299],[-102.8372,58.3299]]]}},{"type":"Feature","properties":{"name":"Lake Athabasca","scalerank":0},"geometry":{"type":"Polygon","coordinates":[[[-109.2328,59.1266],[-109.2786,59.1271],[-109.453,59.0834],[-109.8859,59.0063],[-110.0738,58.9487],[-110.2756,58.8602],[-110.3362,58.8259],[-110.4032,58.7682],[-110.4401,58.716],[-110.4351,58.6993],[-110.3695,58.6757],[-110.3761,58.6445],[-110.4115,58.6307],[-110.6727,58.6304],[-110.7472,58.6137],[-110.7774,58.5831],[-110.7871,58.5456],[-110.812,58.5125],[-110.8389,58.5109],[-110.8767,58.6286],[-110.9034,58.6314],[-110.9436,58.6211],[-110.9903,58.5938],[-111.036,58.5224],[-111.075,58.5048],[-111.0932,58.5265],[-111.1068,58.5468],[-111.1105,58.5719],[-111.0976,58.6155],[-111.2621,58.7029],[-111.2954,58.7294],[-111.3015,58.7556],[-111.2804,58.7885],[-111.1944,58.7877],[-111.1498,58.7749],[-111.1607,58.7389],[-111.1248,58.7351],[-111.0186,58.7641],[-110.8719,58.8373],[-110.612,59.0412],[-110.4831,59.1102],[-110.3523,59.1563],[-110.0347,59.2972],[-109.8753,59.3566],[-109.8345,59.3895],[-109.777,59.4132],[-109.799,59.4334],[-109.8007,59.445],[-109.7049,59.5039],[-109.6225,59.5425],[-109.5469,59.5701],[-109.398,59.5972],[-109.2601,59.6],[-109.1725,59.5867],[-109.0359,59.4978],[-108.8279,59.5104],[-108.7954,59.5037],[-108.8627,59.4064],[-108.8567,59.387],[-108.7484,59.3867],[-108.5378,59.4352],[-108.2192,59.4733],[-107.9527,59.4344],[-107.558,59.3958],[-107.2389,59.3482],[-106.8161,59.3268],[-106.6095,59.3196],[-106.0213,59.2901],[-106.0182,59.2713],[-106.0423,59.2519],[-106.7097,59.2629],[-107.2048,59.2843],[-107.4525,59.304],[-107.5888,59.2924],[-107.6063,59.3003],[-107.6259,59.3312],[-107.7082,59.34],[-107.7337,59.3364],[-107.7572,59.3196],[-107.7857,59.2883],[-107.8191,59.2285],[-107.8367,59.2158],[-107.9583,59.2037],[-108.2112,59.1611],[-108.7505,59.1203],[-108.9416,59.1152],[-109.1033,59.0978],[-109.1631,59.1018],[-109.2328,59.1266],[-109.2328,59.1266],[-109.2328,59.1266],[-109.2328,59.1266]]]}},{"type":"Feature","properties":{"name":"Lake Mistassini","scalerank":0},"geometry":{"type":"Polygon","coordinates":[[[-72.8999,51.1459],[-72.9878,51.1036],[-73.1138,50.9968],[-73.1345,50.989],[-73.2538,50.9125],[-73.3705,50.8446],[-73.4593,50.7933],[-73.458,50.8138],[-73.3943,50.8927],[-73.2615,50.9773],[-73.1887,51.0692],[-73.175,51.0713],[-73.1513,51.0696],[-73.1315,51.0903],[-73.1291,51.1055],[-73.1434,51.1447],[-73.1507,51.1561],[-73.1729,51.1578],[-73.2928,51.0769],[-73.3962,50.9935],[-73.5729,50.8353],[-73.5989,50.8246],[-73.6308,50.824],[-73.7711,50.6408],[-73.8001,50.5952],[-73.8174,50.499],[-73.8105,50.452],[-73.7988,50.4121],[-73.7879,50.3899],[-73.8074,50.3877],[-73.8318,50.4129],[-73.8432,50.4057],[-73.8371,50.3408],[-73.8193,50.3006],[-73.7995,50.2362],[-73.8177,50.2114],[-73.9037,50.1618],[-74.0079,50.1204],[-74.0343,50.0906],[-74.0757,50.0427],[-74.1517,50.0377],[-74.2195,50.0576],[-74.1997,50.0757],[-74.098,50.0918],[-74.0128,50.1783],[-73.8789,50.218],[-73.8276,50.2494],[-73.8359,50.2758],[-73.8796,50.297],[-73.8961,50.3274],[-73.8988,50.3524],[-73.8777,50.3811],[-73.8386,50.6393],[-73.8871,50.5899],[-73.9157,50.5438],[-73.9259,50.5142],[-73.9169,50.4892],[-73.9186,50.4743],[-73.9316,50.4577],[-74.0024,50.4781],[-74.1055,50.3988],[-74.1319,50.4032],[-74.1038,50.4478],[-73.9541,50.7219],[-73.8453,50.8882],[-73.8559,50.8979],[-73.9114,50.8975],[-73.9158,50.9104],[-73.89,50.9538],[-73.9052,50.9627],[-73.8919,50.981],[-73.6415,51.0776],[-73.3783,51.2403],[-73.2023,51.3198],[-73.0669,51.3904],[-72.9859,51.397],[-72.9844,51.378],[-73.0672,51.3172],[-73.0405,51.3094],[-72.89,51.354],[-72.8113,51.361],[-72.7919,51.3531],[-72.8001,51.3351],[-72.8511,51.3048],[-73.0674,51.206],[-73.0915,51.1784],[-73.0718,51.1603],[-73.0409,51.1545],[-72.8113,51.2441],[-72.7235,51.2543],[-72.6901,51.2406],[-72.7186,51.2173],[-72.8999,51.1459],[-72.8999,51.1459],[-72.8999,51.1459]]]}},{"type":"Feature","properties":{"name":"IJsselmeer","scalerank":0},"geometry":{"type":"Polygon","coordinates":[[[5.8672,52.5632],[5.8672,52.5632],[5.8672,52.5632],[5.8672,52.5632],[5.87,52.4854],[5.7951,52.4277],[5.4953,52.2519],[5.316,52.2915],[5.0399,52.3441],[5.0141,52.3643],[5.0362,52.4046],[5.0623,52.4307],[5.069,52.4514],[5.0698,52.5204],[5.06,52.5656],[5.0659,52.6237],[5.138,52.6266],[5.2417,52.6698],[5.2475,52.7304],[5.1648,52.7857],[5.1176,52.836],[5.094,52.8862],[5.0681,52.9234],[5.1523,52.9667],[5.2689,53.0272],[5.3772,53.0647],[5.3982,53.0419],[5.4131,52.9026],[5.4204,52.8745],[5.455,52.8572],[5.5473,52.8457],[5.6568,52.8514],[5.667,52.8173],[5.6253,52.7818],[5.618,52.7577],[5.6131,52.6844],[5.6191,52.6585],[5.6534,52.6296],[5.8354,52.6093],[5.8672,52.5632]],[[5.8009,52.4658],[5.8009,52.4658],[5.8009,52.4658],[5.8009,52.4658],[5.8342,52.5022],[5.8295,52.5354],[5.7975,52.5646],[5.7355,52.5822],[5.6581,52.5876],[5.5393,52.5577],[5.377,52.4903],[5.1686,52.3788],[5.1839,52.3584],[5.2424,52.3337],[5.4244,52.2977],[5.4991,52.3019],[5.548,52.3244],[5.6206,52.3759],[5.741,52.429],[5.8009,52.4658]]]}},{"type":"Feature","properties":{"name":"Rybinsk Reservoir","scalerank":0},"geometry":{"type":"Polygon","coordinates":[[[38.681,58.1082],[38.6117,58.1131],[38.3831,58.1219],[38.357,58.1001],[38.4369,58.0356],[38.4371,58.0175],[38.4153,58.0156],[38.3692,58.0316],[38.3102,58.0406],[38.2811,58.0539],[38.2592,58.0709],[38.2496,58.1027],[38.251,58.1987],[38.2205,58.2373],[38.1487,58.2486],[37.944,58.3009],[37.8972,58.2918],[37.5071,58.5354],[37.4169,58.6131],[37.3168,58.6574],[37.1553,58.695],[37.1546,58.7065],[37.1692,58.7256],[37.1508,58.8487],[37.3079,58.76],[37.3723,58.7314],[37.4229,58.7266],[37.4104,58.6891],[37.4104,58.67],[37.4592,58.6339],[37.5377,58.6127],[37.5646,58.5528],[37.6087,58.5453],[37.6611,58.5575],[37.6666,58.5725],[37.6209,58.6262],[37.6323,58.6362],[37.7148,58.6175],[37.7678,58.6176],[37.9949,58.5504],[38.0739,58.5419],[38.0738,58.5916],[38.1031,58.6195],[38.0955,58.6345],[37.9877,58.6722],[37.9842,58.6924],[37.9453,58.7203],[37.9417,58.7355],[37.9613,58.7436],[38.0239,58.7459],[37.9959,58.8617],[37.9176,58.8583],[37.8694,58.8971],[37.8283,58.9141],[37.7772,58.9262],[37.7137,58.9277],[37.6424,58.9189],[37.5812,58.8988],[37.5014,58.8448],[37.4713,58.8571],[37.4658,58.8746],[37.4844,58.9272],[37.4991,58.9442],[37.6089,58.989],[37.6732,59.0252],[37.6956,59.064],[37.6763,59.1023],[37.64,59.1377],[37.6449,59.1568],[37.8429,59.1553],[37.94,59.1741],[37.9873,59.1768],[38.0016,59.1598],[38.0074,59.1437],[38.0272,59.1281],[38.1162,59.1026],[38.1594,59.1016],[38.1797,59.1133],[38.1805,59.1321],[38.1764,59.1482],[38.124,59.2029],[38.1433,59.2098],[38.1829,59.2031],[38.294,59.1613],[38.4146,59.1734],[38.4073,59.1523],[38.3315,59.0926],[38.2395,59.0627],[38.1705,59.065],[37.9102,59.1027],[37.8664,59.0941],[37.8577,59.0751],[37.9199,59.0421],[38.047,58.9942],[38.1194,58.9546],[38.4273,58.747],[38.61,58.6366],[38.7528,58.5469],[38.9893,58.4956],[39.0037,58.4756],[38.9703,58.4408],[39.0004,58.3868],[39.0053,58.3581],[38.8709,58.3311],[38.8305,58.2956],[38.8121,58.2507],[38.8188,58.1348],[38.8052,58.122],[38.7795,58.1348],[38.6917,58.207],[38.6383,58.2203],[38.6192,58.2013],[38.6979,58.133],[38.704,58.1131],[38.681,58.1082],[38.681,58.1082],[38.681,58.1082]]]}},{"type":"Feature","properties":{"name":"Issyk-Kul","scalerank":0},"geometry":{"type":"Polygon","coordinates":[[[78.3026,42.5884],[78.2924,42.5641],[78.158,42.5501],[78.0142,42.4875],[77.8707,42.4283],[77.8518,42.4022],[77.8539,42.3666],[77.7162,42.2404],[77.595,42.2004],[77.5146,42.1818],[77.1365,42.1682],[77.0229,42.173],[76.9215,42.1904],[76.5777,42.2914],[76.4321,42.3195],[76.3287,42.33],[76.2631,42.3276],[76.2272,42.3889],[76.2154,42.4352],[76.2265,42.4606],[76.4528,42.4886],[76.7471,42.5653],[76.965,42.6123],[77.1902,42.6469],[77.3374,42.6697],[77.5349,42.6513],[77.6841,42.7018],[78.0638,42.7267],[78.2488,42.7337],[78.1514,42.6718],[78.1189,42.6415],[78.1363,42.6077],[78.3026,42.5884],[78.3026,42.5884],[78.3026,42.5884]]]}},{"type":"Feature","properties":{"name":"Lake of the Woods","scalerank":0},"geometry":{"type":"Polygon","coordinates":[[[-94.0521,49.3731],[-94.0521,49.3731],[-94.0521,49.3731],[-94.0411,49.3584],[-94.0473,49.268],[-94.0652,49.2384],[-94.0923,49.2189],[-94.119,49.2063],[-94.1287,49.2104],[-94.1147,49.2311],[-94.1095,49.2634],[-94.1821,49.3303],[-94.2211,49.3936],[-94.2784,49.4073],[-94.2514,49.4569],[-94.2542,49.4709],[-94.3646,49.4834],[-94.4738,49.4717],[-94.6464,49.4449],[-94.7452,49.409],[-94.7695,49.3934],[-94.7901,49.3533],[-94.7781,49.3397],[-94.6402,49.3536],[-94.609,49.3448],[-94.5772,49.2979],[-94.5221,49.2669],[-94.4641,49.232],[-94.3541,49.266],[-94.3026,49.2526],[-94.2716,49.2271],[-94.2674,49.1942],[-94.24,49.1812],[-94.0988,49.1671],[-94.074,49.1554],[-94.1173,49.1259],[-94.1969,49.0958],[-94.265,49.1141],[-94.3095,49.1036],[-94.3238,49.0709],[-94.5368,48.9451],[-94.7128,48.8634],[-94.8178,48.8678],[-94.9157,48.9256],[-95.0026,48.9643],[-95.0373,48.9588],[-95.1792,48.8967],[-95.2735,48.8862],[-95.3128,48.9281],[-95.3155,48.97],[-95.2673,49.029],[-95.2656,49.0596],[-95.2766,49.1053],[-95.2605,49.1371],[-95.1985,49.1665],[-95.0851,49.1765],[-94.9828,49.1953],[-94.9356,49.2398],[-94.9409,49.321],[-95.009,49.342],[-95.0142,49.3682],[-94.9407,49.4001],[-94.9094,49.4371],[-94.8223,49.5116],[-94.6909,49.561],[-94.6454,49.6031],[-94.6505,49.6207],[-94.6882,49.6256],[-94.7449,49.6162],[-94.7956,49.5991],[-94.9108,49.5264],[-94.9851,49.4966],[-95.1074,49.4634],[-95.1386,49.4719],[-95.1161,49.5426],[-95.1525,49.6224],[-95.0992,49.6393],[-95.0084,49.6354],[-94.9615,49.6207],[-94.9734,49.5842],[-94.9581,49.5754],[-94.9263,49.576],[-94.8884,49.5851],[-94.8401,49.6126],[-94.8703,49.6627],[-94.823,49.6904],[-94.5882,49.7238],[-94.5598,49.7638],[-94.5758,49.8073],[-94.6782,49.9527],[-94.6589,49.9745],[-94.6145,49.9927],[-94.588,49.988],[-94.5385,49.9312],[-94.53,49.8527],[-94.4961,49.8041],[-94.451,49.7375],[-94.3462,49.7245],[-94.3122,49.6852],[-94.3323,49.6394],[-94.3144,49.5998],[-94.3617,49.5763],[-94.3684,49.5631],[-94.3017,49.5149],[-94.1733,49.4966],[-94.1343,49.4484],[-94.1444,49.4274],[-94.0521,49.3731]],[[-94.7016,49.1906],[-94.7016,49.1906],[-94.7016,49.1906],[-94.7874,49.1925],[-94.7837,49.1701],[-94.7315,49.0918],[-94.6569,49.0899],[-94.6308,49.0564],[-94.5935,49.0359],[-94.5283,49.0415],[-94.5059,49.1179],[-94.4462,49.1794],[-94.4481,49.2018],[-94.5152,49.2148],[-94.6215,49.1906],[-94.7016,49.1906]]]}},{"type":"Feature","properties":{"name":"Lake Nipigon","scalerank":0},"geometry":{"type":"Polygon","coordinates":[[[-88.0305,49.9612],[-88.0305,49.9612],[-88.0305,49.9612],[-88.1065,49.9342],[-88.1445,49.9122],[-88.1433,49.8949],[-88.1081,49.8678],[-88.1295,49.7849],[-88.1124,49.7114],[-88.1342,49.6353],[-88.1657,49.5804],[-88.1586,49.5075],[-88.1803,49.4662],[-88.3049,49.4592],[-88.3683,49.4341],[-88.406,49.3891],[-88.4387,49.3937],[-88.4666,49.4432],[-88.4936,49.4625],[-88.5135,49.5142],[-88.5416,49.5488],[-88.5522,49.5437],[-88.547,49.4883],[-88.5627,49.4622],[-88.6218,49.4279],[-88.6676,49.4334],[-88.7057,49.4415],[-88.7729,49.4581],[-88.7859,49.4883],[-88.7594,49.527],[-88.7104,49.587],[-88.6104,49.6065],[-88.5902,49.6078],[-88.5873,49.6279],[-88.6075,49.6466],[-88.6881,49.6332],[-88.7442,49.6308],[-88.7856,49.5671],[-88.8232,49.5396],[-88.8689,49.5205],[-88.909,49.5104],[-88.9601,49.5013],[-89.0003,49.5286],[-89.0186,49.5678],[-89.0164,49.5828],[-88.9601,49.5603],[-88.9202,49.5597],[-88.9074,49.5794],[-88.9065,49.6176],[-88.9291,49.6943],[-88.9303,49.7547],[-88.9557,49.756],[-89.0075,49.7143],[-89.0454,49.7259],[-89.0921,49.7755],[-89.087,49.8041],[-89.0692,49.824],[-89.0044,49.7865],[-88.9494,49.8098],[-88.9406,49.8199],[-88.9502,49.8551],[-88.9451,49.8797],[-88.8885,49.9325],[-88.9046,50.0234],[-88.8932,50.0568],[-88.7694,50.2133],[-88.7045,50.2536],[-88.6391,50.277],[-88.5511,50.2391],[-88.4648,50.2376],[-88.3559,50.162],[-88.3146,50.1479],[-88.2876,50.15],[-88.2778,50.1593],[-88.2882,50.178],[-88.34,50.2258],[-88.4148,50.2653],[-88.4205,50.2892],[-88.3839,50.2908],[-88.3438,50.275],[-88.2318,50.2128],[-88.1992,50.1877],[-88.1705,50.1348],[-88.1722,50.1129],[-88.2045,50.1115],[-88.2154,50.0958],[-88.2224,50.0592],[-88.2176,50.027],[-88.2347,49.9906],[-88.2132,49.9935],[-88.1688,50.0278],[-88.1326,50.0352],[-88.0836,50.0007],[-88.0333,49.9791],[-88.0305,49.9612]],[[-88.5543,50.022],[-88.5543,50.022],[-88.5543,50.022],[-88.5543,50.0358],[-88.5897,50.0466],[-88.6159,50.0466],[-88.6297,50.0435],[-88.6328,50.0174],[-88.639,49.985],[-88.6544,49.9497],[-88.6882,49.9266],[-88.719,49.9004],[-88.7467,49.8788],[-88.7482,49.8681],[-88.7159,49.8496],[-88.6759,49.8496],[-88.6205,49.8204],[-88.5882,49.805],[-88.582,49.8157],[-88.5897,49.8357],[-88.6113,49.8619],[-88.6359,49.8973],[-88.6359,49.9158],[-88.6251,49.9512],[-88.5882,49.9835],[-88.5666,49.9973],[-88.5543,50.022]],[[-88.385,49.6473],[-88.385,49.6473],[-88.385,49.6473],[-88.3745,49.6894],[-88.3929,49.7],[-88.4219,49.6854],[-88.489,49.6604],[-88.4903,49.6117],[-88.3995,49.617],[-88.385,49.6473]]]}},{"type":"Feature","properties":{"name":"Reindeer Lake","scalerank":0},"geometry":{"type":"Polygon","coordinates":[[[-101.7243,57.9098],[-101.7243,57.9098],[-101.7243,57.9098],[-101.7243,57.9098],[-101.6782,57.9175],[-101.5443,57.9202],[-101.5334,57.88],[-101.5434,57.816],[-101.6301,57.7575],[-101.7347,57.6466],[-101.8284,57.5786],[-101.9611,57.5166],[-102.0478,57.4842],[-102.1062,57.4272],[-102.0938,57.3676],[-101.8877,57.3052],[-101.8356,57.2702],[-101.8642,57.2502],[-101.9574,57.2388],[-102.0324,57.1912],[-102.0481,57.1143],[-101.9991,57.054],[-101.9621,57.0247],[-102.0408,56.9649],[-102.1275,56.915],[-102.1768,56.864],[-102.3126,56.8384],[-102.34,56.8096],[-102.3556,56.7714],[-102.3982,56.6969],[-102.4371,56.658],[-102.4392,56.6267],[-102.4654,56.6079],[-102.5437,56.5877],[-102.6009,56.5637],[-102.8854,56.4735],[-102.9269,56.4408],[-102.9378,56.4017],[-102.9773,56.3692],[-103.0438,56.3798],[-103.0869,56.4195],[-103.1367,56.4142],[-103.2011,56.3579],[-103.2323,56.3089],[-103.2407,56.2777],[-103.2716,56.2766],[-103.2876,56.3041],[-103.2714,56.3873],[-103.2609,56.4365],[-103.257,56.4753],[-103.2984,56.4959],[-103.2934,56.5434],[-103.2415,56.5742],[-103.1919,56.5553],[-103.1529,56.6198],[-103.1293,56.7642],[-103.1056,56.853],[-103.069,56.8491],[-103.08,56.6766],[-103.0511,56.5687],[-102.9777,56.5616],[-102.8615,56.6833],[-102.7935,56.7085],[-102.7325,56.7163],[-102.6922,56.7416],[-102.6769,56.7731],[-102.6252,56.7867],[-102.5698,56.8304],[-102.5437,56.9297],[-102.5543,56.9984],[-102.5838,57.0462],[-102.6757,57.0833],[-102.7418,57.1009],[-102.722,57.1535],[-102.6934,57.2099],[-102.7208,57.2449],[-102.7889,57.2827],[-102.8524,57.2986],[-102.9193,57.2952],[-102.933,57.3644],[-102.8901,57.4507],[-102.7905,57.5037],[-102.6944,57.5643],[-102.674,57.5973],[-102.693,57.6371],[-102.6918,57.6882],[-102.6401,57.7019],[-102.5226,57.7305],[-102.4395,57.7987],[-102.205,57.931],[-102.1487,57.9927],[-102.1509,58.0379],[-102.0524,58.1074],[-101.991,58.0883],[-102.0133,58.0029],[-101.971,57.9634],[-101.9125,57.9908],[-101.8678,58.0535],[-101.8193,58.0646],[-101.8033,58.0204],[-101.8467,57.8977],[-101.8465,57.8665],[-101.8154,57.8431],[-101.7332,57.8729],[-101.7243,57.9098]]]}},{"type":"Feature","properties":{"name":"Oneida Lake","scalerank":0},"geometry":{"type":"Polygon","coordinates":[[[-75.75,43.2255],[-75.7334,43.2057],[-75.7996,43.1809],[-75.9592,43.1768],[-76.0956,43.2379],[-76.0964,43.2537],[-76.0601,43.2627],[-75.8607,43.2479],[-75.75,43.2255],[-75.75,43.2255],[-75.75,43.2255],[-75.75,43.2255]]]}},{"type":"Feature","properties":{"name":"Iliamna Lake","scalerank":0},"geometry":{"type":"Polygon","coordinates":[[[-153.9713,59.7693],[-154.1087,59.7176],[-154.2303,59.6869],[-154.3713,59.6654],[-154.5338,59.6279],[-154.5629,59.5922],[-154.5552,59.5481],[-154.5786,59.5028],[-154.583,59.4737],[-154.6135,59.4515],[-154.6855,59.4428],[-154.9074,59.4319],[-155.7434,59.3345],[-155.8813,59.3769],[-155.9137,59.4565],[-155.8457,59.5376],[-155.2598,59.6619],[-154.9927,59.7054],[-154.3282,59.7914],[-154.1895,59.7807],[-154.0742,59.7796],[-153.9713,59.7693],[-153.9713,59.7693],[-153.9713,59.7693],[-153.9713,59.7693]]]}},{"type":"Feature","properties":{"name":null,"scalerank":0},"geometry":{"type":"Polygon","coordinates":[[[-155.9608,57.8702],[-156.0212,57.8374],[-156.0213,57.8123],[-155.9958,57.7934],[-155.9931,57.7635],[-156.0404,57.7053],[-156.1305,57.6395],[-156.1592,57.6334],[-156.1271,57.6889],[-156.1148,57.7489],[-156.1606,57.7972],[-156.3581,57.8355],[-156.6047,57.8794],[-156.6775,57.8881],[-156.8317,57.9314],[-156.8836,57.9991],[-156.8166,58.0672],[-156.6377,58.0858],[-156.279,58.0065],[-155.9758,57.9092],[-155.9608,57.8702],[-155.9608,57.8702],[-155.9608,57.8702],[-155.9608,57.8702]]]}},{"type":"Feature","properties":{"name":"Lake Tahoe","scalerank":0},"geometry":{"type":"Polygon","coordinates":[[[-119.9427,39.0251],[-119.9657,38.9574],[-120.0334,38.9453],[-120.0808,38.9709],[-120.1133,39.0604],[-120.1392,39.0908],[-120.1322,39.1429],[-120.0591,39.2214],[-119.986,39.2424],[-119.9617,39.254],[-119.9359,39.254],[-119.9184,39.2065],[-119.9427,39.0251],[-119.9427,39.0251],[-119.9427,39.0251],[-119.9427,39.0251]]]}},{"type":"Feature","properties":{"name":null,"scalerank":0},"geometry":{"type":"Polygon","coordinates":[[[35.3237,-14.619],[35.2933,-14.6839],[35.27,-14.7331],[35.2493,-14.7389],[35.1973,-14.6818],[35.1979,-14.5796],[35.208,-14.5313],[35.2402,-14.5099],[35.2676,-14.5173],[35.2978,-14.5627],[35.3237,-14.619],[35.3237,-14.619],[35.3237,-14.619],[35.3237,-14.619]]]}},{"type":"Feature","properties":{"name":"Lake Zaysan","scalerank":0},"geometry":{"type":"Polygon","coordinates":[[[84.5156,47.9299],[84.4267,47.8569],[84.3943,47.8162],[84.3568,47.7321],[84.296,47.6991],[84.2418,47.7064],[83.9943,47.8433],[83.7656,47.9512],[83.6246,48.0128],[83.4445,48.0488],[83.259,48.0946],[83.0826,48.1782],[83.0268,48.2119],[83.0386,48.2496],[83.1821,48.2494],[83.2751,48.2613],[83.4353,48.27],[83.4976,48.3045],[83.5326,48.3751],[83.4607,48.4323],[83.3922,48.4999],[83.387,48.554],[83.4174,48.5975],[83.4227,48.7432],[83.4712,48.8582],[83.5895,48.9624],[83.7473,49.0393],[83.8717,49.0627],[84.0361,49.1106],[84.1206,49.1591],[84.0998,49.238],[83.9725,49.3288],[83.8485,49.4171],[83.7244,49.4396],[83.6604,49.4429],[83.608,49.4862],[83.539,49.5319],[83.4789,49.5382],[83.4265,49.5734],[83.3648,49.6261],[83.3637,49.6438],[83.3912,49.6524],[83.6082,49.6063],[83.7398,49.631],[83.8898,49.7204],[83.9636,49.7264],[83.9612,49.7026],[83.8183,49.6336],[83.7967,49.5971],[83.7565,49.5644],[83.7295,49.5352],[83.8231,49.4839],[84.2878,49.2377],[84.3606,49.1605],[84.3286,49.1249],[84.149,49.086],[83.8641,48.9944],[83.7768,48.9754],[83.6092,48.9104],[83.5141,48.8133],[83.4869,48.7183],[83.5168,48.6168],[83.6134,48.4373],[83.7739,48.4104],[83.9194,48.3972],[83.9071,48.3735],[83.6819,48.3534],[83.5962,48.303],[83.5812,48.2675],[83.6336,48.2415],[83.74,48.1977],[83.8807,48.1519],[84.0515,48.0835],[84.1671,48.056],[84.3339,48.0231],[84.4684,47.9694],[84.5156,47.9299],[84.5156,47.9299],[84.5156,47.9299],[84.5156,47.9299]]]}},{"type":"Feature","properties":{"name":"Lake Winnebago","scalerank":0},"geometry":{"type":"Polygon","coordinates":[[[-88.3251,44.0676],[-88.3338,43.9381],[-88.3833,43.866],[-88.4311,43.8081],[-88.4648,43.8134],[-88.4918,43.9392],[-88.5187,44.0291],[-88.4845,44.1104],[-88.4179,44.1945],[-88.3581,44.196],[-88.3211,44.1802],[-88.3251,44.0676],[-88.3251,44.0676],[-88.3251,44.0676],[-88.3251,44.0676]]]}},{"type":"Feature","properties":{"name":"Nettilling Lake","scalerank":0},"geometry":{"type":"Polygon","coordinates":[[[-71.4385,66.5964],[-71.4212,66.6276],[-71.3727,66.6627],[-71.331,66.7255],[-71.2092,66.862],[-71.1941,66.9446],[-71.2274,67.0008],[-71.1739,67.028],[-71.0014,67.0202],[-70.8257,66.9944],[-70.7878,66.9671],[-70.7369,66.9233],[-70.63,66.8676],[-70.6106,66.8325],[-70.569,66.7944],[-70.4628,66.7533],[-70.3529,66.7368],[-70.2881,66.748],[-70.2106,66.7314],[-69.9455,66.6883],[-69.7362,66.6278],[-69.6213,66.602],[-69.4898,66.5808],[-69.4661,66.5469],[-69.5271,66.5028],[-69.6458,66.4757],[-69.6458,66.4417],[-69.553,66.4321],[-69.423,66.4295],[-69.4016,66.4316],[-69.3474,66.4485],[-69.2533,66.4508],[-69.2207,66.4059],[-69.3402,66.3352],[-69.4713,66.2897],[-69.5114,66.2676],[-69.5305,66.2383],[-69.5565,66.2116],[-69.5851,66.2032],[-69.6364,66.2188],[-69.6477,66.2462],[-69.6841,66.2429],[-69.7316,66.2203],[-69.7418,66.2046],[-69.7696,66.2031],[-69.8898,66.2542],[-69.9755,66.2583],[-70.1849,66.2201],[-70.3765,66.1948],[-70.5194,66.265],[-70.5815,66.2892],[-70.6188,66.2824],[-70.6565,66.252],[-70.6768,66.2256],[-70.7104,66.204],[-70.8507,66.1559],[-71.1037,65.9908],[-71.2258,65.9535],[-71.3106,65.969],[-71.3209,65.9874],[-71.2211,66.0242],[-71.1793,66.0827],[-71.1936,66.1508],[-71.1446,66.2148],[-71.15,66.2565],[-71.1467,66.29],[-71.1266,66.3306],[-71.1635,66.3715],[-71.2308,66.4176],[-71.3057,66.5153],[-71.4385,66.5964],[-71.4385,66.5964],[-71.4385,66.5964],[-71.4385,66.5964]]]}},{"type":"Feature","properties":{"name":"Lake Turkana","scalerank":0},"geometry":{"type":"Polygon","coordinates":[[[36.6846,2.5378],[36.633,2.4247],[36.571,2.4052],[36.535,2.4479],[36.424,2.7344],[36.3313,2.8739],[36.2423,2.9656],[36.2001,2.9736],[36.1536,3.0379],[36.1128,3.1666],[36.0381,3.2644],[35.9659,3.368],[35.9372,3.4823],[35.9146,3.5189],[35.8723,3.5981],[35.8473,3.7753],[35.8572,3.8756],[35.8883,4.0384],[35.9189,4.2704],[35.9256,4.3852],[35.9505,4.5529],[35.9947,4.5656],[36.0449,4.539],[36.0737,4.555],[36.0979,4.6233],[36.1324,4.653],[36.1551,4.6539],[36.1741,4.6319],[36.197,4.4309],[36.2147,4.1479],[36.2131,4.0535],[36.2259,3.8798],[36.2212,3.4729],[36.3107,3.2066],[36.4272,3.0114],[36.5385,2.9237],[36.6521,2.8584],[36.6967,2.7266],[36.6846,2.5378],[36.6846,2.5378],[36.6846,2.5378],[36.6846,2.5378]]]}},{"type":"Feature","properties":{"name":"Dubawnt Lake","scalerank":0},"geometry":{"type":"Polygon","coordinates":[[[-101.9346,63.2211],[-101.8071,63.2671],[-101.7491,63.3372],[-101.6884,63.37],[-101.6352,63.3752],[-101.611,63.3821],[-101.5835,63.3973],[-101.5837,63.4275],[-101.5475,63.4559],[-101.4568,63.4432],[-101.3958,63.4184],[-101.3653,63.3967],[-101.3194,63.3938],[-101.2928,63.4149],[-101.3323,63.4668],[-101.2758,63.4906],[-101.1372,63.4304],[-101.0812,63.439],[-101.061,63.4596],[-101.008,63.463],[-100.9024,63.5303],[-100.856,63.5199],[-100.7991,63.5403],[-100.7058,63.5465],[-100.6444,63.4685],[-100.6728,63.3729],[-100.7703,63.319],[-100.8229,63.2972],[-100.8636,63.2935],[-100.9171,63.3007],[-100.9832,63.3032],[-101.0405,63.2918],[-101.0601,63.2675],[-101.0642,63.2425],[-101.1135,63.1714],[-101.1037,63.1019],[-101.0605,63.0602],[-101.0067,63.0524],[-100.8841,63.0072],[-100.8837,62.9562],[-100.9823,62.9106],[-101.0277,62.896],[-101.059,62.858],[-101.0227,62.8027],[-101.0279,62.7611],[-101.1382,62.7132],[-101.2904,62.6661],[-101.3815,62.6827],[-101.3925,62.721],[-101.3537,62.766],[-101.3217,62.8281],[-101.33,62.8913],[-101.3805,62.9281],[-101.4144,62.9106],[-101.4341,62.8448],[-101.4726,62.7906],[-101.499,62.7397],[-101.5121,62.6749],[-101.5294,62.664],[-101.5543,62.684],[-101.553,62.7228],[-101.5896,62.776],[-101.6728,62.7966],[-101.7547,62.8005],[-101.8231,62.8806],[-101.9157,62.8767],[-101.9892,62.8866],[-102.0347,62.9246],[-102.0483,63.0042],[-102.091,63.0656],[-102.0971,63.0764],[-102.1274,63.0889],[-102.1737,63.122],[-102.1602,63.1648],[-102.0793,63.1938],[-101.9346,63.2211],[-101.9346,63.2211],[-101.9346,63.2211],[-101.9346,63.2211]]]}},{"type":"Feature","properties":{"name":"Baker Lake","scalerank":0},"geometry":{"type":"Polygon","coordinates":[[[-94.6256,64.1588],[-94.5563,64.1491],[-94.4563,64.1396],[-94.3462,64.1355],[-94.247,64.1237],[-94.2245,64.0761],[-94.3116,64.0125],[-94.4547,63.9964],[-94.6239,64.0311],[-94.8604,64.0655],[-95.2994,64.0791],[-95.5018,64.0583],[-95.6714,64.0564],[-95.7842,64.0563],[-95.839,64.0841],[-95.9456,64.1268],[-96.2274,64.193],[-96.2734,64.3014],[-96.2026,64.3246],[-95.7439,64.3018],[-95.2506,64.2739],[-95.0372,64.2388],[-94.9172,64.225],[-94.793,64.2171],[-94.6501,64.1968],[-94.6256,64.1588],[-94.6256,64.1588],[-94.6256,64.1588],[-94.6256,64.1588]]]}},{"type":"Feature","properties":{"name":"Kaliningradskiy Zaliv","scalerank":0},"geometry":{"type":"Polygon","coordinates":[[[19.7641,54.4338],[19.7171,54.4823],[19.8787,54.5891],[19.9415,54.6467],[19.9584,54.682],[19.988,54.71],[20.0335,54.7021],[20.0843,54.6731],[20.2083,54.684],[20.2083,54.684],[20.2083,54.684],[20.2083,54.684],[20.2083,54.684],[20.2083,54.684],[20.4049,54.6816],[20.1022,54.5825],[19.9292,54.5171],[19.7689,54.438],[19.7641,54.4338]]]}},{"type":"Feature","properties":{"name":"Zalev Wislany","scalerank":0},"geometry":{"type":"Polygon","coordinates":[[[19.7171,54.4823],[19.7641,54.4338],[19.7385,54.4118],[19.6583,54.3742],[19.5859,54.3485],[19.4809,54.3004],[19.3468,54.268],[19.251,54.3106],[19.2786,54.3384],[19.5027,54.381],[19.6164,54.4264],[19.7171,54.4823]]]}},{"type":"Feature","properties":{"name":"Lake Champlain","scalerank":0},"geometry":{"type":"Polygon","coordinates":[[[-73.3732,44.1477],[-73.4049,44.0539],[-73.3693,43.8757],[-73.3557,43.7807],[-73.3676,43.757],[-73.3856,43.8105],[-73.4032,43.8655],[-73.4303,44.005],[-73.447,44.0311],[-73.4512,44.0834],[-73.4439,44.193],[-73.3541,44.2812],[-73.3769,44.3928],[-73.4003,44.4309],[-73.4438,44.6375],[-73.3999,44.7749],[-73.3829,44.9361],[-73.3468,45.018],[-73.3239,45.0288],[-73.308,44.956],[-73.2964,44.914],[-73.2851,44.9126],[-73.2554,44.9425],[-73.204,45.0217],[-73.1468,45.073],[-73.104,45.078],[-73.0878,45.0461],[-73.1108,45.0093],[-73.1627,44.9854],[-73.1927,44.9566],[-73.1725,44.9191],[-73.1762,44.874],[-73.1944,44.7071],[-73.2137,44.5864],[-73.2269,44.5632],[-73.2625,44.5418],[-73.2556,44.5068],[-73.2285,44.4933],[-73.2276,44.445],[-73.2358,44.4328],[-73.2483,44.4367],[-73.2706,44.3967],[-73.2878,44.32],[-73.3259,44.2338],[-73.3732,44.1477],[-73.3732,44.1477],[-73.3732,44.1477],[-73.3732,44.1477]]]}},{"type":"Feature","properties":{"name":"Salton Sea","scalerank":0},"geometry":{"type":"Polygon","coordinates":[[[-115.6116,33.2745],[-115.6161,33.2226],[-115.6979,33.1383],[-115.7889,33.1466],[-115.9113,33.3025],[-116.0617,33.4326],[-116.0535,33.5021],[-116.0104,33.5219],[-115.9484,33.5194],[-115.8839,33.4517],[-115.66,33.3208],[-115.6116,33.2745],[-115.6116,33.2745],[-115.6116,33.2745],[-115.6116,33.2745]]]}},{"type":"Feature","properties":{"name":"Lac la Martre","scalerank":0},"geometry":{"type":"Polygon","coordinates":[[[-117.3187,63.2087],[-117.3062,63.1854],[-117.3596,63.1462],[-117.5542,63.1135],[-117.7385,63.1131],[-117.7853,63.1327],[-118.1073,63.2234],[-118.1372,63.2496],[-118.1641,63.261],[-118.201,63.2827],[-118.3148,63.2907],[-118.4666,63.3096],[-118.6274,63.337],[-118.6283,63.3751],[-118.564,63.4279],[-118.3443,63.5129],[-118.1002,63.5702],[-118.0005,63.5441],[-117.915,63.4664],[-117.764,63.4042],[-117.6296,63.3837],[-117.5752,63.3716],[-117.5697,63.3582],[-117.4699,63.3049],[-117.4353,63.2977],[-117.3388,63.2244],[-117.3187,63.2087],[-117.3187,63.2087],[-117.3187,63.2087],[-117.3187,63.2087]]]}},{"type":"Feature","properties":{"name":"Lago Llanquihue","scalerank":0},"geometry":{"type":"Polygon","coordinates":[[[-72.9674,-41.2854],[-72.9891,-41.2276],[-72.9938,-41.1501],[-72.9738,-41.0875],[-72.9121,-41.0206],[-72.8487,-40.9744],[-72.7763,-40.9894],[-72.7032,-41.0258],[-72.6394,-41.0996],[-72.599,-41.1836],[-72.6294,-41.2145],[-72.727,-41.1996],[-72.8762,-41.2938],[-72.9674,-41.2854],[-72.9674,-41.2854],[-72.9674,-41.2854],[-72.9674,-41.2854]]]}},{"type":"Feature","properties":{"name":"Hongze Hu","scalerank":0},"geometry":{"type":"Polygon","coordinates":[[[118.6047,33.1721],[118.5735,33.1408],[118.5187,33.0363],[118.4917,32.998],[118.4308,32.9728],[118.2666,32.9248],[118.2271,32.8966],[118.1832,32.8848],[118.1712,32.9062],[118.1919,32.9413],[118.1809,32.9713],[118.1421,32.9861],[118.0882,32.9584],[118.0662,32.9355],[118.0499,32.9638],[118.0842,33.0055],[118.1302,33.0278],[118.2258,32.9906],[118.2403,33.0084],[118.2343,33.0463],[118.1823,33.1394],[118.1021,33.1438],[117.9785,33.1423],[117.9146,33.126],[117.8916,33.0646],[117.8382,33.0384],[117.809,33.0481],[117.8514,33.0622],[117.8744,33.0932],[117.8863,33.1572],[117.9116,33.181],[117.9915,33.1872],[118.1143,33.2147],[118.1749,33.2102],[118.2266,33.1429],[118.2749,33.0448],[118.3402,32.9942],[118.4072,33.0099],[118.4166,33.0382],[118.4396,33.0679],[118.4599,33.0986],[118.4701,33.1278],[118.4545,33.1602],[118.3222,33.1825],[118.2492,33.2211],[118.2329,33.2881],[118.273,33.2673],[118.3184,33.2684],[118.3917,33.338],[118.4465,33.4068],[118.49,33.4015],[118.57,33.3719],[118.6071,33.376],[118.547,33.4369],[118.4877,33.5398],[118.4931,33.6227],[118.5442,33.6446],[118.5712,33.6198],[118.6084,33.5149],[118.6636,33.4631],[118.7743,33.4428],[118.8605,33.3565],[118.8605,33.3387],[118.8338,33.3044],[118.7782,33.1764],[118.7155,33.0893],[118.6809,33.0765],[118.6784,33.1242],[118.6529,33.1738],[118.6047,33.1721],[118.6047,33.1721],[118.6047,33.1721],[118.6047,33.1721]]]}},{"type":"Feature","properties":{"name":"Kh\u00f6vsg\u00f6l Nuur","scalerank":0},"geometry":{"type":"Polygon","coordinates":[[[100.7868,51.397],[100.7704,51.2932],[100.7485,51.2223],[100.7303,51.1382],[100.6847,51.0193],[100.6882,50.983],[100.5072,50.8087],[100.4716,50.7391],[100.4452,50.6589],[100.4734,50.6251],[100.4726,50.6032],[100.4443,50.5681],[100.37,50.5383],[100.1934,50.4938],[100.1795,50.5313],[100.1938,50.594],[100.2281,50.6539],[100.2478,50.7428],[100.2962,51.1086],[100.284,51.2504],[100.3561,51.3516],[100.4021,51.3921],[100.3879,51.4406],[100.3797,51.4661],[100.4912,51.5558],[100.525,51.5969],[100.5593,51.6103],[100.7521,51.4468],[100.7868,51.397],[100.7868,51.397],[100.7868,51.397],[100.7868,51.397]]]}},{"type":"Feature","properties":{"name":"Uvs Nuur","scalerank":0},"geometry":{"type":"Polygon","coordinates":[[[92.3164,50.3017],[92.2354,50.413],[92.3482,50.475],[92.5459,50.5403],[92.7895,50.6169],[92.8928,50.6583],[92.9646,50.6382],[92.9902,50.608],[92.9777,50.5396],[93.0759,50.4277],[93.2274,50.3641],[93.2592,50.3582],[93.2542,50.3273],[93.3254,50.3083],[93.3618,50.2816],[93.3006,50.2554],[93.2158,50.2511],[93.0952,50.1983],[93.0184,50.145],[92.9128,50.0559],[92.7217,50.01],[92.6014,50.0052],[92.4983,50.0532],[92.3817,50.1419],[92.3365,50.2276],[92.3164,50.3017],[92.3164,50.3017],[92.3164,50.3017],[92.3164,50.3017]]]}},{"type":"Feature","properties":{"name":"Lac Moeru","scalerank":0},"geometry":{"type":"Polygon","coordinates":[[[29.1284,-8.6617],[29.1072,-8.7402],[29.0205,-8.9223],[28.8914,-9.0915],[28.7691,-9.2725],[28.6959,-9.3964],[28.5917,-9.4068],[28.5208,-9.4044],[28.5039,-9.4413],[28.5098,-9.4848],[28.4742,-9.5053],[28.3774,-9.5027],[28.3335,-9.4497],[28.3242,-9.364],[28.326,-9.2369],[28.3674,-9.1008],[28.6435,-8.7676],[28.8671,-8.5129],[28.9537,-8.5206],[29.0777,-8.6003],[29.1284,-8.6617],[29.1284,-8.6617],[29.1284,-8.6617],[29.1284,-8.6617]]]}},{"type":"Feature","properties":{"name":"Lake Khanka","scalerank":0},"geometry":{"type":"Polygon","coordinates":[[[132.8098,45.0516],[132.7429,44.9427],[132.6136,44.7113],[132.4597,44.6126],[132.3655,44.5294],[132.2759,44.569],[132.2385,44.6061],[132.2412,44.63],[132.1686,44.674],[132.069,44.7425],[132.0844,44.8514],[132.1087,44.9687],[132.0151,45.0743],[132.0172,45.1266],[132.005,45.214],[132.0711,45.2868],[132.2302,45.3284],[132.402,45.329],[132.5795,45.2962],[132.7252,45.2301],[132.8082,45.1488],[132.8098,45.0516],[132.8098,45.0516],[132.8098,45.0516],[132.8098,45.0516]]]}},{"type":"Feature","properties":{"name":"Tonl\u00e9 Sap","scalerank":0},"geometry":{"type":"Polygon","coordinates":[[[104.5702,12.4264],[104.5321,12.4581],[104.4641,12.5061],[104.4014,12.5085],[104.2578,12.5639],[104.1403,12.6711],[104.1046,12.7886],[104.0075,12.804],[103.8954,12.8669],[103.8064,12.9469],[103.7547,13.039],[103.7237,13.1214],[103.6991,13.207],[103.7311,13.2499],[103.8421,13.2347],[103.9807,13.1792],[104.0996,13.0355],[104.199,12.8448],[104.2348,12.764],[104.2678,12.7386],[104.3697,12.747],[104.4398,12.7243],[104.468,12.6396],[104.4678,12.571],[104.471,12.5587],[104.4984,12.5405],[104.5548,12.5144],[104.5578,12.4856],[104.5652,12.4627],[104.5905,12.4315],[104.5702,12.4264],[104.5702,12.4264],[104.5702,12.4264],[104.5702,12.4264]]]}},{"type":"Feature","properties":{"name":"Qinghai Hu","scalerank":0},"geometry":{"type":"Polygon","coordinates":[[[100.7527,36.8109],[100.7457,36.7811],[100.7227,36.745],[100.7226,36.6728],[100.7043,36.5894],[100.6275,36.5568],[100.5229,36.5802],[100.4306,36.6411],[100.2277,36.6447],[99.9585,36.6787],[99.8274,36.7394],[99.7004,36.8531],[99.6499,36.9113],[99.6809,36.9474],[99.7616,36.9482],[99.8164,36.9554],[99.8345,36.988],[99.8043,37.0666],[99.7872,37.149],[99.8363,37.1825],[99.9562,37.2178],[100.1043,37.2016],[100.2745,37.1502],[100.4479,37.0252],[100.5855,36.9026],[100.7527,36.8109],[100.7527,36.8109],[100.7527,36.8109],[100.7527,36.8109]]]}},{"type":"Feature","properties":{"name":"Ozero Yarroto Vtoroye","scalerank":0},"geometry":{"type":"Polygon","coordinates":[[[71.2386,67.9896],[71.1326,68.0002],[71.0649,67.9957],[70.9706,68.0116],[70.9298,68.0646],[70.9645,68.0983],[71.093,68.1034],[71.2774,68.0593],[71.3807,68.0249],[71.3807,67.9973],[71.3427,67.9875],[71.2386,67.9896],[71.2386,67.9896],[71.2386,67.9896],[71.2386,67.9896]]]}},{"type":"Feature","properties":{"name":"Lake Tharthar","scalerank":0},"geometry":{"type":"Polygon","coordinates":[[[43.2612,33.7277],[43.1963,33.7921],[43.1062,33.9152],[43.0736,34.113],[43.066,34.2581],[43.0836,34.3147],[43.1158,34.3291],[43.2388,34.1414],[43.3623,34.0427],[43.4675,33.9504],[43.4928,33.888],[43.4765,33.8069],[43.4783,33.7291],[43.4196,33.7062],[43.3318,33.7171],[43.2612,33.7277],[43.2612,33.7277],[43.2612,33.7277],[43.2612,33.7277]]]}},{"type":"Feature","properties":{"name":"Razzaza Lake","scalerank":0},"geometry":{"type":"Polygon","coordinates":[[[43.8784,32.6877],[43.8626,32.6115],[43.7926,32.5352],[43.7395,32.531],[43.6681,32.5535],[43.6286,32.5799],[43.5772,32.5955],[43.4821,32.6424],[43.4376,32.7149],[43.423,32.8104],[43.4324,32.8689],[43.4515,32.8792],[43.4751,32.9195],[43.4686,33.0109],[43.5078,33.0599],[43.5502,33.0794],[43.5827,33.0394],[43.7199,32.8084],[43.8206,32.7321],[43.8784,32.6877],[43.8784,32.6877],[43.8784,32.6877],[43.8784,32.6877]]]}},{"type":"Feature","properties":{"name":"Dead Sea","scalerank":0},"geometry":{"type":"Polygon","coordinates":[[[35.5854,31.7242],[35.5668,31.574],[35.5451,31.3591],[35.521,31.3272],[35.4229,31.3254],[35.4031,31.3482],[35.4021,31.4924],[35.4214,31.6186],[35.4626,31.7104],[35.522,31.7559],[35.559,31.7655],[35.5854,31.7242],[35.5854,31.7242],[35.5854,31.7242],[35.5854,31.7242]]]}},{"type":"Feature","properties":{"name":"Lake Pskov","scalerank":0},"geometry":{"type":"Polygon","coordinates":[[[27.4971,58.1841],[27.5686,58.2148],[27.5918,58.1746],[27.7144,58.1643],[27.8651,58.1735],[27.8651,58.1735],[27.8651,58.1735],[27.8651,58.1735],[27.8651,58.1735],[27.973,58.1326],[28.097,58.0444],[28.1492,57.9747],[28.1692,57.9145],[28.1018,57.86],[27.9921,57.8681],[27.9109,57.8958],[27.8754,57.9204],[27.8816,57.937],[27.8027,57.9902],[27.6783,58.0185],[27.6238,58.0143],[27.4971,58.1841]]]}},{"type":"Feature","properties":{"name":"Lac Saint-Jean","scalerank":0},"geometry":{"type":"Polygon","coordinates":[[[-72.0546,48.4537],[-72.1333,48.4689],[-72.1654,48.481],[-72.2421,48.5749],[-72.3062,48.6193],[-72.3305,48.6686],[-72.2905,48.7332],[-72.1581,48.7553],[-71.9996,48.7236],[-71.907,48.6814],[-71.8457,48.6594],[-71.7756,48.6099],[-71.7737,48.5606],[-71.7806,48.5182],[-71.8225,48.4751],[-71.9244,48.4438],[-72.0546,48.4537],[-72.0546,48.4537],[-72.0546,48.4537]]]}},{"type":"Feature","properties":{"name":"Keuka L.","scalerank":1},"geometry":{"type":"Polygon","coordinates":[[[-77.0576,42.6445],[-77.1074,42.521],[-77.191,42.4254],[-77.203,42.4374],[-77.1699,42.512],[-77.1481,42.5684],[-77.1134,42.5688],[-77.0775,42.6485],[-77.0576,42.6445],[-77.0576,42.6445],[-77.0576,42.6445]]]}},{"type":"Feature","properties":{"name":"Seneca Lake","scalerank":4},"geometry":{"type":"Polygon","coordinates":[[[-76.8792,42.4163],[-76.9102,42.4592],[-76.9176,42.5914],[-76.954,42.7302],[-76.9699,42.8776],[-76.954,42.8696],[-76.882,42.6828],[-76.8827,42.5367],[-76.8765,42.4442],[-76.8792,42.4163],[-76.8792,42.4163],[-76.8792,42.4163]]]}},{"type":"Feature","properties":{"name":"Cayuga Lake","scalerank":0},"geometry":{"type":"Polygon","coordinates":[[[-76.5197,42.5011],[-76.5277,42.4892],[-76.5863,42.5474],[-76.6671,42.6027],[-76.7728,42.778],[-76.7508,42.9254],[-76.7349,42.9433],[-76.701,42.7579],[-76.6651,42.6684],[-76.6031,42.5939],[-76.5197,42.5011],[-76.5197,42.5011],[-76.5197,42.5011]]]}},{"type":"Feature","properties":{"name":"Kainji Reservoir","scalerank":0},"geometry":{"type":"Polygon","coordinates":[[[4.6853,10.3655],[4.6785,10.3443],[4.5982,10.1961],[4.5998,10.1129],[4.6171,10.0028],[4.6586,9.8847],[4.6257,9.8645],[4.594,9.8668],[4.5657,9.9032],[4.5368,10.0283],[4.4955,10.0663],[4.4737,10.07],[4.4679,10.0985],[4.4952,10.1261],[4.5101,10.1476],[4.5058,10.1737],[4.4702,10.186],[4.4639,10.1959],[4.4849,10.2288],[4.4654,10.3055],[4.3996,10.3753],[4.3995,10.4034],[4.4379,10.4181],[4.451,10.4379],[4.4595,10.4601],[4.4703,10.6267],[4.4915,10.644],[4.5669,10.6028],[4.6062,10.6166],[4.6562,10.6072],[4.6804,10.5848],[4.6496,10.5169],[4.6672,10.4101],[4.6853,10.3655],[4.6853,10.3655],[4.6853,10.3655]]]}},{"type":"Feature","properties":{"name":"Lake Urmia","scalerank":0},"geometry":{"type":"Polygon","coordinates":[[[45.6663,37.7419],[45.6663,37.7419],[45.6663,37.7419],[45.6663,37.7419],[45.7467,37.7012],[45.7487,37.6625],[45.755,37.5777],[45.8577,37.4265],[45.8312,37.3405],[45.7026,37.303],[45.6628,37.2881],[45.6125,37.2117],[45.5355,37.1349],[45.4485,37.1495],[45.3646,37.2266],[45.2925,37.438],[45.2571,37.6154],[45.2532,37.685],[45.2342,37.7637],[45.087,37.8854],[45.0803,37.9876],[45.1555,38.0445],[45.1882,38.1079],[45.1712,38.1438],[45.0918,38.14],[45.0154,38.1444],[45.026,38.1927],[45.1056,38.2643],[45.3569,38.2643],[45.4584,38.1734],[45.4873,38.0729],[45.4475,37.9324],[45.4359,37.8062],[45.4832,37.7536],[45.5461,37.7543],[45.6663,37.7419]]]}},{"type":"Feature","properties":{"name":"Cree Lake","scalerank":0},"geometry":{"type":"Polygon","coordinates":[[[-106.2582,57.6963],[-106.2582,57.6963],[-106.2582,57.6963],[-106.2582,57.6963],[-106.1815,57.681],[-106.1104,57.6546],[-106.1144,57.5955],[-106.1064,57.56],[-106.087,57.5352],[-106.0965,57.5069],[-106.0954,57.4646],[-106.14,57.4139],[-106.1933,57.3982],[-106.2544,57.3742],[-106.3738,57.3689],[-106.5415,57.3263],[-106.6076,57.337],[-106.6983,57.3271],[-106.7319,57.342],[-106.7636,57.3556],[-106.8036,57.3556],[-106.8838,57.3205],[-106.933,57.2865],[-106.9698,57.2536],[-107.0355,57.229],[-107.0792,57.2242],[-107.0906,57.2357],[-107.073,57.3256],[-107.0831,57.3607],[-107.0603,57.386],[-107.0282,57.4262],[-107.0638,57.4573],[-107.0691,57.4757],[-107.0181,57.477],[-106.9235,57.4622],[-106.8313,57.4898],[-106.6549,57.5975],[-106.4221,57.6487],[-106.3163,57.7052],[-106.2801,57.713],[-106.2582,57.6963]]]}},{"type":"Feature","properties":{"name":null,"scalerank":0},"geometry":{"type":"Polygon","coordinates":[[[-99.6063,62.9588],[-99.558,63.0036],[-99.3479,63.1727],[-99.2977,63.1871],[-99.3028,63.155],[-99.332,63.0995],[-99.3036,63.0476],[-99.2335,63.0246],[-99.1594,62.9905],[-99.142,62.9288],[-99.2404,62.8727],[-99.3859,62.8169],[-99.5731,62.8075],[-99.7295,62.8195],[-99.7622,62.848],[-99.7643,62.8728],[-99.6063,62.9588],[-99.6063,62.9588],[-99.6063,62.9588]]]}},{"type":"Feature","properties":{"name":"Kasba Lake","scalerank":0},"geometry":{"type":"Polygon","coordinates":[[[-102.5491,60.3223],[-102.4848,60.3145],[-102.3791,60.3676],[-102.3153,60.424],[-102.3671,60.4426],[-102.4371,60.5004],[-102.4343,60.5847],[-102.3518,60.6335],[-102.2611,60.6485],[-102.2152,60.6154],[-102.1771,60.5611],[-102.1578,60.5124],[-102.108,60.4568],[-101.9981,60.3751],[-101.8864,60.2383],[-101.8487,60.1116],[-101.8782,60.0371],[-101.8847,59.9828],[-101.9828,60.0099],[-101.9878,59.9653],[-102.0233,59.9293],[-102.0854,60.0187],[-102.2746,60.2109],[-102.3817,60.2502],[-102.4774,60.2361],[-102.5875,60.2457],[-102.6004,60.3088],[-102.5491,60.3223],[-102.5491,60.3223],[-102.5491,60.3223]]]}},{"type":"Feature","properties":{"name":"Sarygamysh K\u00f6li","scalerank":0},"geometry":{"type":"Polygon","coordinates":[[[57.865,41.7731],[57.8178,41.6999],[57.6849,41.6362],[57.5268,41.5945],[57.4296,41.5786],[57.3456,41.5732],[57.2472,41.6525],[57.1744,41.7346],[57.1159,41.7313],[57.0618,41.7249],[57.0534,41.7734],[57.0938,41.9684],[57.1827,42.1854],[57.2727,42.3033],[57.3923,42.3349],[57.5498,42.2607],[57.6272,42.1496],[57.6131,42.105],[57.6317,42.0655],[57.6824,42.0104],[57.7003,41.9126],[57.8448,41.8378],[57.865,41.7731],[57.865,41.7731],[57.865,41.7731]]]}},{"type":"Feature","properties":{"name":"L. Chany","scalerank":0},"geometry":{"type":"Polygon","coordinates":[[[76.747,54.8323],[76.869,54.8826],[77.0673,54.9191],[77.1344,54.9232],[77.1645,54.8868],[77.2453,54.856],[77.294,54.8901],[77.3073,54.9251],[77.3266,54.9683],[77.4304,55.0204],[77.5703,55.0533],[77.6357,55.0568],[77.6669,55.0542],[77.6963,55.0472],[77.7235,55.0249],[77.8779,55.0086],[78.033,54.9755],[78.0491,54.9274],[77.9379,54.891],[77.8072,54.863],[77.7771,54.8591],[77.6944,54.832],[77.6435,54.8027],[77.6359,54.7691],[77.693,54.7414],[77.7299,54.6921],[77.7406,54.6613],[77.6941,54.6337],[77.5999,54.6138],[77.5646,54.6242],[77.5735,54.647],[77.5221,54.6647],[77.4352,54.684],[77.3542,54.6936],[77.2451,54.7231],[77.0522,54.732],[77.0165,54.7301],[76.9433,54.7146],[76.826,54.701],[76.7342,54.7165],[76.7533,54.7871],[76.747,54.8323],[76.747,54.8323],[76.747,54.8323]]]}},{"type":"Feature","properties":{"name":"Alak\u00f6l","scalerank":0},"geometry":{"type":"Polygon","coordinates":[[[82.1327,45.764],[81.7486,45.8719],[81.5547,45.9648],[81.4267,46.0554],[81.4041,46.1512],[81.41,46.2349],[81.3994,46.3047],[81.4432,46.3921],[81.5297,46.4518],[81.65,46.4557],[81.7611,46.4309],[81.8406,46.3958],[81.9122,46.3508],[81.9758,46.2786],[82.0253,46.1848],[82.0377,46.0798],[82.0636,45.9438],[82.1327,45.764],[82.1327,45.764],[82.1327,45.764]]]}},{"type":"Feature","properties":{"name":null,"scalerank":0},"geometry":{"type":"Polygon","coordinates":[[[-90.425,30.274],[-90.4666,30.1979],[-90.5375,30.1794],[-90.574,30.1969],[-90.58,30.2348],[-90.5569,30.2837],[-90.4931,30.3482],[-90.4327,30.3261],[-90.425,30.274],[-90.425,30.274],[-90.425,30.274]]]}},{"type":"Feature","properties":{"name":"Lac-\u00e0-l'Eau-Claire","scalerank":0},"geometry":{"type":"Polygon","coordinates":[[[-73.9897,56.0256],[-74.0703,55.9748],[-74.1839,55.9574],[-74.2277,55.9461],[-74.2213,55.9354],[-74.2493,55.938],[-74.2764,55.9515],[-74.2306,55.9848],[-74.3362,56.0241],[-74.5637,56.0671],[-74.7324,56.0914],[-74.8004,56.1373],[-74.8248,56.2138],[-74.8191,56.2734],[-74.771,56.308],[-74.6638,56.3362],[-74.4774,56.3176],[-74.3122,56.2623],[-74.2484,56.161],[-74.1607,56.1437],[-74.0542,56.1371],[-73.9854,56.0965],[-73.9897,56.0256],[-73.9897,56.0256],[-73.9897,56.0256]]]}},{"type":"Feature","properties":{"name":"Lake Nipissing","scalerank":0},"geometry":{"type":"Polygon","coordinates":[[[-80.4472,46.2822],[-80.4091,46.2897],[-80.346,46.2855],[-80.3141,46.2637],[-80.2528,46.2493],[-80.1467,46.2575],[-80.118,46.2775],[-80.1427,46.3017],[-80.1255,46.3236],[-80.0533,46.3458],[-79.8559,46.3396],[-79.779,46.3479],[-79.6534,46.3583],[-79.494,46.3106],[-79.4355,46.2354],[-79.4865,46.1842],[-79.5726,46.1659],[-79.7718,46.2129],[-79.8764,46.193],[-79.9865,46.1608],[-80.0059,46.1658],[-79.9912,46.1988],[-80.015,46.2321],[-80.0626,46.244],[-80.2934,46.225],[-80.4472,46.2822],[-80.4472,46.2822],[-80.4472,46.2822]]]}},{"type":"Feature","properties":{"name":"Hulun Nuur","scalerank":0},"geometry":{"type":"Polygon","coordinates":[[[117.2289,48.5853],[117.1143,48.561],[117.0886,48.5791],[117.1055,48.6294],[117.0955,48.7048],[117.0141,48.7864],[116.9885,48.841],[117.0588,48.9066],[117.2252,49.0025],[117.3895,49.1391],[117.529,49.27],[117.6357,49.3421],[117.6901,49.3508],[117.7069,49.3219],[117.6881,49.2743],[117.6861,49.2204],[117.7162,49.1801],[117.7488,49.1744],[117.7764,49.1607],[117.8121,49.1252],[117.8993,49.1103],[118.0072,49.1053],[118.0347,49.0715],[117.9643,49.035],[117.8754,49.0334],[117.8238,49.0592],[117.7723,49.0588],[117.7328,49.0297],[117.7159,48.986],[117.5155,48.8465],[117.3276,48.6942],[117.3098,48.636],[117.2289,48.5853],[117.2289,48.5853],[117.2289,48.5853]]]}},{"type":"Feature","properties":{"name":"Lake Bangweulu","scalerank":0},"geometry":{"type":"Polygon","coordinates":[[[29.9949,-11.0905],[29.9366,-11.216],[29.9174,-11.3007],[29.8372,-11.3801],[29.7524,-11.4161],[29.6693,-11.4146],[29.5881,-11.3936],[29.5616,-11.2977],[29.5501,-11.248],[29.5109,-11.2305],[29.496,-11.1947],[29.5199,-11.1724],[29.5648,-11.1569],[29.7412,-10.9306],[29.7723,-10.9332],[29.8467,-10.8865],[29.9273,-10.8782],[29.9995,-10.9376],[30.0191,-11.0143],[29.9949,-11.0905],[29.9949,-11.0905],[29.9949,-11.0905]]]}},{"type":"Feature","properties":{"name":"Inarij\u00e4rvi","scalerank":0},"geometry":{"type":"Polygon","coordinates":[[[28.4471,69.326],[28.4471,69.326],[28.4471,69.326],[28.4471,69.326],[28.5303,69.3361],[28.6315,69.3644],[28.6771,69.3949],[28.7604,69.4191],[28.7486,69.3939],[28.6959,69.3632],[28.5542,69.2987],[28.5323,69.257],[28.5664,69.2216],[28.54,69.1924],[28.4477,69.1527],[28.442,69.116],[28.4004,69.0824],[28.2506,69.0638],[28.091,69.0074],[28.0924,68.9807],[28.2637,68.9221],[28.3291,68.8931],[28.3562,68.8725],[28.3358,68.8571],[28.2949,68.852],[28.0785,68.8762],[27.9895,68.8798],[27.8908,68.861],[27.9187,68.8284],[27.9781,68.8164],[27.9924,68.788],[27.8698,68.7424],[27.84,68.7494],[27.836,68.7818],[27.7791,68.792],[27.6995,68.7592],[27.6548,68.7315],[27.566,68.7486],[27.4642,68.7609],[27.434,68.7595],[27.3664,68.7512],[27.2823,68.7148],[27.2598,68.7365],[27.3591,68.7715],[27.4279,68.8022],[27.4166,68.8407],[27.3276,68.8837],[27.2707,68.891],[27.1721,68.9057],[27.1617,68.923],[27.2424,68.9465],[27.4845,69.0041],[27.5261,69.0313],[27.5602,69.0623],[27.7453,69.1291],[27.9406,69.1784],[27.9836,69.162],[28.0881,69.1619],[28.0836,69.1899],[28.049,69.2031],[28.0106,69.2273],[27.9908,69.2538],[28.0314,69.288],[28.101,69.2993],[28.1146,69.2714],[28.1385,69.2373],[28.2324,69.2487],[28.3094,69.2844],[28.3226,69.3053],[28.3445,69.3229],[28.4471,69.326]]]}},{"type":"Feature","properties":{"name":"Ouluj\u00e4rvi","scalerank":0},"geometry":{"type":"Polygon","coordinates":[[[26.7799,64.3912],[26.8146,64.415],[26.8309,64.4404],[26.8139,64.4695],[26.8268,64.5054],[26.8661,64.53],[27.1118,64.5233],[27.2137,64.4967],[27.2173,64.4139],[27.2616,64.3693],[27.3654,64.3304],[27.4691,64.3391],[27.5782,64.3805],[27.727,64.3967],[27.925,64.3813],[27.9131,64.3333],[27.9297,64.3067],[27.8825,64.3085],[27.8006,64.3041],[27.7378,64.2817],[27.7646,64.2447],[27.8592,64.2328],[27.9401,64.2049],[28.0576,64.1777],[28.1572,64.1597],[28.1857,64.1423],[28.1879,64.1312],[28.1645,64.1207],[28.0733,64.1212],[28.0095,64.1281],[27.9289,64.1448],[27.6526,64.2248],[27.5624,64.2745],[27.5064,64.2696],[27.4812,64.2505],[27.4207,64.2298],[27.3229,64.2092],[27.2822,64.1734],[27.2875,64.1307],[27.2585,64.1204],[27.2001,64.1579],[27.0732,64.2009],[26.9425,64.2385],[26.9207,64.2778],[26.793,64.3616],[26.7799,64.3912],[26.7799,64.3912],[26.7799,64.3912]]]}},{"type":"Feature","properties":{"name":"Lake Peipus","scalerank":0},"geometry":{"type":"Polygon","coordinates":[[[27.5686,58.2148],[27.4971,58.1841],[27.4727,58.2167],[27.4255,58.3031],[27.3239,58.4019],[27.2366,58.4522],[27.1567,58.6479],[26.9664,58.8056],[26.9741,58.8843],[27.1073,58.9542],[27.2981,58.9949],[27.5237,59.0069],[27.683,58.9796],[27.7484,58.9121],[27.8137,58.5713],[27.8205,58.4849],[27.7981,58.4468],[27.7479,58.4299],[27.5827,58.3064],[27.5613,58.2574],[27.5686,58.2148]]]}},{"type":"Feature","properties":{"name":"Lake Kivu","scalerank":0},"geometry":{"type":"Polygon","coordinates":[[[29.1977,-1.6437],[29.1977,-1.6437],[29.1977,-1.6437],[29.1977,-1.6437],[29.2494,-1.7358],[29.2889,-1.8603],[29.3576,-2.0159],[29.338,-2.0583],[29.2832,-2.0948],[29.2561,-2.1299],[29.2401,-2.162],[29.1489,-2.2774],[29.112,-2.303],[29.0767,-2.3449],[29.0475,-2.3554],[28.9945,-2.3601],[28.9103,-2.4328],[28.8503,-2.4479],[28.8566,-2.3715],[28.9167,-2.2877],[28.9034,-2.2398],[28.8757,-2.2277],[28.8722,-2.1869],[28.8791,-2.1529],[28.9161,-2.0823],[28.9094,-2.008],[28.9876,-1.8376],[29.0328,-1.6475],[29.0712,-1.6054],[29.1977,-1.6437]]]}},{"type":"Feature","properties":{"name":"Lake Edward","scalerank":0},"geometry":{"type":"Polygon","coordinates":[[[29.4189,-0.6297],[29.3664,-0.6399],[29.3347,-0.5774],[29.327,-0.5297],[29.3596,-0.4524],[29.4175,-0.3388],[29.4964,-0.1802],[29.5972,-0.1342],[29.6438,-0.1197],[29.783,-0.1215],[29.8871,-0.1725],[29.868,-0.3027],[29.6425,-0.5072],[29.5104,-0.6117],[29.4521,-0.6069],[29.4189,-0.6297],[29.4189,-0.6297],[29.4189,-0.6297]]]}},{"type":"Feature","properties":{"name":"Tai Hu","scalerank":0},"geometry":{"type":"Polygon","coordinates":[[[120.6017,31.0875],[120.3944,30.9706],[120.236,30.936],[120.1032,30.9733],[119.978,31.0911],[119.9394,31.253],[119.9874,31.3918],[120.1082,31.4918],[120.2186,31.5318],[120.2544,31.51],[120.256,31.4949],[120.2511,31.4755],[120.2709,31.4446],[120.325,31.4417],[120.3804,31.4291],[120.3723,31.3857],[120.3313,31.3495],[120.3265,31.3197],[120.3571,31.2698],[120.3914,31.2271],[120.4307,31.2002],[120.4402,31.1533],[120.3947,31.1004],[120.423,31.0831],[120.4607,31.0808],[120.5399,31.1271],[120.6017,31.0875],[120.6017,31.0875],[120.6017,31.0875]]]}},{"type":"Feature","properties":{"name":null,"scalerank":0},"geometry":{"type":"Polygon","coordinates":[[[-76.5468,56.1639],[-76.5246,56.1835],[-76.5044,56.2126],[-76.4172,56.3062],[-76.3972,56.3453],[-76.4203,56.3648],[-76.4251,56.3887],[-76.3914,56.4988],[-76.3658,56.5502],[-76.3413,56.5307],[-76.3295,56.5035],[-76.3052,56.4675],[-76.2451,56.4229],[-76.2337,56.397],[-76.2754,56.3787],[-76.2047,56.322],[-76.1164,56.2765],[-76.0248,56.2366],[-75.9391,56.1908],[-75.9354,56.1738],[-75.9534,56.1454],[-76.1468,56.1268],[-76.4461,56.1393],[-76.5468,56.1639],[-76.5468,56.1639],[-76.5468,56.1639]]]}},{"type":"Feature","properties":{"name":"Laguna Mar Chiquita","scalerank":0},"geometry":{"type":"Polygon","coordinates":[[[-62.2298,-30.7762],[-62.408,-30.8406],[-62.5711,-30.8635],[-62.7269,-30.9172],[-62.8097,-30.8468],[-62.8604,-30.8014],[-62.9314,-30.7508],[-62.9793,-30.6917],[-62.931,-30.6486],[-62.8266,-30.6235],[-62.7218,-30.5837],[-62.688,-30.5482],[-62.6438,-30.5206],[-62.4261,-30.5587],[-62.4127,-30.5433],[-62.3737,-30.5481],[-62.2879,-30.5889],[-62.233,-30.6715],[-62.2298,-30.7762],[-62.2298,-30.7762],[-62.2298,-30.7762]]]}},{"type":"Feature","properties":{"name":"Kremenchuk Reservoir","scalerank":0},"geometry":{"type":"Polygon","coordinates":[[[33.1671,49.0193],[33.1625,48.9936],[33.0763,49.0043],[33.0661,49.0214],[33.0435,49.0631],[32.9809,49.0826],[32.8634,49.0873],[32.7695,49.1159],[32.7181,49.1401],[32.6205,49.1986],[32.4082,49.3017],[32.2936,49.3462],[32.1701,49.4044],[31.9005,49.5128],[31.888,49.5544],[31.9554,49.5697],[32.1145,49.5413],[32.1836,49.5209],[32.35,49.4691],[32.4614,49.4261],[32.6318,49.3818],[32.6824,49.401],[32.6595,49.4644],[32.6646,49.537],[32.712,49.5594],[32.7539,49.4848],[32.8606,49.4078],[33.0154,49.2807],[33.1041,49.2001],[33.1943,49.1187],[33.1939,49.0939],[33.1671,49.0193],[33.1671,49.0193],[33.1671,49.0193]]]}},{"type":"Feature","properties":{"name":"R\u00e9s. de La Grande 3","scalerank":0},"geometry":{"type":"Polygon","coordinates":[[[-76.0884,53.6662],[-76.1001,53.737],[-76.0364,53.737],[-75.9303,53.7658],[-75.902,53.7911],[-75.9122,53.8127],[-75.85,53.8551],[-75.5521,53.8919],[-75.2923,53.8965],[-75.2682,53.8779],[-75.2408,53.8426],[-75.1838,53.8205],[-74.7993,53.8934],[-74.7338,53.8957],[-74.7247,53.8572],[-74.8198,53.8383],[-74.8894,53.7941],[-75.0487,53.7526],[-75.194,53.7213],[-75.2699,53.7091],[-75.2652,53.684],[-75.1616,53.677],[-74.9429,53.6718],[-74.7708,53.6539],[-74.5934,53.6674],[-74.5934,53.6674],[-74.5934,53.6674],[-74.5934,53.6674],[-74.5934,53.6674],[-74.5934,53.6674],[-74.456,53.7014],[-74.4334,53.6845],[-74.4609,53.6625],[-74.6787,53.609],[-74.8072,53.6049],[-74.9354,53.5779],[-75.0268,53.5763],[-74.9984,53.6223],[-75.0339,53.6393],[-75.1197,53.6231],[-75.2376,53.6187],[-75.478,53.6314],[-75.6334,53.6377],[-75.6577,53.6201],[-75.6137,53.6015],[-75.6011,53.582],[-75.6324,53.5384],[-75.7161,53.4974],[-75.9345,53.4653],[-76.1017,53.4753],[-76.1245,53.5226],[-76.0644,53.5691],[-76.0242,53.5906],[-75.945,53.6239],[-75.9068,53.6531],[-75.945,53.6857],[-76.018,53.6723],[-76.0884,53.6662]]]}},{"type":"Feature","properties":{"name":"R\u00e9s. de La Grande 2","scalerank":0},"geometry":{"type":"Polygon","coordinates":[[[-76.1001,53.737],[-76.0884,53.6662],[-76.3602,53.6301],[-76.3849,53.5958],[-76.5146,53.5575],[-76.8385,53.4992],[-76.9116,53.5014],[-77.1868,53.4928],[-77.223,53.5146],[-77.2898,53.5229],[-77.3966,53.5208],[-77.4877,53.5605],[-77.4928,53.6071],[-77.4648,53.6381],[-77.5111,53.6509],[-77.6208,53.659],[-77.685,53.6792],[-77.6117,53.7216],[-77.4197,53.7978],[-77.3407,53.8114],[-77.2878,53.7911],[-77.0157,53.821],[-76.9019,53.8472],[-76.766,53.9097],[-76.731,53.9765],[-76.8459,54.0311],[-76.888,54.0566],[-76.8679,54.0724],[-76.8402,54.088],[-76.6596,54.0263],[-76.6184,54.033],[-76.6023,54.0548],[-76.5606,54.0557],[-76.5093,54.0479],[-76.4713,54.0588],[-76.472,54.0824],[-76.5333,54.1146],[-76.5727,54.1404],[-76.5574,54.1572],[-76.4539,54.1777],[-76.3684,54.188],[-76.3289,54.1621],[-76.264,54.1358],[-76.202,54.1387],[-76.1909,54.1528],[-76.1503,54.1426],[-76.1053,54.116],[-76.1397,54.1077],[-76.1834,54.1033],[-76.2554,54.0735],[-76.304,53.9627],[-76.349,53.9459],[-76.376,53.9272],[-76.4334,53.8976],[-76.4874,53.8515],[-76.5955,53.7883],[-76.7027,53.7501],[-76.7497,53.7229],[-76.6961,53.6994],[-76.5538,53.7122],[-76.1427,53.7369],[-76.1001,53.737]]]}},{"type":"Feature","properties":{"name":null,"scalerank":0},"geometry":{"type":"Polygon","coordinates":[[[-156.5483,57.7661],[-156.6044,57.6958],[-156.7775,57.566],[-156.7825,57.5329],[-156.768,57.5066],[-156.796,57.4638],[-156.8343,57.4434],[-156.9267,57.473],[-157.0193,57.5124],[-157.0438,57.5479],[-157.0064,57.5657],[-156.9541,57.5694],[-156.8926,57.5796],[-156.8415,57.6105],[-156.8367,57.6533],[-156.7161,57.7255],[-156.6834,57.7552],[-156.5898,57.7851],[-156.5483,57.7661],[-156.5483,57.7661],[-156.5483,57.7661]]]}},{"type":"Feature","properties":{"name":"Lago Enriquillo","scalerank":0},"geometry":{"type":"Polygon","coordinates":[[[-71.5089,18.47],[-71.5365,18.434],[-71.6068,18.421],[-71.7935,18.4944],[-71.777,18.5312],[-71.6834,18.5511],[-71.5839,18.5141],[-71.5089,18.47],[-71.5089,18.47],[-71.5089,18.47]]]}},{"type":"Feature","properties":{"name":null,"scalerank":0},"geometry":{"type":"Polygon","coordinates":[[[-159.6655,66.4735],[-159.6626,66.4329],[-159.8011,66.4302],[-159.9455,66.4417],[-159.992,66.4693],[-160.1344,66.5195],[-160.1151,66.5436],[-159.9225,66.5351],[-159.7288,66.5121],[-159.6655,66.4735],[-159.6655,66.4735],[-159.6655,66.4735]]]}},{"type":"Feature","properties":{"name":null,"scalerank":0},"geometry":{"type":"Polygon","coordinates":[[[-115.0622,60.3294],[-115.1476,60.2137],[-115.1573,60.1947],[-115.219,60.1827],[-115.2862,60.1598],[-115.2953,60.1306],[-115.2943,60.109],[-115.4771,60.138],[-115.6053,60.1729],[-115.7443,60.1632],[-115.8793,60.163],[-115.8961,60.2014],[-115.8043,60.2542],[-115.6501,60.2542],[-115.5314,60.2621],[-115.3491,60.2949],[-115.2215,60.337],[-115.1099,60.3499],[-115.0622,60.3294],[-115.0622,60.3294],[-115.0622,60.3294]]]}},{"type":"Feature","properties":{"name":"Lake Sakami","scalerank":0},"geometry":{"type":"Polygon","coordinates":[[[-76.6372,53.2601],[-76.6479,53.2422],[-76.6652,53.2208],[-76.6919,53.2115],[-76.6848,53.1901],[-76.6879,53.1697],[-76.7843,53.1468],[-76.8433,53.095],[-76.8386,53.034],[-76.7985,52.9809],[-76.8545,52.9675],[-76.8995,52.9948],[-76.9375,53.1188],[-76.9045,53.1646],[-76.8807,53.2159],[-76.8898,53.244],[-76.892,53.2909],[-76.8729,53.3241],[-76.8918,53.3449],[-76.8436,53.3942],[-76.7199,53.4688],[-76.7033,53.4442],[-76.7033,53.4194],[-76.6612,53.4168],[-76.6135,53.4473],[-76.5639,53.4849],[-76.5146,53.4675],[-76.4967,53.414],[-76.5226,53.3795],[-76.6372,53.3608],[-76.6715,53.3401],[-76.6762,53.3139],[-76.6562,53.298],[-76.6079,53.3062],[-76.5892,53.2889],[-76.6372,53.2601],[-76.6372,53.2601],[-76.6372,53.2601]]]}},{"type":"Feature","properties":{"name":"Lago Argentino","scalerank":0},"geometry":{"type":"Polygon","coordinates":[[[-71.9817,-50.2237],[-71.999,-50.2439],[-72.1127,-50.2645],[-72.2739,-50.3023],[-72.4411,-50.3072],[-72.595,-50.2926],[-72.6719,-50.2777],[-72.7939,-50.2908],[-72.9727,-50.3566],[-73.0045,-50.4194],[-72.9621,-50.4705],[-72.8584,-50.4702],[-72.7945,-50.4604],[-72.7819,-50.4834],[-72.8503,-50.5381],[-72.9215,-50.6118],[-72.955,-50.62],[-73.01,-50.5149],[-73.1086,-50.3651],[-73.168,-50.3322],[-73.2226,-50.335],[-73.2742,-50.3455],[-73.2853,-50.3314],[-73.2144,-50.2695],[-73.028,-50.2893],[-72.9718,-50.2613],[-72.9827,-50.2259],[-73.0442,-50.1986],[-73.1634,-50.1476],[-73.2322,-50.1654],[-73.2914,-50.2111],[-73.3004,-50.1848],[-73.278,-50.1213],[-73.2864,-50.0696],[-73.2511,-50.0328],[-73.2049,-50.0013],[-73.1877,-49.9824],[-73.1366,-50.031],[-73.0625,-50.1331],[-72.9472,-50.1796],[-72.7998,-50.1964],[-72.7307,-50.1863],[-72.4403,-50.1732],[-72.1162,-50.1323],[-72.0393,-50.1616],[-71.9817,-50.2237],[-71.9817,-50.2237],[-71.9817,-50.2237]]]}},{"type":"Feature","properties":{"name":"Nam Co","scalerank":0},"geometry":{"type":"Polygon","coordinates":[[[90.3457,30.5242],[90.314,30.5732],[90.2922,30.6978],[90.2889,30.8469],[90.3529,30.8802],[90.476,30.8545],[90.5785,30.8289],[90.651,30.8397],[90.6758,30.8709],[90.712,30.8945],[90.8656,30.8854],[90.9437,30.9238],[90.975,30.9227],[91.0117,30.8878],[91.0143,30.8392],[90.9326,30.7934],[90.8433,30.7179],[90.714,30.6413],[90.5965,30.5964],[90.3457,30.5242],[90.3457,30.5242],[90.3457,30.5242]]]}},{"type":"Feature","properties":{"name":"Lake Tuz","scalerank":0},"geometry":{"type":"Polygon","coordinates":[[[33.4575,38.8536],[33.5245,38.812],[33.5975,38.7989],[33.6735,38.7123],[33.6171,38.5778],[33.5331,38.5228],[33.4226,38.5586],[33.3256,38.6106],[33.2357,38.6667],[33.1581,38.7721],[33.2188,38.8763],[33.2928,38.9672],[33.3093,39.0574],[33.3054,39.1267],[33.3504,39.1204],[33.4237,39.0558],[33.4545,38.9919],[33.4401,38.9382],[33.4575,38.8536],[33.4575,38.8536],[33.4575,38.8536]]]}},{"type":"Feature","properties":{"name":"Scott Lake","scalerank":0},"geometry":{"type":"Polygon","coordinates":[[[-105.9591,59.9976],[-106.0187,59.9936],[-106.0734,59.959],[-106.0812,59.8922],[-106.0553,59.8449],[-106.1036,59.8095],[-106.1669,59.8083],[-106.1946,59.8362],[-106.206,59.8595],[-106.2367,59.8623],[-106.2591,59.8266],[-106.2784,59.8133],[-106.3384,59.8047],[-106.375,59.8307],[-106.3258,59.9345],[-106.3324,60.0221],[-106.398,60.0435],[-106.4069,60.0636],[-106.3739,60.0874],[-106.3076,60.1008],[-106.2755,60.0869],[-106.2634,60.0609],[-106.228,60.0351],[-106.1946,60.0214],[-106.1802,60.0349],[-106.153,60.0968],[-106.1223,60.1437],[-106.0189,60.1922],[-105.8726,60.2283],[-105.826,60.2139],[-105.8008,60.2032],[-105.7044,60.1837],[-105.7701,60.1306],[-105.9139,60.117],[-106.0278,60.1111],[-106.069,60.0831],[-106.0459,60.0499],[-105.9388,60.0594],[-105.8801,60.0382],[-105.8754,60.0063],[-105.9591,59.9976],[-105.9591,59.9976],[-105.9591,59.9976]]]}},{"type":"Feature","properties":{"name":null,"scalerank":0},"geometry":{"type":"Polygon","coordinates":[[[27.5354,60.9382],[27.4289,60.9688],[27.3423,61.0012],[27.3396,61.0214],[27.367,61.0332],[27.4484,60.9939],[27.5793,60.984],[27.6918,61.0116],[27.7035,61.056],[27.7243,61.0779],[27.7767,61.068],[27.8098,61.0437],[27.8487,60.9842],[27.7439,60.95],[27.5354,60.9382],[27.5354,60.9382],[27.5354,60.9382]]]}},{"type":"Feature","properties":{"name":"Rikkavesi","scalerank":0},"geometry":{"type":"Polygon","coordinates":[[[29.4723,62.8694],[29.5212,62.8331],[29.5623,62.8336],[29.583,62.8884],[29.5367,62.9761],[29.4937,63.0293],[29.522,63.0514],[29.5948,62.9815],[29.7474,62.8757],[29.8225,62.7947],[29.8119,62.7319],[29.7415,62.6971],[29.6664,62.682],[29.6234,62.7401],[29.5405,62.7737],[29.458,62.8326],[29.4216,62.8832],[29.4401,62.8936],[29.4723,62.8694],[29.4723,62.8694],[29.4723,62.8694]]]}},{"type":"Feature","properties":{"name":null,"scalerank":0},"geometry":{"type":"Polygon","coordinates":[[[29.2295,62.7053],[29.2193,62.7725],[29.293,62.8047],[29.345,62.7454],[29.3896,62.7212],[29.4648,62.7344],[29.5221,62.7059],[29.4541,62.641],[29.3386,62.6583],[29.2186,62.6501],[29.1875,62.6838],[29.2295,62.7053],[29.2295,62.7053],[29.2295,62.7053]]]}},{"type":"Feature","properties":{"name":"Ozero Nerpich'ye","scalerank":0},"geometry":{"type":"Polygon","coordinates":[[[160.4802,69.2499],[160.4327,69.2278],[160.2558,69.2376],[159.9649,69.282],[159.8077,69.3475],[159.8436,69.3782],[159.9977,69.3573],[160.1695,69.3271],[160.3248,69.296],[160.4802,69.2499],[160.4802,69.2499],[160.4802,69.2499]]]}},{"type":"Feature","properties":{"name":"Ozero Yarroto Pervoye","scalerank":0},"geometry":{"type":"Polygon","coordinates":[[[71.3595,67.8698],[71.2982,67.8894],[71.3026,67.9064],[71.3699,67.9471],[71.5519,68.0038],[71.7085,68.0373],[71.7861,67.9928],[71.7762,67.9502],[71.6504,67.8954],[71.3595,67.8698],[71.3595,67.8698],[71.3595,67.8698]]]}},{"type":"Feature","properties":{"name":"Ozero Neyto","scalerank":0},"geometry":{"type":"Polygon","coordinates":[[[70.4888,70.0915],[70.5117,70.0555],[70.3713,70.0147],[70.2313,70.0105],[70.1275,70.0756],[70.1739,70.136],[70.368,70.1165],[70.4888,70.0915],[70.4888,70.0915],[70.4888,70.0915]]]}},{"type":"Feature","properties":{"name":"Ozero Yambuto","scalerank":0},"geometry":{"type":"Polygon","coordinates":[[[70.851,69.9687],[70.7489,70.0333],[70.7543,70.0671],[70.7904,70.0957],[70.8371,70.136],[70.9408,70.1391],[70.9394,70.1001],[70.9431,70.0541],[71.0578,69.9879],[71.0261,69.9532],[70.851,69.9687],[70.851,69.9687],[70.851,69.9687]]]}},{"type":"Feature","properties":{"name":null,"scalerank":0},"geometry":{"type":"Polygon","coordinates":[[[70.5631,70.123],[70.3723,70.153],[70.3443,70.1996],[70.7704,70.2166],[70.8208,70.1908],[70.7934,70.1659],[70.6965,70.1363],[70.5631,70.123],[70.5631,70.123],[70.5631,70.123]]]}},{"type":"Feature","properties":{"name":"Lake Vygozero","scalerank":0},"geometry":{"type":"Polygon","coordinates":[[[35.0128,63.5056],[35.0128,63.5056],[35.0128,63.5056],[35.0128,63.5056],[35.1446,63.4823],[35.2492,63.4917],[35.3736,63.4923],[35.4132,63.4479],[35.3817,63.4341],[35.1928,63.404],[35.1724,63.3805],[35.0994,63.3831],[35.0494,63.3989],[34.9769,63.4291],[34.8716,63.4638],[34.8288,63.4337],[34.8851,63.2939],[34.953,63.1811],[34.9573,63.119],[34.9459,63.0333],[34.9104,62.9508],[34.8631,62.919],[34.861,62.9412],[34.8675,62.9761],[34.864,63.0104],[34.8734,63.0403],[34.8986,63.0547],[34.8907,63.1065],[34.8585,63.1723],[34.8529,63.2252],[34.8354,63.2764],[34.804,63.3256],[34.702,63.3988],[34.5521,63.459],[34.5168,63.4839],[34.5254,63.5024],[34.4533,63.6234],[34.3581,63.6967],[34.3078,63.6919],[34.2664,63.6562],[34.2154,63.613],[34.2144,63.676],[34.2844,63.777],[34.3473,63.8512],[34.4284,63.8482],[34.5626,63.8164],[34.644,63.7892],[34.6158,63.7662],[34.8567,63.7208],[34.8614,63.6882],[34.9896,63.5851],[34.9841,63.5641],[34.9525,63.5402],[35.0128,63.5056]]]}},{"type":"Feature","properties":{"name":"Lake Segozerskoye","scalerank":0},"geometry":{"type":"Polygon","coordinates":[[[33.4414,63.4438],[33.5862,63.4874],[33.6371,63.4763],[33.6566,63.4332],[33.6969,63.4093],[33.8471,63.4385],[33.9328,63.4181],[33.9912,63.2968],[34.066,63.2288],[34.0171,63.2007],[33.8969,63.1886],[33.7033,63.1902],[33.5722,63.2027],[33.4992,63.2163],[33.3068,63.2837],[33.2738,63.3164],[33.2738,63.3414],[33.2829,63.3817],[33.2574,63.4234],[33.3553,63.424],[33.4414,63.4438],[33.4414,63.4438],[33.4414,63.4438]]]}},{"type":"Feature","properties":{"name":"Koitere","scalerank":0},"geometry":{"type":"Polygon","coordinates":[[[30.604,62.8763],[30.5869,62.9371],[30.6146,62.9657],[30.6765,62.9734],[30.7035,63.0124],[30.7549,63.0498],[30.8309,63.0267],[30.8468,62.9544],[30.742,62.8641],[30.6895,62.8474],[30.659,62.808],[30.6675,62.7838],[30.659,62.7669],[30.6345,62.7747],[30.502,62.7791],[30.4808,62.7877],[30.5389,62.8198],[30.604,62.8763],[30.604,62.8763],[30.604,62.8763]]]}},{"type":"Feature","properties":{"name":"Pielinen","scalerank":0},"geometry":{"type":"Polygon","coordinates":[[[29.9937,63.2927],[30.0037,63.2707],[29.9658,63.2646],[29.9588,63.2267],[29.9944,63.1397],[30.1385,62.9735],[30.3298,62.8291],[30.3167,62.809],[30.2286,62.8044],[30.1426,62.7217],[30.0902,62.7291],[30.1553,62.7896],[30.216,62.8685],[30.1368,62.9288],[30.0646,62.9436],[30.0331,62.9594],[29.8542,63.0873],[29.8141,63.1452],[29.5937,63.1575],[29.528,63.1789],[29.393,63.1826],[29.2985,63.2557],[29.2375,63.3234],[29.1231,63.4068],[29.0425,63.4746],[29.0715,63.5083],[29.0773,63.5639],[29.092,63.5734],[29.1867,63.5143],[29.3093,63.4606],[29.3719,63.4401],[29.5273,63.3767],[29.722,63.3154],[29.7843,63.2943],[29.8308,63.2912],[29.9151,63.3151],[29.9937,63.2927],[29.9937,63.2927],[29.9937,63.2927]]]}},{"type":"Feature","properties":{"name":"P\u00e4\u00e4j\u00e4rvi","scalerank":4},"geometry":{"type":"Polygon","coordinates":[[[31.1697,66.1066],[31.1697,66.1066],[31.1697,66.1066],[31.1697,66.1066],[31.2111,66.0595],[31.2397,66.0044],[31.2766,65.9553],[31.3349,65.9183],[31.2946,65.905],[31.1551,65.9142],[30.9503,65.9645],[30.6515,66.0518],[30.7036,66.1348],[30.7224,66.1863],[30.7887,66.2299],[30.8986,66.2629],[31.0332,66.2696],[31.1033,66.2454],[31.1744,66.1378],[31.1697,66.1066]]]}},{"type":"Feature","properties":{"name":"Lake Topozero","scalerank":0},"geometry":{"type":"Polygon","coordinates":[[[32.5174,65.5323],[32.5174,65.5323],[32.5174,65.5323],[32.5174,65.5323],[32.6642,65.4774],[32.6875,65.452],[32.7123,65.416],[32.7063,65.3884],[32.6682,65.3887],[32.6348,65.4182],[32.4813,65.4691],[32.2735,65.5057],[32.109,65.546],[31.9963,65.5686],[31.9457,65.5987],[31.9427,65.6215],[31.8948,65.6361],[31.8451,65.6437],[31.7334,65.6701],[31.5736,65.7349],[31.5074,65.7955],[31.693,65.8563],[31.9833,65.8896],[32.0515,65.8759],[32.1185,65.8335],[32.1395,65.7839],[32.2045,65.7636],[32.3285,65.7005],[32.36,65.667],[32.3635,65.6286],[32.3771,65.5774],[32.4252,65.5418],[32.5174,65.5323]]]}},{"type":"Feature","properties":{"name":null,"scalerank":0},"geometry":{"type":"Polygon","coordinates":[[[-72.8412,81.6804],[-72.6184,81.705],[-72.3466,81.7278],[-69.5824,81.9181],[-69.2852,81.9334],[-68.9683,81.9403],[-69.4759,81.8866],[-70.0161,81.8402],[-72.2204,81.6977],[-72.7139,81.6695],[-72.7358,81.677],[-72.8412,81.6804],[-72.8412,81.6804],[-72.8412,81.6804]]]}},{"type":"Feature","properties":{"name":null,"scalerank":0},"geometry":{"type":"Polygon","coordinates":[[[-89.5223,52.8827],[-89.471,52.897],[-89.4341,52.9177],[-89.4221,52.9482],[-89.2832,53.0057],[-89.199,52.9885],[-89.1229,52.9659],[-89.0037,52.9854],[-88.952,52.9877],[-88.983,52.94],[-89.0438,52.8702],[-89.151,52.8539],[-89.3623,52.8662],[-89.4778,52.8684],[-89.5223,52.8827],[-89.5223,52.8827],[-89.5223,52.8827]]]}},{"type":"Feature","properties":{"name":"Bosten Hu","scalerank":0},"geometry":{"type":"Polygon","coordinates":[[[87.3752,41.851],[87.2592,41.8937],[87.1021,41.9009],[86.8939,41.8699],[86.7534,41.8255],[86.728,41.8503],[86.7351,41.9028],[86.7949,41.9748],[86.8286,42.0725],[86.889,42.1081],[87.0077,42.0845],[87.3153,42.0167],[87.3752,41.9077],[87.3752,41.851],[87.3752,41.851],[87.3752,41.851]]]}},{"type":"Feature","properties":{"name":null,"scalerank":0},"geometry":{"type":"Polygon","coordinates":[[[30.8682,61.974],[30.8685,62.0095],[30.8527,62.0488],[30.8496,62.0829],[30.9256,62.0829],[30.9712,62.065],[31.0526,61.9701],[31.0198,61.9288],[30.9389,61.9214],[30.8853,61.9407],[30.8682,61.974],[30.8682,61.974],[30.8682,61.974]]]}},{"type":"Feature","properties":{"name":"Lake Il'Men'","scalerank":0},"geometry":{"type":"Polygon","coordinates":[[[31.531,58.2302],[31.4465,58.2059],[31.394,58.142],[31.1562,58.1713],[30.8762,58.2141],[30.857,58.2391],[30.9549,58.2844],[31.0194,58.3197],[31.08,58.3316],[31.1702,58.3595],[31.2517,58.4254],[31.2983,58.4766],[31.3743,58.4292],[31.4302,58.4166],[31.5107,58.3889],[31.5182,58.3726],[31.6371,58.388],[31.6534,58.3687],[31.6457,58.3514],[31.647,58.3084],[31.6883,58.2023],[31.6306,58.2073],[31.531,58.2302],[31.531,58.2302],[31.531,58.2302]]]}},{"type":"Feature","properties":{"name":"Poyang Hu","scalerank":0},"geometry":{"type":"Polygon","coordinates":[[[116.7058,29.1362],[116.7086,29.1024],[116.6724,29.0976],[116.6347,29.1019],[116.6178,29.1152],[116.5811,29.1283],[116.5211,29.1433],[116.4955,29.1224],[116.4772,29.043],[116.5032,28.953],[116.5301,28.8945],[116.5366,28.8455],[116.5115,28.8038],[116.4685,28.8052],[116.4414,28.8595],[116.4181,28.8797],[116.4092,28.9053],[116.3478,28.9057],[116.3291,28.9609],[116.0973,29.1059],[116.0639,29.1489],[116.0473,29.1902],[115.9818,29.2792],[115.965,29.3114],[116.002,29.3943],[116.026,29.4529],[116.0906,29.5553],[116.1175,29.6531],[116.0996,29.688],[116.0823,29.7025],[116.1131,29.7259],[116.1805,29.7512],[116.1976,29.7514],[116.2297,29.6984],[116.2348,29.6659],[116.2074,29.645],[116.1989,29.6035],[116.1807,29.5727],[116.159,29.5188],[116.1445,29.4536],[116.1098,29.4266],[116.1151,29.4019],[116.1428,29.3865],[116.1879,29.382],[116.1961,29.3616],[116.1528,29.3342],[116.1366,29.3093],[116.1529,29.2526],[116.3104,29.2315],[116.3434,29.2337],[116.3685,29.2225],[116.358,29.1856],[116.3619,29.1538],[116.4068,29.1762],[116.4399,29.2361],[116.4687,29.2501],[116.5403,29.2402],[116.6039,29.2367],[116.6401,29.2367],[116.6637,29.2261],[116.6608,29.1902],[116.6735,29.1587],[116.7058,29.1362],[116.7058,29.1362],[116.7058,29.1362]]]}},{"type":"Feature","properties":{"name":"Daguan Hu","scalerank":0},"geometry":{"type":"Polygon","coordinates":[[[116.4608,30.0545],[116.4962,30.0202],[116.5199,29.9882],[116.4979,29.9644],[116.3881,29.966],[116.2899,29.9936],[116.2588,30.0481],[116.2569,30.0935],[116.2811,30.0792],[116.2977,30.0861],[116.3271,30.0868],[116.386,30.0693],[116.4417,30.0772],[116.4608,30.0545],[116.4608,30.0545],[116.4608,30.0545]]]}},{"type":"Feature","properties":{"name":"Long Hu","scalerank":0},"geometry":{"type":"Polygon","coordinates":[[[116.1951,30.0375],[116.1951,30.0375],[116.1951,30.0375],[116.1951,30.0375],[116.2417,30.0321],[116.2525,30.0104],[116.2598,29.9764],[116.2536,29.9351],[116.2111,29.9076],[116.131,29.8976],[116.0441,29.8811],[115.9774,29.9517],[115.9854,30.0161],[116.0732,30.0004],[116.1183,30.0004],[116.1289,30.0262],[116.1504,30.061],[116.1951,30.0375]]]}},{"type":"Feature","properties":{"name":"Liangzi Hu","scalerank":0},"geometry":{"type":"Polygon","coordinates":[[[114.3505,30.196],[114.3711,30.2106],[114.3949,30.2362],[114.4059,30.2678],[114.4436,30.2852],[114.4958,30.2894],[114.5012,30.3105],[114.4744,30.3333],[114.458,30.3644],[114.5012,30.3662],[114.5395,30.345],[114.6028,30.2995],[114.6233,30.2577],[114.6417,30.1329],[114.6234,30.0959],[114.5812,30.1372],[114.5425,30.1882],[114.5092,30.1939],[114.4738,30.1585],[114.4452,30.0847],[114.4084,30.1064],[114.3652,30.1651],[114.3505,30.196],[114.3505,30.196],[114.3505,30.196]]]}},{"type":"Feature","properties":{"name":"Siling Co","scalerank":0},"geometry":{"type":"Polygon","coordinates":[[[89.3176,31.7942],[89.2865,31.7875],[89.2532,31.7491],[89.2113,31.6787],[89.1381,31.6016],[89.0575,31.5956],[88.9891,31.6087],[88.9455,31.6245],[88.9373,31.6575],[88.9482,31.7004],[88.927,31.728],[88.8498,31.7259],[88.7637,31.7116],[88.6846,31.7295],[88.608,31.7962],[88.5663,31.844],[88.6078,31.8801],[88.704,31.8666],[88.7591,31.8338],[88.7893,31.8286],[88.8137,31.8411],[88.8643,31.8874],[88.9685,31.918],[89.1202,31.9127],[89.2663,31.8723],[89.3233,31.8234],[89.3176,31.7942],[89.3176,31.7942],[89.3176,31.7942]]]}},{"type":"Feature","properties":{"name":"Har Us Nuur","scalerank":0},"geometry":{"type":"Polygon","coordinates":[[[92.7866,48.1782],[92.6218,48.0978],[92.4422,48.0302],[92.3535,47.9642],[92.28,47.8506],[92.2003,47.7687],[92.0842,47.8157],[91.9908,47.933],[91.9762,48.0097],[92.1051,48.0544],[92.2486,48.1301],[92.25,48.2634],[92.287,48.3522],[92.3629,48.3608],[92.4249,48.3601],[92.4832,48.3389],[92.4019,48.2374],[92.4047,48.1564],[92.4797,48.1381],[92.5437,48.1384],[92.6434,48.1931],[92.6454,48.2709],[92.6383,48.33],[92.7328,48.3104],[92.802,48.2529],[92.7866,48.1782],[92.7866,48.1782],[92.7866,48.1782]]]}},{"type":"Feature","properties":{"name":"Lake Taupo","scalerank":0},"geometry":{"type":"Polygon","coordinates":[[[176.0655,-38.812],[176.0026,-38.8652],[175.927,-38.9019],[175.8509,-38.9314],[175.7952,-38.9479],[175.7554,-38.9432],[175.7996,-38.8454],[175.7818,-38.7966],[175.7491,-38.7726],[175.7627,-38.7266],[175.8092,-38.677],[175.9436,-38.677],[176.0574,-38.7213],[176.0827,-38.758],[176.0655,-38.812],[176.0655,-38.812],[176.0655,-38.812]]]}},{"type":"Feature","properties":{"name":"Lake Geneva","scalerank":0},"geometry":{"type":"Polygon","coordinates":[[[6.8736,46.4322],[6.8664,46.4026],[6.845,46.3848],[6.6653,46.4024],[6.4688,46.3886],[6.3364,46.3609],[6.157,46.2051],[6.1333,46.2046],[6.1584,46.3024],[6.3439,46.4576],[6.5882,46.5288],[6.8188,46.4656],[6.8736,46.4322],[6.8736,46.4322],[6.8736,46.4322]]]}},{"type":"Feature","properties":{"name":"Lough Neagh","scalerank":0},"geometry":{"type":"Polygon","coordinates":[[[-6.4884,54.7228],[-6.4586,54.7154],[-6.3179,54.7088],[-6.2719,54.66],[-6.2823,54.6038],[-6.3488,54.5247],[-6.3543,54.5022],[-6.4274,54.4994],[-6.5624,54.5146],[-6.5847,54.56],[-6.5413,54.6233],[-6.5114,54.6984],[-6.4884,54.7228],[-6.4884,54.7228],[-6.4884,54.7228]]]}},{"type":"Feature","properties":{"name":"V\u00e4ttern","scalerank":0},"geometry":{"type":"Polygon","coordinates":[[[14.933,58.7839],[14.9409,58.7562],[14.929,58.6999],[14.8997,58.635],[14.8914,58.5917],[14.9625,58.5393],[14.9462,58.5109],[14.8273,58.4615],[14.6864,58.3947],[14.6225,58.2989],[14.5824,58.2017],[14.5435,58.1381],[14.4994,58.0855],[14.3393,57.9333],[14.245,57.8095],[14.1593,57.7963],[14.1211,57.9245],[14.2132,58.1502],[14.3905,58.4063],[14.5066,58.5607],[14.6316,58.6798],[14.7257,58.7313],[14.8169,58.7911],[14.9321,58.8541],[14.9681,58.8488],[14.9621,58.8355],[14.933,58.7839],[14.933,58.7839],[14.933,58.7839]]]}},{"type":"Feature","properties":{"name":"Lake Van","scalerank":0},"geometry":{"type":"Polygon","coordinates":[[[42.9887,38.3456],[42.9228,38.39],[42.9116,38.4261],[42.8822,38.4768],[42.8564,38.4837],[42.781,38.4586],[42.6833,38.4565],[42.5861,38.4816],[42.5385,38.4897],[42.3531,38.4998],[42.3646,38.5485],[42.434,38.6105],[42.4584,38.6428],[42.458,38.6922],[42.526,38.7452],[42.7229,38.7821],[42.845,38.794],[42.9348,38.7942],[43.0794,38.8093],[43.1628,38.8462],[43.1588,38.869],[43.1265,38.8818],[43.0876,38.8814],[43.0752,38.9161],[43.1521,38.9476],[43.285,38.9636],[43.4359,38.9878],[43.5602,38.9776],[43.6107,38.947],[43.5311,38.8975],[43.3828,38.8361],[43.2919,38.8128],[43.21,38.7159],[43.1864,38.6031],[43.2871,38.548],[43.3184,38.4887],[43.2346,38.4072],[43.1477,38.3366],[43.0877,38.3261],[42.9887,38.3456],[42.9887,38.3456],[42.9887,38.3456]]]}},{"type":"Feature","properties":{"name":"Yellowstone Lake","scalerank":0},"geometry":{"type":"Polygon","coordinates":[[[-110.199,44.3354],[-110.2354,44.3222],[-110.2729,44.3188],[-110.2916,44.3365],[-110.328,44.3563],[-110.3412,44.3828],[-110.3944,44.3914],[-110.3897,44.4247],[-110.4261,44.4467],[-110.4885,44.4366],[-110.5308,44.4137],[-110.5551,44.4467],[-110.5286,44.471],[-110.4903,44.4731],[-110.4503,44.4798],[-110.4176,44.5031],[-110.3809,44.5559],[-110.3269,44.5669],[-110.2718,44.5438],[-110.2641,44.4467],[-110.2023,44.3905],[-110.199,44.3354],[-110.199,44.3354],[-110.199,44.3354]]]}},{"type":"Feature","properties":{"name":"Teshekpuk Lake","scalerank":0},"geometry":{"type":"Polygon","coordinates":[[[-152.9398,70.5686],[-153.2748,70.5183],[-153.6555,70.4798],[-153.719,70.4942],[-153.7935,70.4871],[-153.9258,70.5123],[-154.0194,70.5431],[-154.1006,70.5984],[-154.174,70.6337],[-154.2371,70.6388],[-154.2572,70.6605],[-154.1612,70.678],[-154.0354,70.6844],[-153.9755,70.6795],[-153.9382,70.6977],[-153.8115,70.7248],[-153.6114,70.7368],[-153.0145,70.6035],[-152.9398,70.5686],[-152.9398,70.5686],[-152.9398,70.5686]]]}},{"type":"Feature","properties":{"name":"Flathead Lake","scalerank":0},"geometry":{"type":"Polygon","coordinates":[[[-114.1556,47.9326],[-114.1802,48.0221],[-114.1986,48.0396],[-114.1931,48.0693],[-114.1336,48.0914],[-114.0465,48.0153],[-114.0244,47.9342],[-114.0046,47.7849],[-114.0211,47.7563],[-114.0564,47.711],[-114.1181,47.7177],[-114.1501,47.7144],[-114.1633,47.7398],[-114.1258,47.7838],[-114.1479,47.8125],[-114.1931,47.8257],[-114.2496,47.8366],[-114.254,47.8579],[-114.1942,47.8907],[-114.1556,47.9326],[-114.1556,47.9326],[-114.1556,47.9326]]]}},{"type":"Feature","properties":{"name":"Lake Mead","scalerank":0},"geometry":{"type":"Polygon","coordinates":[[[-113.6357,35.8309],[-113.6704,35.8427],[-113.726,35.9216],[-113.7945,36.0095],[-113.8946,36.0793],[-113.9523,36.1298],[-113.9886,36.1647],[-114.039,36.1635],[-114.1104,36.032],[-114.2084,36.0057],[-114.294,36.0299],[-114.3211,36.0765],[-114.3727,36.1001],[-114.4063,36.0907],[-114.4509,36.0793],[-114.5039,36.1062],[-114.6404,36.106],[-114.7142,36.0237],[-114.7414,36.0135],[-114.7686,36.0199],[-114.8119,36.0746],[-114.8162,36.1215],[-114.6534,36.1542],[-114.512,36.1939],[-114.4315,36.2372],[-114.413,36.3483],[-114.3868,36.4827],[-114.3637,36.5145],[-114.3364,36.5192],[-114.3346,36.4438],[-114.3587,36.3346],[-114.3703,36.2092],[-114.2951,36.1104],[-114.2259,36.0497],[-114.1593,36.0768],[-114.0972,36.1516],[-114.0299,36.2447],[-113.9963,36.2437],[-113.9239,36.1764],[-113.8579,36.1156],[-113.7775,36.0481],[-113.6988,35.9578],[-113.6329,35.8595],[-113.6357,35.8309],[-113.6357,35.8309],[-113.6357,35.8309]]]}},{"type":"Feature","properties":{"name":"Lake Claire","scalerank":0},"geometry":{"type":"Polygon","coordinates":[[[-111.8167,58.5601],[-111.8085,58.5172],[-111.8309,58.4838],[-111.8383,58.46],[-111.8434,58.4251],[-111.8314,58.3937],[-111.7889,58.3313],[-111.8089,58.3026],[-111.8983,58.3059],[-112.0804,58.3469],[-112.1888,58.4126],[-112.2368,58.4598],[-112.2079,58.4987],[-112.2111,58.5499],[-112.2551,58.5763],[-112.3149,58.5627],[-112.3932,58.5779],[-112.4473,58.6178],[-112.4313,58.6826],[-112.3373,58.7776],[-112.1535,58.8246],[-112.0409,58.8188],[-112.0371,58.7865],[-112.1131,58.7776],[-112.119,58.7363],[-111.9847,58.7135],[-111.9021,58.7257],[-111.8438,58.7211],[-111.802,58.6966],[-111.7656,58.6845],[-111.7313,58.6858],[-111.7167,58.6595],[-111.8167,58.5601],[-111.8167,58.5601],[-111.8167,58.5601]]]}},{"type":"Feature","properties":{"name":"Smallwood Reservoir","scalerank":0},"geometry":{"type":"Polygon","coordinates":[[[-63.1756,54.1295],[-63.1756,54.1295],[-63.1756,54.1295],[-63.1756,54.1295],[-63.1837,54.1094],[-63.2033,54.0738],[-63.1036,54.0036],[-63.1369,53.9734],[-63.2,53.9557],[-63.2469,53.9662],[-63.3048,53.9902],[-63.4165,54.0063],[-63.4894,54.0121],[-63.5552,54.0059],[-63.5684,53.9817],[-63.5287,53.9552],[-63.5292,53.9294],[-63.6518,53.9246],[-63.7031,53.9176],[-63.7696,53.9016],[-63.7642,53.8786],[-63.8267,53.858],[-64.0095,53.8616],[-64.1239,53.8965],[-64.1383,53.9602],[-64.1761,54.0122],[-64.4949,54.0793],[-64.5252,54.1103],[-64.5642,54.1245],[-64.6518,54.1139],[-64.6885,54.0809],[-64.6416,54.0311],[-64.6584,53.9958],[-64.694,53.9605],[-64.7513,53.9342],[-64.8365,53.9306],[-64.922,53.9162],[-65.0139,53.8885],[-65.1233,53.8396],[-65.1769,53.8184],[-65.2634,53.7961],[-65.2976,53.7596],[-65.2951,53.7241],[-65.191,53.6742],[-65.1896,53.6391],[-65.1476,53.5642],[-65.1635,53.5401],[-65.1278,53.5004],[-64.9731,53.4551],[-65.0203,53.4211],[-65.2337,53.4552],[-65.5291,53.4897],[-65.5825,53.5425],[-65.4799,53.5485],[-65.3881,53.5592],[-65.3346,53.5865],[-65.3168,53.6049],[-65.326,53.6359],[-65.3644,53.6748],[-65.3811,53.715],[-65.363,53.7556],[-65.3279,53.8212],[-65.3378,53.8792],[-65.4073,53.9039],[-65.4534,53.9141],[-65.5071,53.9497],[-65.5169,53.9973],[-65.5826,54.0608],[-65.7281,54.0866],[-65.8255,54.1353],[-66.1124,54.3467],[-66.2542,54.4255],[-66.2764,54.4783],[-66.3638,54.5412],[-66.4401,54.5622],[-66.4288,54.5084],[-66.3493,54.4235],[-66.3772,54.3754],[-66.4062,54.3383],[-66.3873,54.2627],[-66.3313,54.1788],[-66.3235,54.1542],[-66.3818,54.1637],[-66.4915,54.2733],[-66.5458,54.3634],[-66.5768,54.4235],[-66.6077,54.4877],[-66.6165,54.5206],[-66.6146,54.5815],[-66.6211,54.6231],[-66.5351,54.6282],[-66.5079,54.6535],[-66.5293,54.7698],[-66.5088,54.8024],[-66.5555,54.8835],[-66.6003,54.9225],[-66.5948,54.9494],[-66.5675,54.9584],[-66.5741,54.9906],[-66.5979,55.0286],[-66.5841,55.0493],[-66.5526,55.0539],[-66.5412,55.0731],[-66.5561,55.1016],[-66.5324,55.1001],[-66.4489,55.0523],[-66.3449,54.9788],[-66.3491,54.9516],[-66.3522,54.9373],[-66.3515,54.9138],[-66.3798,54.9044],[-66.4203,54.9013],[-66.432,54.893],[-66.4275,54.8806],[-66.3993,54.8527],[-66.4122,54.8376],[-66.4232,54.8334],[-66.4292,54.8135],[-66.3597,54.7148],[-66.3542,54.6872],[-66.2001,54.5766],[-66.191,54.5251],[-66.191,54.4764],[-66.0227,54.3462],[-65.9938,54.34],[-65.9376,54.2707],[-65.9087,54.2851],[-65.8716,54.2805],[-65.7915,54.2021],[-65.7131,54.1631],[-65.6822,54.1755],[-65.5034,54.0554],[-65.4003,54.0066],[-65.3454,54.0433],[-65.1921,53.993],[-65.1034,54.0119],[-65.1777,54.0748],[-65.1305,54.0833],[-64.8641,54.0529],[-64.8163,54.0765],[-64.9411,54.1524],[-65.0111,54.2243],[-65.0723,54.3403],[-65.1649,54.4352],[-65.3049,54.4596],[-65.3018,54.4751],[-65.2792,54.5233],[-65.2712,54.6077],[-65.2235,54.6502],[-65.157,54.6559],[-65.1354,54.6377],[-65.2178,54.5566],[-65.1871,54.528],[-65.1396,54.5113],[-65.1034,54.4732],[-65.0591,54.3962],[-64.9602,54.3026],[-64.9803,54.2885],[-64.9702,54.236],[-64.9198,54.1708],[-64.8834,54.1484],[-64.8787,54.1601],[-64.8555,54.1673],[-64.7631,54.144],[-64.6796,54.1426],[-64.6172,54.1751],[-64.5834,54.1856],[-64.5099,54.1889],[-64.4314,54.1866],[-64.3332,54.166],[-64.2191,54.1781],[-64.234,54.2111],[-64.2742,54.2312],[-64.2845,54.256],[-64.3247,54.2727],[-64.407,54.2565],[-64.4636,54.2529],[-64.4799,54.2733],[-64.4247,54.3317],[-64.4,54.5108],[-64.3663,54.6153],[-64.3776,54.6785],[-64.4163,54.7374],[-64.3973,54.7434],[-64.3202,54.696],[-64.296,54.6585],[-64.3294,54.566],[-64.3202,54.5174],[-64.2016,54.4061],[-64.1379,54.3504],[-64.0295,54.2848],[-63.9466,54.2431],[-63.8704,54.1688],[-63.7476,54.0963],[-63.5836,54.0777],[-63.4654,54.0979],[-63.373,54.1402],[-63.3189,54.1427],[-63.2282,54.1375],[-63.1756,54.1295]]]}},{"type":"Feature","properties":{"name":"Lake Taymyr","scalerank":0},"geometry":{"type":"Polygon","coordinates":[[[101.0227,73.8604],[100.949,73.8938],[101.0259,73.9365],[101.104,73.9922],[101.0622,74.0951],[100.968,74.1956],[100.8999,74.256],[100.7678,74.2915],[100.6071,74.2959],[100.5004,74.308],[100.4118,74.3369],[100.2176,74.3465],[100.0792,74.3427],[99.9566,74.331],[99.7096,74.3397],[99.5852,74.3601],[99.5072,74.4004],[99.6074,74.4195],[99.8304,74.4073],[99.9719,74.4089],[100.1715,74.4399],[100.2319,74.4821],[100.3514,74.5287],[100.4947,74.5772],[100.5008,74.6307],[100.4342,74.7218],[100.3184,74.8004],[100.0974,74.8609],[100.1324,74.8955],[100.2662,74.936],[100.419,74.9475],[100.4634,75.0066],[100.2854,75.0786],[100.0419,75.1029],[100.027,75.1255],[100.0335,75.1478],[100.1091,75.1601],[100.1924,75.1502],[100.3011,75.1266],[100.4352,75.0872],[100.5373,75.0725],[100.6119,75.0362],[100.6155,74.9823],[100.5438,74.932],[100.5338,74.8733],[100.5727,74.8226],[100.7066,74.7574],[100.8408,74.7205],[101.0589,74.6807],[101.8062,74.6411],[102.484,74.6413],[103.2531,74.676],[103.4932,74.7104],[103.7617,74.7625],[104.0324,74.7953],[104.234,74.8144],[104.2094,74.8588],[104.0275,74.885],[103.8776,74.9275],[103.9122,74.9854],[103.9907,75.0092],[104.0469,75.0208],[104.1171,75.0551],[104.1294,75.0882],[104.1459,75.1125],[104.2638,75.1212],[104.4672,75.093],[104.6278,75.0118],[104.8644,74.9146],[105.3065,74.8549],[105.3331,74.8144],[105.2324,74.7845],[104.9729,74.7725],[104.5081,74.7398],[103.9986,74.6513],[103.92,74.6327],[103.8429,74.6292],[103.7415,74.6326],[103.5686,74.5926],[103.2039,74.568],[102.8334,74.5399],[102.4642,74.5155],[102.0409,74.502],[101.9855,74.4132],[102.0732,74.3223],[102.1896,74.2401],[102.1612,74.2326],[102.0589,74.231],[101.9788,74.2361],[101.8476,74.2583],[101.6914,74.2897],[101.4265,74.3559],[101.3129,74.404],[101.3313,74.4387],[101.3656,74.4789],[101.2131,74.491],[101.0492,74.4843],[100.8559,74.4634],[100.8823,74.425],[100.9813,74.4124],[101.1028,74.387],[101.0997,74.3301],[101.1562,74.2458],[101.2771,74.143],[101.4391,74.0429],[101.5289,73.9531],[101.5525,73.878],[101.5326,73.8413],[101.4348,73.8381],[101.3766,73.8436],[101.1252,73.849],[101.0227,73.8604],[101.0227,73.8604],[101.0227,73.8604]]]}},{"type":"Feature","properties":{"name":"Lago de Izabal","scalerank":0},"geometry":{"type":"Polygon","coordinates":[[[-88.8777,15.7119],[-88.9246,15.6778],[-88.9704,15.6364],[-88.9974,15.5728],[-89.0224,15.4893],[-89.0786,15.4436],[-89.1824,15.4173],[-89.238,15.4102],[-89.2777,15.3951],[-89.3013,15.3817],[-89.3262,15.4116],[-89.3655,15.4597],[-89.3881,15.488],[-89.3715,15.5055],[-89.3174,15.5219],[-89.2466,15.5485],[-89.183,15.575],[-89.1054,15.6021],[-88.9706,15.6876],[-88.8618,15.7644],[-88.8428,15.7653],[-88.8521,15.7415],[-88.8777,15.7119],[-88.8777,15.7119],[-88.8777,15.7119],[-88.8777,15.7119]]]}},{"type":"Feature","properties":{"name":"Ozero Mogotoyevo","scalerank":0},"geometry":{"type":"Polygon","coordinates":[[[149.3181,72.0367],[149.3112,72.0083],[149.2515,71.9691],[149.1874,71.9211],[149.1131,71.9062],[149.0098,71.9249],[148.9418,71.9787],[148.9158,72.0336],[148.9298,72.0809],[148.9611,72.1291],[148.9873,72.1529],[149.0207,72.1625],[149.0785,72.162],[149.1548,72.1515],[149.2236,72.1268],[149.2828,72.0823],[149.3181,72.0367],[149.3181,72.0367],[149.3181,72.0367],[149.3181,72.0367]]]}},{"type":"Feature","properties":{"name":"Ayakkum Hu","scalerank":0},"geometry":{"type":"Polygon","coordinates":[[[89.6109,37.4952],[89.5139,37.4854],[89.3651,37.5042],[89.2284,37.5275],[89.1447,37.5385],[89.0975,37.5604],[89.082,37.5866],[89.1467,37.5979],[89.2767,37.6149],[89.3965,37.6325],[89.4869,37.6277],[89.565,37.613],[89.6185,37.5943],[89.6449,37.5753],[89.6391,37.5528],[89.64,37.5269],[89.6452,37.5099],[89.6109,37.4952],[89.6109,37.4952],[89.6109,37.4952],[89.6109,37.4952]]]}},{"type":"Feature","properties":{"name":"Storsj\u00f6n","scalerank":0},"geometry":{"type":"Polygon","coordinates":[[[14.0845,63.2587],[14.054,63.2959],[14.0259,63.3188],[14.0635,63.3252],[14.2198,63.3046],[14.3937,63.2616],[14.4457,63.2636],[14.5102,63.2652],[14.6118,63.205],[14.6715,63.1392],[14.5691,63.1624],[14.5044,63.1648],[14.4549,63.1533],[14.4273,63.1266],[14.4222,63.0897],[14.4437,63.0278],[14.4688,62.9524],[14.4737,62.8871],[14.4605,62.8362],[14.4444,62.8273],[14.427,62.8262],[14.3898,62.8745],[14.3453,62.9251],[14.341,62.953],[14.3682,62.9563],[14.3896,62.9535],[14.413,62.9541],[14.4298,62.9799],[14.3984,63.0278],[14.3572,63.0871],[14.2075,63.1521],[14.1138,63.1785],[14.057,63.1941],[13.9812,63.2459],[13.9719,63.2627],[14.0047,63.2592],[14.0613,63.2357],[14.0825,63.242],[14.0845,63.2587],[14.0845,63.2587],[14.0845,63.2587]]]}},{"type":"Feature","properties":{"name":"Lake St. Joseph","scalerank":0},"geometry":{"type":"Polygon","coordinates":[[[-91.3453,50.9688],[-91.3021,51.0355],[-91.2744,51.069],[-91.2139,51.0663],[-91.0911,51.0376],[-90.9762,51.0111],[-90.9113,51.0375],[-90.8443,51.0725],[-90.7946,51.0943],[-90.7453,51.1204],[-90.6627,51.1762],[-90.6041,51.2145],[-90.5202,51.1915],[-90.4724,51.1698],[-90.4308,51.1396],[-90.4269,51.1192],[-90.5278,51.0681],[-90.747,51.0141],[-90.9365,50.9544],[-91.1198,50.9456],[-91.2382,50.9337],[-91.318,50.9185],[-91.3671,50.9305],[-91.3453,50.9688],[-91.3453,50.9688],[-91.3453,50.9688]]]}},{"type":"Feature","properties":{"name":"Lake Rukwa","scalerank":0},"geometry":{"type":"Polygon","coordinates":[[[32.5139,-8.039],[32.5305,-8.0695],[32.5213,-8.0904],[32.3629,-8.033],[32.171,-7.9634],[32.0516,-7.9715],[31.9602,-7.9859],[31.9205,-7.9586],[31.8734,-7.8838],[31.8232,-7.7835],[31.7941,-7.7012],[31.7995,-7.6532],[31.8341,-7.619],[31.8973,-7.585],[32.0265,-7.6335],[32.2544,-7.8261],[32.4481,-7.9891],[32.5139,-8.039],[32.5139,-8.039],[32.5139,-8.039],[32.5139,-8.039]]]}},{"type":"Feature","properties":{"name":"Nam Ngum Reservoir","scalerank":0},"geometry":{"type":"Polygon","coordinates":[[[102.8785,18.5267],[102.8259,18.5266],[102.7194,18.4973],[102.6755,18.4654],[102.6465,18.4499],[102.6146,18.4765],[102.5709,18.5598],[102.5455,18.6154],[102.5267,18.669],[102.5059,18.7457],[102.527,18.7587],[102.5606,18.7352],[102.5818,18.696],[102.6221,18.6807],[102.6385,18.6732],[102.6594,18.6623],[102.7036,18.657],[102.7467,18.6503],[102.7533,18.5988],[102.7912,18.5687],[102.8514,18.5505],[102.8847,18.544],[102.8941,18.5413],[102.8785,18.5267],[102.8785,18.5267],[102.8785,18.5267]]]}},{"type":"Feature","properties":{"name":"R\u00e9servoir Gouin","scalerank":0},"geometry":{"type":"Polygon","coordinates":[[[-74.531,48.4608],[-74.531,48.4608],[-74.531,48.4608],[-74.531,48.4608],[-74.5453,48.4386],[-74.5745,48.4252],[-74.5961,48.4184],[-74.6214,48.4201],[-74.6385,48.4138],[-74.6514,48.3997],[-74.6767,48.3635],[-74.686,48.3571],[-74.6916,48.3817],[-74.7057,48.4197],[-74.7222,48.4339],[-74.7555,48.4487],[-74.8164,48.5123],[-74.8666,48.56],[-74.9111,48.575],[-74.9455,48.5756],[-74.9643,48.5563],[-74.9686,48.5187],[-74.9603,48.4987],[-74.942,48.4871],[-74.945,48.4539],[-74.9541,48.3797],[-74.9603,48.3643],[-74.9863,48.3647],[-75.0234,48.3591],[-75.0593,48.3466],[-75.0817,48.3407],[-75.1298,48.2875],[-75.1395,48.2887],[-75.13,48.3298],[-75.1145,48.414],[-75.0992,48.4782],[-75.0733,48.4954],[-75.0425,48.5137],[-75.008,48.5642],[-75.0182,48.6122],[-75.07,48.5965],[-75.0945,48.5765],[-75.1288,48.5553],[-75.1648,48.526],[-75.182,48.4791],[-75.181,48.4385],[-75.1739,48.4144],[-75.2135,48.4059],[-75.2687,48.4082],[-75.3004,48.4243],[-75.336,48.437],[-75.3626,48.429],[-75.3871,48.4437],[-75.4145,48.4378],[-75.3894,48.4834],[-75.3498,48.5316],[-75.3016,48.5798],[-75.2818,48.5973],[-75.2497,48.5982],[-75.2189,48.592],[-75.1808,48.6018],[-75.1464,48.6365],[-75.1093,48.675],[-75.061,48.7063],[-75.0422,48.7117],[-74.9695,48.6936],[-74.9214,48.7097],[-74.8121,48.7572],[-74.7625,48.7734],[-74.7227,48.7848],[-74.6301,48.8011],[-74.5579,48.8024],[-74.5431,48.7783],[-74.5224,48.7561],[-74.5437,48.7038],[-74.58,48.6396],[-74.5548,48.6083],[-74.5072,48.594],[-74.4852,48.58],[-74.4558,48.5812],[-74.4117,48.5885],[-74.3966,48.5793],[-74.4057,48.5472],[-74.3697,48.4857],[-74.3143,48.4492],[-74.2629,48.4386],[-74.2228,48.4262],[-74.1738,48.3982],[-74.1738,48.3982],[-74.1176,48.3884],[-74.1002,48.3722],[-74.1511,48.3601],[-74.2375,48.3468],[-74.3121,48.3769],[-74.3954,48.4402],[-74.4625,48.4707],[-74.5103,48.4797],[-74.531,48.4608]]]}},{"type":"Feature","properties":{"name":"Gaoyou Hu","scalerank":0},"geometry":{"type":"Polygon","coordinates":[[[119.4068,32.7936],[119.3915,32.7513],[119.35,32.7495],[119.2998,32.7479],[119.2534,32.7362],[119.201,32.691],[119.1734,32.6857],[119.1648,32.7056],[119.147,32.7531],[119.1254,32.798],[119.0922,32.8364],[119.0794,32.8545],[119.0842,32.866],[119.1303,32.8772],[119.1877,32.8779],[119.2285,32.8822],[119.2419,32.8964],[119.2407,32.9186],[119.2531,32.9431],[119.2512,32.978],[119.2449,33.0132],[119.264,33.034],[119.2965,33.0413],[119.3145,33.0544],[119.3031,33.0852],[119.2686,33.1208],[119.2369,33.1543],[119.2152,33.1562],[119.1797,33.1482],[119.1678,33.1176],[119.1643,33.0898],[119.1538,33.0645],[119.0992,33.027],[119.0348,33.031],[118.9656,33.0377],[118.9065,33.0582],[118.8818,33.0773],[118.9572,33.0711],[119.0594,33.0579],[119.1022,33.069],[119.1346,33.1441],[119.1699,33.1861],[119.2262,33.1999],[119.2541,33.2008],[119.3037,33.164],[119.349,33.0778],[119.3457,33.0236],[119.3723,33.0004],[119.397,32.9158],[119.4068,32.7936],[119.4068,32.7936],[119.4068,32.7936],[119.4068,32.7936]]]}},{"type":"Feature","properties":{"name":"Ozero Pyasino","scalerank":0},"geometry":{"type":"Polygon","coordinates":[[[88.1607,69.4981],[88.1463,69.4829],[88.1076,69.4819],[88.0397,69.4788],[87.937,69.4778],[87.8746,69.483],[87.8141,69.4931],[87.7281,69.5126],[87.6947,69.5407],[87.7048,69.5872],[87.7211,69.6241],[87.6846,69.7049],[87.6088,69.809],[87.4719,69.8705],[87.3732,69.8756],[87.3491,69.8893],[87.372,69.9205],[87.3951,69.9535],[87.4104,70.0035],[87.4942,70.0245],[87.6468,70.0715],[87.8096,70.0971],[87.9247,70.0903],[87.9691,70.0611],[87.9387,70.0254],[87.7711,69.982],[87.6566,69.9599],[87.66,69.9212],[87.6815,69.8952],[87.7103,69.8781],[87.785,69.8411],[87.8812,69.7843],[87.9299,69.7562],[87.9958,69.6871],[88.0253,69.6139],[88.0146,69.5895],[88.0386,69.5628],[88.1142,69.5288],[88.1607,69.4981],[88.1607,69.4981],[88.1607,69.4981],[88.1607,69.4981]]]}},{"type":"Feature","properties":{"name":null,"scalerank":0},"geometry":{"type":"Polygon","coordinates":[[[27.0371,61.6624],[26.9982,61.6637],[26.9375,61.6699],[26.8625,61.6955],[26.795,61.7032],[26.7433,61.6942],[26.7702,61.6664],[26.8371,61.6477],[26.8794,61.6261],[26.8843,61.5935],[26.8862,61.5808],[26.8898,61.5689],[26.8696,61.5636],[26.8338,61.5735],[26.8105,61.5707],[26.7962,61.5581],[26.7782,61.576],[26.7581,61.6119],[26.6646,61.681],[26.5538,61.7581],[26.4683,61.7908],[26.4059,61.8092],[26.35,61.8343],[26.2902,61.8541],[26.2764,61.8662],[26.3055,61.9],[26.3512,61.9348],[26.4119,61.976],[26.4415,61.9623],[26.4278,61.9451],[26.3906,61.9053],[26.3761,61.8703],[26.4185,61.8629],[26.4637,61.8747],[26.4907,61.8903],[26.5244,61.8995],[26.5403,61.9152],[26.5273,61.9285],[26.5313,61.9391],[26.5754,61.9375],[26.6027,61.9168],[26.6314,61.8858],[26.6678,61.8678],[26.6839,61.8715],[26.686,61.8814],[26.692,61.888],[26.7133,61.8856],[26.744,61.8708],[26.7742,61.8609],[26.7961,61.8706],[26.8096,61.8873],[26.8094,61.9025],[26.7641,61.9127],[26.6976,61.9307],[26.6441,61.9683],[26.5913,62.0218],[26.5883,62.0373],[26.6399,62.0115],[26.7047,61.993],[26.7548,61.9751],[26.8192,61.9482],[26.8729,61.9018],[26.8809,61.8715],[26.8768,61.8548],[26.8943,61.7965],[26.9,61.753],[26.9267,61.73],[26.9826,61.7122],[27.0276,61.704],[27.0428,61.6883],[27.0445,61.6712],[27.0371,61.6624],[27.0371,61.6624],[27.0371,61.6624],[27.0371,61.6624]]]}},{"type":"Feature","properties":{"name":"Hj\u00e4lmaren","scalerank":0},"geometry":{"type":"Polygon","coordinates":[[[16.4038,59.3087],[16.4061,59.3055],[16.356,59.2876],[16.3102,59.2746],[16.1305,59.2399],[15.921,59.194],[15.8922,59.176],[15.881,59.1624],[15.8158,59.1489],[15.7013,59.1506],[15.6241,59.1674],[15.6204,59.1919],[15.5896,59.2248],[15.5451,59.2458],[15.5196,59.2551],[15.4807,59.2612],[15.344,59.2695],[15.3535,59.2833],[15.4996,59.3017],[15.6131,59.3167],[15.7277,59.2982],[15.8216,59.2951],[15.8569,59.3038],[15.9902,59.2864],[16.1874,59.2876],[16.2706,59.2996],[16.3338,59.3033],[16.4038,59.3087],[16.4038,59.3087],[16.4038,59.3087],[16.4038,59.3087]]]}},{"type":"Feature","properties":{"name":null,"scalerank":0},"geometry":{"type":"Polygon","coordinates":[[[26.6297,63.1136],[26.5917,63.089],[26.6028,63.035],[26.6483,62.9823],[26.6498,62.9611],[26.6292,62.9519],[26.5375,62.9814],[26.4615,63.0149],[26.4682,63.0239],[26.4693,63.0393],[26.4621,63.0651],[26.4536,63.0945],[26.4268,63.1234],[26.353,63.1684],[26.2719,63.2162],[26.2349,63.2476],[26.2316,63.2643],[26.2569,63.2604],[26.3043,63.2263],[26.3601,63.1865],[26.4289,63.1639],[26.4906,63.1698],[26.5648,63.1959],[26.586,63.2343],[26.5111,63.2762],[26.449,63.3025],[26.4196,63.3295],[26.4233,63.3543],[26.4594,63.3645],[26.5242,63.3405],[26.6229,63.3207],[26.6975,63.3217],[26.717,63.3143],[26.685,63.3035],[26.6492,63.2932],[26.6915,63.2778],[26.7329,63.2569],[26.7414,63.2268],[26.7138,63.1912],[26.6629,63.1638],[26.6438,63.1382],[26.6297,63.1136],[26.6297,63.1136],[26.6297,63.1136],[26.6297,63.1136]]]}},{"type":"Feature","properties":{"name":"Lake Bienville","scalerank":0},"geometry":{"type":"Polygon","coordinates":[[[-73.1821,55.0982],[-73.1536,55.1128],[-73.1541,55.125],[-73.067,55.1471],[-72.9232,55.1795],[-72.8322,55.1905],[-72.7321,55.2004],[-72.6466,55.2133],[-72.5888,55.2162],[-72.5169,55.221],[-72.4184,55.2409],[-72.3048,55.2717],[-72.2254,55.2814],[-72.25,55.2618],[-72.2812,55.2263],[-72.2857,55.1931],[-72.2898,55.1664],[-72.3578,55.1258],[-72.473,55.0832],[-72.6286,55.0491],[-72.7057,55.0102],[-72.7894,54.9978],[-72.9182,54.9739],[-73.0451,54.9464],[-73.1098,54.9468],[-73.1493,54.9645],[-73.2135,54.9679],[-73.313,54.947],[-73.4128,54.9212],[-73.5554,54.9028],[-73.6044,54.9274],[-73.5112,54.942],[-73.4277,54.9695],[-73.4092,54.9865],[-73.4334,55.0064],[-73.4853,55.0219],[-73.5136,55.0342],[-73.5113,55.0479],[-73.491,55.0556],[-73.434,55.051],[-73.3648,55.0479],[-73.2719,55.07],[-73.2058,55.0891],[-73.1821,55.0982],[-73.1821,55.0982],[-73.1821,55.0982],[-73.1821,55.0982]]]}},{"type":"Feature","properties":{"name":"Lake Beloye","scalerank":0},"geometry":{"type":"Polygon","coordinates":[[[37.232,60.1645],[37.2311,60.1857],[37.2863,60.2334],[37.3999,60.2889],[37.5422,60.3187],[37.737,60.3294],[37.8984,60.3008],[37.9812,60.2392],[38.0042,60.1606],[37.999,60.1033],[37.9684,60.0857],[37.8232,60.0787],[37.715,60.0774],[37.469,60.0878],[37.3967,60.098],[37.2799,60.1312],[37.232,60.1645],[37.232,60.1645],[37.232,60.1645],[37.232,60.1645]]]}},{"type":"Feature","properties":{"name":"Van Blommestein Meer","scalerank":0},"geometry":{"type":"Polygon","coordinates":[[[-54.8936,4.7826],[-54.9249,4.7465],[-54.941,4.7254],[-54.9379,4.6985],[-54.9241,4.6728],[-54.8915,4.6652],[-54.8647,4.6551],[-54.864,4.6257],[-54.8738,4.6007],[-54.9005,4.5941],[-54.9318,4.5813],[-54.9515,4.5961],[-54.9833,4.6089],[-55.0129,4.599],[-55.0478,4.57],[-55.0637,4.533],[-55.0873,4.4893],[-55.1225,4.4624],[-55.1486,4.4706],[-55.1903,4.4841],[-55.2198,4.4923],[-55.2301,4.5139],[-55.2597,4.525],[-55.2986,4.5242],[-55.3349,4.5279],[-55.3294,4.5739],[-55.3026,4.6086],[-55.2794,4.6212],[-55.2733,4.6631],[-55.2845,4.6991],[-55.2352,4.7795],[-55.1727,4.8788],[-55.1505,4.9643],[-55.1265,4.999],[-55.0935,4.999],[-55.0199,4.9706],[-54.9679,4.9179],[-54.9376,4.9038],[-54.8852,4.9075],[-54.8402,4.9124],[-54.8067,4.9079],[-54.7963,4.8807],[-54.8143,4.8356],[-54.8385,4.7887],[-54.8616,4.7865],[-54.8936,4.7826],[-54.8936,4.7826],[-54.8936,4.7826],[-54.8936,4.7826]]]}},{"type":"Feature","properties":{"name":"Lake Manyara","scalerank":0},"geometry":{"type":"Polygon","coordinates":[[[35.7442,-3.6361],[35.7623,-3.5528],[35.7916,-3.48],[35.8225,-3.4324],[35.8482,-3.4159],[35.8691,-3.4236],[35.8817,-3.4517],[35.8686,-3.5762],[35.8381,-3.7014],[35.8062,-3.7368],[35.7746,-3.7571],[35.7531,-3.75],[35.7422,-3.7074],[35.7442,-3.6361],[35.7442,-3.6361],[35.7442,-3.6361],[35.7442,-3.6361]]]}},{"type":"Feature","properties":{"name":"Lake \u00c4baya","scalerank":0},"geometry":{"type":"Polygon","coordinates":[[[38.0551,6.5777],[38.102,6.5759],[38.1377,6.5772],[38.1435,6.5599],[38.1295,6.5191],[38.1164,6.4731],[38.1065,6.449],[38.0874,6.4229],[38.0581,6.3805],[38.0143,6.3071],[37.9437,6.2018],[37.8748,6.1085],[37.8428,6.0731],[37.802,6.0495],[37.7387,6.0136],[37.7007,6.0146],[37.6955,6.0438],[37.7091,6.0885],[37.7447,6.1359],[37.7904,6.1719],[37.8261,6.1886],[37.8652,6.2205],[37.8867,6.2633],[37.8752,6.3604],[37.8631,6.4553],[37.8688,6.4908],[37.9359,6.5476],[38.0172,6.5893],[38.0551,6.5777],[38.0551,6.5777],[38.0551,6.5777],[38.0551,6.5777]]]}},{"type":"Feature","properties":{"name":"Akkajaure","scalerank":0},"geometry":{"type":"Polygon","coordinates":[[[18.184,67.478],[17.8383,67.586],[17.6316,67.6122],[17.5753,67.6202],[17.4752,67.6444],[17.3395,67.6541],[17.2457,67.6737],[17.2202,67.6868],[17.1543,67.7355],[17.1308,67.7925],[17.3025,67.7531],[17.4353,67.714],[18.116,67.5609],[18.2031,67.5329],[18.3958,67.462],[18.4279,67.4191],[18.184,67.478],[18.184,67.478],[18.184,67.478]]]}},{"type":"Feature","properties":{"name":"Lake Balaton","scalerank":0},"geometry":{"type":"Polygon","coordinates":[[[17.5856,46.7657],[17.4759,46.7235],[17.2772,46.7213],[17.2693,46.7422],[17.2706,46.76],[17.3086,46.7635],[17.3835,46.779],[17.4787,46.8],[17.6654,46.8523],[17.8236,46.9112],[17.8811,46.9432],[17.9546,46.9873],[18.0391,47.0371],[18.0775,47.0547],[18.1305,47.0393],[18.1637,47.0105],[18.1427,46.9631],[17.8809,46.8665],[17.6722,46.7905],[17.5856,46.7657],[17.5856,46.7657],[17.5856,46.7657],[17.5856,46.7657]]]}},{"type":"Feature","properties":{"name":"Canandaigua Lake","scalerank":5},"geometry":{"type":"Polygon","coordinates":[[[-77.2622,42.8146],[-77.3094,42.7683],[-77.354,42.6889],[-77.3639,42.7038],[-77.3606,42.7335],[-77.3342,42.7848],[-77.2911,42.8365],[-77.2705,42.8948],[-77.2449,42.8758],[-77.2622,42.8146],[-77.2622,42.8146],[-77.2622,42.8146]]]}},{"type":"Feature","properties":{"name":"Owasco Lake","scalerank":5},"geometry":{"type":"Polygon","coordinates":[[[-76.4792,42.77],[-76.5272,42.8361],[-76.5487,42.8973],[-76.5363,42.9221],[-76.4693,42.7807],[-76.4685,42.7691],[-76.4792,42.77],[-76.4792,42.77],[-76.4792,42.77]]]}},{"type":"Feature","properties":{"name":"Skaneateles Lake","scalerank":5},"geometry":{"type":"Polygon","coordinates":[[[-76.2722,42.7872],[-76.3618,42.8501],[-76.428,42.9105],[-76.4255,42.9601],[-76.3722,42.8873],[-76.2932,42.8328],[-76.2722,42.7872],[-76.2722,42.7872],[-76.2722,42.7872]]]}},{"type":"Feature","properties":{"name":null,"scalerank":0},"geometry":{"type":"Polygon","coordinates":[[[-163.468,60.4136],[-163.5291,60.3927],[-163.5566,60.3621],[-163.5766,60.3419],[-163.5566,60.27],[-163.6292,60.2141],[-163.7704,60.1668],[-163.7747,60.178],[-163.7952,60.2108],[-163.7844,60.2586],[-163.7745,60.2861],[-163.793,60.2982],[-163.836,60.2967],[-163.9372,60.2855],[-164.0418,60.2751],[-164.0536,60.2946],[-164.0177,60.3024],[-163.9013,60.3329],[-163.8496,60.3513],[-163.8811,60.369],[-163.9385,60.389],[-163.8935,60.4077],[-163.8662,60.4303],[-163.8522,60.4333],[-163.7969,60.4163],[-163.734,60.4312],[-163.7209,60.4393],[-163.6602,60.4326],[-163.499,60.4249],[-163.468,60.4136],[-163.468,60.4136],[-163.468,60.4136],[-163.468,60.4136]]]}},{"type":"Feature","properties":{"name":"Bear Lake","scalerank":0},"geometry":{"type":"Polygon","coordinates":[[[-111.2882,42.0328],[-111.3077,41.9491],[-111.3266,41.8892],[-111.3487,41.8714],[-111.3729,41.8832],[-111.3941,41.9374],[-111.4074,41.9876],[-111.4027,42.0616],[-111.3934,42.1308],[-111.3444,42.1524],[-111.3127,42.1481],[-111.2854,42.1092],[-111.2825,42.0587],[-111.2882,42.0328],[-111.2882,42.0328],[-111.2882,42.0328]]]}},{"type":"Feature","properties":{"name":"Utah Lake","scalerank":0},"geometry":{"type":"Polygon","coordinates":[[[-111.7418,40.1903],[-111.8268,40.158],[-111.8482,40.0952],[-111.8672,40.0704],[-111.8919,40.0637],[-111.8944,40.0814],[-111.8905,40.117],[-111.8995,40.1542],[-111.9144,40.1762],[-111.8523,40.2523],[-111.8602,40.3226],[-111.8813,40.3771],[-111.7928,40.3688],[-111.7632,40.3374],[-111.7327,40.2845],[-111.7006,40.2377],[-111.6801,40.2254],[-111.6895,40.206],[-111.7418,40.1903],[-111.7418,40.1903],[-111.7418,40.1903],[-111.7418,40.1903]]]}},{"type":"Feature","properties":{"name":null,"scalerank":0},"geometry":{"type":"Polygon","coordinates":[[[-126.4144,66.9381],[-126.3992,66.9829],[-126.3562,67.0112],[-126.29,67.0206],[-126.2178,67.0096],[-126.1584,66.9786],[-126.1287,66.9408],[-126.1491,66.9087],[-126.1835,66.8826],[-126.1906,66.8546],[-126.1773,66.8169],[-126.1894,66.7956],[-126.2356,66.7754],[-126.2747,66.7543],[-126.3141,66.7604],[-126.369,66.7843],[-126.4083,66.8572],[-126.4144,66.9381],[-126.4144,66.9381],[-126.4144,66.9381],[-126.4144,66.9381]]]}},{"type":"Feature","properties":{"name":"Leech Lake","scalerank":0},"geometry":{"type":"Polygon","coordinates":[[[-94.2453,47.1915],[-94.2604,47.15],[-94.3015,47.0967],[-94.3463,47.0747],[-94.3946,47.067],[-94.433,47.077],[-94.4609,47.1092],[-94.5194,47.1429],[-94.5657,47.1197],[-94.5697,47.0748],[-94.5781,47.0618],[-94.5858,47.0794],[-94.6046,47.1229],[-94.6208,47.1657],[-94.6108,47.206],[-94.5891,47.2018],[-94.5022,47.2214],[-94.437,47.2322],[-94.3793,47.2411],[-94.2965,47.2846],[-94.2815,47.2702],[-94.2969,47.2209],[-94.3081,47.1828],[-94.2779,47.1862],[-94.2453,47.1915],[-94.2453,47.1915],[-94.2453,47.1915],[-94.2453,47.1915]]]}},{"type":"Feature","properties":{"name":"Lac des Mille Lacs","scalerank":0},"geometry":{"type":"Polygon","coordinates":[[[-90.2918,48.935],[-90.2877,48.9156],[-90.314,48.8783],[-90.3396,48.8215],[-90.3751,48.7859],[-90.4404,48.7847],[-90.4582,48.7979],[-90.5247,48.8061],[-90.6009,48.8114],[-90.6343,48.8328],[-90.6317,48.8671],[-90.6501,48.9166],[-90.6843,48.9204],[-90.6882,48.9441],[-90.6658,48.9669],[-90.6262,48.9738],[-90.5911,48.9603],[-90.5611,48.9262],[-90.5465,48.8952],[-90.4796,48.8846],[-90.4003,48.8858],[-90.3608,48.8925],[-90.3245,48.9158],[-90.2918,48.935],[-90.2918,48.935],[-90.2918,48.935],[-90.2918,48.935]]]}},{"type":"Feature","properties":{"name":"R\u00e9servoir Baskatong","scalerank":0},"geometry":{"type":"Polygon","coordinates":[[[-75.6943,46.8966],[-75.6878,46.8721],[-75.6984,46.8249],[-75.7316,46.7681],[-75.7514,46.7176],[-75.7949,46.7149],[-75.8644,46.7549],[-75.9433,46.7586],[-76.0175,46.7467],[-76.0335,46.7595],[-76.0096,46.7777],[-75.9715,46.8191],[-75.9582,46.859],[-75.955,46.8749],[-75.8901,46.8887],[-75.8306,46.9016],[-75.7789,46.9637],[-75.7365,46.9971],[-75.7271,46.9741],[-75.6943,46.8966],[-75.6943,46.8966],[-75.6943,46.8966],[-75.6943,46.8966]]]}},{"type":"Feature","properties":{"name":"Lago Ranco","scalerank":0},"geometry":{"type":"Polygon","coordinates":[[[-72.2652,-40.2603],[-72.2629,-40.2922],[-72.2729,-40.3021],[-72.331,-40.2993],[-72.4573,-40.2929],[-72.5474,-40.2721],[-72.558,-40.2346],[-72.5523,-40.2012],[-72.5286,-40.1717],[-72.4254,-40.1354],[-72.3301,-40.1276],[-72.299,-40.1497],[-72.2733,-40.1663],[-72.2666,-40.1916],[-72.2695,-40.2215],[-72.2652,-40.2603],[-72.2652,-40.2603],[-72.2652,-40.2603]]]}},{"type":"Feature","properties":{"name":"Trout Lake","scalerank":0},"geometry":{"type":"Polygon","coordinates":[[[-121.2558,60.4476],[-121.355,60.4083],[-121.4078,60.3997],[-121.4288,60.4142],[-121.4562,60.4428],[-121.4965,60.4586],[-121.586,60.4379],[-121.5664,60.4635],[-121.4844,60.5174],[-121.3891,60.5599],[-121.3155,60.5883],[-121.3006,60.6232],[-121.314,60.7005],[-121.3361,60.7706],[-121.2759,60.7619],[-121.1763,60.7224],[-121.1083,60.6646],[-121.0913,60.5916],[-121.1487,60.5134],[-121.2558,60.4476],[-121.2558,60.4476],[-121.2558,60.4476],[-121.2558,60.4476]]]}},{"type":"Feature","properties":{"name":"Lago Viedma","scalerank":0},"geometry":{"type":"Polygon","coordinates":[[[-72.3063,-49.7607],[-72.4898,-49.6914],[-72.6206,-49.641],[-72.7098,-49.639],[-72.753,-49.6567],[-72.8249,-49.6594],[-72.9433,-49.6678],[-73.0294,-49.6729],[-73.0301,-49.6617],[-73.0022,-49.639],[-72.973,-49.616],[-72.9692,-49.5881],[-72.9906,-49.5516],[-73.0181,-49.5084],[-72.9845,-49.4806],[-72.9303,-49.4397],[-72.8776,-49.4399],[-72.8139,-49.4783],[-72.52,-49.5522],[-72.2613,-49.6106],[-72.2109,-49.626],[-72.1324,-49.6681],[-72.1014,-49.7086],[-72.1014,-49.7358],[-72.1138,-49.7592],[-72.1363,-49.7749],[-72.1836,-49.7841],[-72.3063,-49.7607],[-72.3063,-49.7607],[-72.3063,-49.7607],[-72.3063,-49.7607]]]}},{"type":"Feature","properties":{"name":"Lac Tumba","scalerank":0},"geometry":{"type":"Polygon","coordinates":[[[18.0355,-0.9568],[18.0137,-0.9313],[17.9822,-0.8925],[17.9406,-0.8521],[17.9168,-0.8155],[17.9176,-0.7709],[17.9014,-0.736],[17.843,-0.7135],[17.8172,-0.6947],[17.8113,-0.6722],[17.8326,-0.6689],[17.9009,-0.665],[17.9833,-0.6517],[18.0447,-0.6569],[18.0893,-0.6796],[18.1141,-0.7079],[18.1206,-0.7308],[18.1108,-0.7816],[18.1074,-0.7994],[18.1171,-0.8598],[18.1264,-0.9308],[18.1289,-0.9809],[18.1022,-0.9888],[18.0772,-0.9706],[18.0572,-0.9557],[18.0355,-0.9568],[18.0355,-0.9568],[18.0355,-0.9568],[18.0355,-0.9568]]]}},{"type":"Feature","properties":{"name":null,"scalerank":0},"geometry":{"type":"Polygon","coordinates":[[[30.7685,63.8336],[30.795,63.879],[30.7971,63.9223],[30.8325,63.9176],[30.8728,63.9028],[30.8816,63.8865],[30.8957,63.8679],[31.0228,63.8358],[31.1668,63.8148],[31.1994,63.7862],[31.191,63.775],[31.1695,63.7712],[31.1404,63.7826],[31.0998,63.7902],[31.0803,63.7801],[31.0877,63.7544],[31.121,63.7334],[31.1379,63.709],[31.1343,63.6978],[31.1139,63.681],[31.122,63.6543],[31.1438,63.6292],[31.1286,63.613],[31.0677,63.64],[30.999,63.6677],[30.9491,63.6828],[30.9121,63.7081],[30.9191,63.7379],[30.9163,63.7673],[30.8827,63.7897],[30.7488,63.8046],[30.7271,63.8253],[30.7685,63.8336],[30.7685,63.8336],[30.7685,63.8336],[30.7685,63.8336]]]}},{"type":"Feature","properties":{"name":"Po Hu","scalerank":0},"geometry":{"type":"Polygon","coordinates":[[[116.4238,30.1083],[116.4008,30.1176],[116.3866,30.1426],[116.3734,30.1606],[116.3509,30.1746],[116.317,30.2032],[116.3145,30.2303],[116.3351,30.2345],[116.3569,30.2453],[116.3715,30.2441],[116.3902,30.2237],[116.4434,30.2069],[116.472,30.2042],[116.5138,30.2084],[116.5391,30.2068],[116.5404,30.18],[116.527,30.1491],[116.5253,30.1158],[116.5256,30.0893],[116.5062,30.0782],[116.4938,30.0852],[116.4684,30.1038],[116.4238,30.1083],[116.4238,30.1083],[116.4238,30.1083],[116.4238,30.1083]]]}},{"type":"Feature","properties":{"name":"Buyr Nuur","scalerank":0},"geometry":{"type":"Polygon","coordinates":[[[117.5811,47.6856],[117.5584,47.7099],[117.529,47.7387],[117.5308,47.7764],[117.5695,47.8355],[117.6375,47.9013],[117.7092,47.9475],[117.7645,47.9612],[117.8011,47.95],[117.8408,47.9105],[117.8686,47.8648],[117.8559,47.8254],[117.8061,47.7724],[117.7292,47.7183],[117.6549,47.68],[117.6062,47.666],[117.5858,47.6711],[117.5811,47.6856],[117.5811,47.6856],[117.5811,47.6856],[117.5811,47.6856]]]}},{"type":"Feature","properties":{"name":"Ngangla Ringeo","scalerank":0},"geometry":{"type":"Polygon","coordinates":[[[83.2303,31.4635],[83.2011,31.4643],[83.0943,31.492],[82.9908,31.5151],[82.9126,31.5171],[82.8571,31.541],[82.8373,31.5644],[82.8944,31.5748],[82.9278,31.5961],[82.9339,31.6125],[82.9738,31.6274],[83.0596,31.6411],[83.1001,31.6517],[83.1415,31.5967],[83.2088,31.5567],[83.29,31.5083],[83.3408,31.4616],[83.3332,31.4451],[83.2961,31.4462],[83.2303,31.4635],[83.2303,31.4635],[83.2303,31.4635]]]}},{"type":"Feature","properties":{"name":"Tangra Yumco","scalerank":0},"geometry":{"type":"Polygon","coordinates":[[[86.7773,31.1662],[86.764,31.1356],[86.7044,31.1229],[86.628,31.0844],[86.6073,31.0341],[86.565,30.9432],[86.5227,30.8578],[86.4939,30.811],[86.4566,30.7952],[86.4194,30.807],[86.3972,30.8403],[86.3963,30.8709],[86.4122,30.8939],[86.4451,30.9516],[86.516,31.0575],[86.607,31.2211],[86.6539,31.3666],[86.7419,31.3419],[86.7652,31.2563],[86.7773,31.1662],[86.7773,31.1662],[86.7773,31.1662],[86.7773,31.1662]]]}},{"type":"Feature","properties":{"name":"Ozero Kulundinskoye","scalerank":0},"geometry":{"type":"Polygon","coordinates":[[[79.7697,52.9671],[79.7444,52.9325],[79.7313,52.8995],[79.7356,52.8729],[79.7502,52.8596],[79.7336,52.8419],[79.6914,52.8298],[79.6031,52.8372],[79.5166,52.8582],[79.4511,52.8991],[79.4,52.944],[79.3867,52.9742],[79.3865,53.0066],[79.3993,53.0414],[79.427,53.0756],[79.4723,53.102],[79.5943,53.1435],[79.6375,53.1373],[79.6954,53.1185],[79.7378,53.092],[79.7666,53.0483],[79.7906,53.0123],[79.8094,52.9961],[79.7697,52.9671],[79.7697,52.9671],[79.7697,52.9671]]]}},{"type":"Feature","properties":{"name":"Siletitengiz K\u00f6li","scalerank":0},"geometry":{"type":"Polygon","coordinates":[[[73.3865,53.0696],[73.3251,53.1134],[73.1973,53.2053],[73.0878,53.2689],[73.0139,53.2709],[72.9585,53.2497],[72.9329,53.2599],[72.9227,53.2808],[72.9573,53.3091],[72.9808,53.3438],[72.9869,53.3683],[73.0311,53.3842],[73.1088,53.3952],[73.2036,53.3976],[73.3211,53.3822],[73.405,53.361],[73.4239,53.337],[73.4213,53.2547],[73.4186,53.1539],[73.408,53.1083],[73.4031,53.0875],[73.4065,53.0717],[73.3865,53.0696],[73.3865,53.0696],[73.3865,53.0696],[73.3865,53.0696]]]}},{"type":"Feature","properties":{"name":"Ubinskoye Lake","scalerank":0},"geometry":{"type":"Polygon","coordinates":[[[80.3279,55.5399],[80.3081,55.4937],[80.2082,55.452],[80.0996,55.4127],[79.9865,55.39],[79.898,55.3851],[79.8473,55.3968],[79.8232,55.4226],[79.8229,55.452],[79.8812,55.4791],[79.984,55.5156],[80.0855,55.55],[80.1855,55.5637],[80.2686,55.5607],[80.3048,55.563],[80.3279,55.5399],[80.3279,55.5399],[80.3279,55.5399]]]}},{"type":"Feature","properties":{"name":null,"scalerank":0},"geometry":{"type":"Polygon","coordinates":[[[38.6506,61.3444],[38.6747,61.3896],[38.7082,61.421],[38.7973,61.4524],[38.8941,61.4669],[38.9167,61.4447],[38.8842,61.3812],[38.8576,61.3231],[38.8749,61.289],[38.8949,61.2548],[38.8856,61.2288],[38.8365,61.2066],[38.7613,61.1955],[38.6971,61.1985],[38.6632,61.2165],[38.6475,61.2734],[38.6506,61.3444],[38.6506,61.3444],[38.6506,61.3444],[38.6506,61.3444]]]}},{"type":"Feature","properties":{"name":null,"scalerank":0},"geometry":{"type":"Polygon","coordinates":[[[28.8687,66.3113],[28.8687,66.3113],[28.8687,66.3113],[28.8687,66.3113],[28.9494,66.3058],[29.0303,66.3104],[29.0893,66.2988],[29.0529,66.2836],[29.0298,66.2704],[29.0071,66.2426],[28.9407,66.22],[28.7912,66.1615],[28.7009,66.1059],[28.6258,66.063],[28.5229,66.049],[28.3644,66.0337],[28.0698,66.0344],[28.0428,66.0485],[28.049,66.0659],[28.0467,66.0897],[28.0338,66.1075],[28.0246,66.119],[27.9516,66.1437],[27.8856,66.1681],[27.94,66.1721],[28.0301,66.1621],[28.086,66.145],[28.1185,66.1252],[28.1284,66.0973],[28.1377,66.0743],[28.1766,66.0718],[28.3197,66.0997],[28.4326,66.1247],[28.506,66.1365],[28.54,66.1667],[28.5611,66.1859],[28.7025,66.212],[28.8331,66.2331],[28.8359,66.2423],[28.8354,66.2624],[28.7799,66.3003],[28.7271,66.3309],[28.7547,66.3383],[28.8074,66.3352],[28.8687,66.3113]]]}},{"type":"Feature","properties":{"name":"Umbozero Lake","scalerank":0},"geometry":{"type":"Polygon","coordinates":[[[34.1936,67.8709],[34.2162,67.8821],[34.2802,67.887],[34.3349,67.8581],[34.3633,67.8045],[34.449,67.7336],[34.5514,67.6445],[34.5823,67.5928],[34.5342,67.5523],[34.4086,67.5431],[34.3184,67.5449],[34.317,67.5716],[34.3128,67.6001],[34.3146,67.6551],[34.3187,67.701],[34.3011,67.7241],[34.2545,67.7498],[34.2367,67.7714],[34.2479,67.7934],[34.218,67.8364],[34.1936,67.8709],[34.1936,67.8709],[34.1936,67.8709],[34.1936,67.8709]]]}},{"type":"Feature","properties":{"name":"Lake Kovdozero","scalerank":0},"geometry":{"type":"Polygon","coordinates":[[[32.3153,66.5019],[32.3153,66.5019],[32.3153,66.5019],[32.3153,66.5019],[32.3153,66.5019],[32.3,66.4862],[32.304,66.4809],[32.3246,66.4659],[32.3658,66.458],[32.3809,66.4537],[32.3975,66.4452],[32.39,66.4375],[32.3549,66.4253],[32.2239,66.4535],[32.1201,66.4706],[31.9914,66.4715],[31.9783,66.4903],[31.9827,66.4991],[32.1072,66.5195],[32.1346,66.5383],[32.1194,66.5639],[32.0275,66.6341],[31.9632,66.7003],[31.901,66.7407],[31.7355,66.7502],[31.5768,66.758],[31.5613,66.7688],[31.5542,66.7831],[31.5756,66.799],[31.6086,66.8133],[31.6211,66.8224],[31.7078,66.8231],[31.7637,66.8377],[31.7654,66.8584],[31.7011,66.8725],[31.6803,66.8848],[31.7457,66.9121],[31.8605,66.8857],[31.9481,66.8405],[32.087,66.8449],[32.2178,66.8352],[32.2387,66.8156],[32.2029,66.7794],[32.1797,66.7615],[32.1965,66.745],[32.249,66.7308],[32.3102,66.7064],[32.3285,66.6899],[32.339,66.6741],[32.3109,66.6518],[32.2551,66.6242],[32.2202,66.6014],[32.2416,66.5659],[32.306,66.5251],[32.3153,66.5019]]]}},{"type":"Feature","properties":{"name":"Lake Tekapo","scalerank":0},"geometry":{"type":"Polygon","coordinates":[[[170.6562,-43.6581],[170.6531,-43.6806],[170.6176,-43.7365],[170.5759,-43.8506],[170.575,-43.9351],[170.5104,-44.0026],[170.5078,-43.9674],[170.5094,-43.8958],[170.5116,-43.8532],[170.53,-43.816],[170.5001,-43.5964],[170.5193,-43.5344],[170.5312,-43.5785],[170.5429,-43.6752],[170.5587,-43.707],[170.579,-43.7177],[170.6,-43.712],[170.6316,-43.6775],[170.6562,-43.6581],[170.6562,-43.6581],[170.6562,-43.6581],[170.6562,-43.6581]]]}},{"type":"Feature","properties":{"name":"Ozero Bustakh","scalerank":0},"geometry":{"type":"Polygon","coordinates":[[[142.1938,72.5621],[142.153,72.5486],[142.0572,72.5177],[141.9603,72.4842],[141.8288,72.4663],[141.6896,72.4645],[141.6392,72.4759],[141.6372,72.5],[141.6227,72.521],[141.6073,72.5412],[141.5859,72.5696],[141.6222,72.5792],[141.7939,72.5929],[141.9649,72.6084],[142.1274,72.5946],[142.1938,72.5621],[142.1938,72.5621],[142.1938,72.5621],[142.1938,72.5621]]]}},{"type":"Feature","properties":{"name":"Yamzho Yumco","scalerank":0},"geometry":{"type":"Polygon","coordinates":[[[90.9309,28.9233],[90.8897,28.9335],[90.8667,28.9271],[90.8559,28.9278],[90.8347,28.9329],[90.8084,28.9382],[90.7681,28.9143],[90.7516,28.8749],[90.7393,28.8656],[90.7151,28.8825],[90.67,28.8639],[90.6314,28.838],[90.5903,28.7971],[90.5661,28.7872],[90.5347,28.7862],[90.5082,28.8045],[90.4787,28.835],[90.4535,28.8596],[90.4474,28.8775],[90.4559,28.8871],[90.4738,28.8849],[90.4918,28.8698],[90.5103,28.8593],[90.5303,28.861],[90.5605,28.874],[90.5936,28.9026],[90.6211,28.9391],[90.647,28.9746],[90.6725,29.0108],[90.6641,29.0466],[90.6592,29.0887],[90.6535,29.126],[90.6302,29.1509],[90.5897,29.1671],[90.5345,29.1649],[90.4771,29.145],[90.4236,29.1113],[90.3881,29.0932],[90.3863,29.1074],[90.4242,29.1377],[90.5029,29.1881],[90.562,29.2111],[90.6326,29.1924],[90.6916,29.1614],[90.7293,29.1299],[90.7257,29.1085],[90.7188,29.0936],[90.721,29.0723],[90.7305,29.0517],[90.7681,29.0123],[90.7882,28.9908],[90.8288,28.9894],[90.8444,29.0128],[90.8762,29.0238],[90.9189,29.0208],[90.9631,29.003],[90.9925,28.978],[90.9882,28.9505],[91.0025,28.9043],[90.9928,28.8923],[90.9557,28.9118],[90.9309,28.9233],[90.9309,28.9233],[90.9309,28.9233],[90.9309,28.9233]]]}},{"type":"Feature","properties":{"name":"Ozero Tenis","scalerank":0},"geometry":{"type":"Polygon","coordinates":[[[72.0026,56.202],[72.0092,56.1771],[71.9887,56.1428],[71.9475,56.1091],[71.869,56.1064],[71.8173,56.095],[71.7777,56.0868],[71.7505,56.064],[71.7176,56.058],[71.6759,56.0669],[71.6622,56.1149],[71.6246,56.1776],[71.6425,56.1914],[71.7215,56.197],[71.8197,56.1895],[71.8623,56.192],[71.8801,56.2059],[71.9412,56.2112],[72.0026,56.202],[72.0026,56.202],[72.0026,56.202],[72.0026,56.202]]]}},{"type":"Feature","properties":{"name":"Ozero Ch\u00ebrnoye","scalerank":0},"geometry":{"type":"Polygon","coordinates":[[[67.6785,55.8007],[67.64,55.7918],[67.6211,55.78],[67.6084,55.7648],[67.5941,55.7498],[67.5037,55.713],[67.3962,55.718],[67.2979,55.7453],[67.2965,55.7773],[67.3205,55.8148],[67.3479,55.8509],[67.3507,55.8675],[67.3817,55.8692],[67.4331,55.8352],[67.483,55.8064],[67.5363,55.8061],[67.5951,55.8213],[67.6683,55.8172],[67.6785,55.8007],[67.6785,55.8007],[67.6785,55.8007],[67.6785,55.8007]]]}},{"type":"Feature","properties":{"name":null,"scalerank":0},"geometry":{"type":"Polygon","coordinates":[[[32.9104,65.9748],[32.9104,65.9748],[32.9104,65.9748],[32.9104,65.9748],[32.9104,65.9748],[32.9312,65.9572],[32.9744,65.9396],[33.0551,65.9299],[33.0865,65.9094],[33.0811,65.8794],[33.0756,65.852],[33.0721,65.8327],[32.9459,65.7939],[32.7995,65.7625],[32.7428,65.7693],[32.7359,65.7868],[32.7344,65.8054],[32.7036,65.8305],[32.7781,65.8581],[32.8421,65.8765],[32.8487,65.8935],[32.8376,65.9125],[32.7949,65.9292],[32.7452,65.9478],[32.7506,65.9745],[32.7965,66.0072],[32.8111,66.0331],[32.8356,66.0436],[32.8979,66.043],[32.8912,66.0231],[32.8631,65.9976],[32.8705,65.9834],[32.9104,65.9748]]]}},{"type":"Feature","properties":{"name":"Ozero Bol'\u0161oe Morskoe","scalerank":0},"geometry":{"type":"Polygon","coordinates":[[[158.9338,70.0923],[158.9131,70.084],[158.883,70.073],[158.8451,70.0361],[158.8193,69.9998],[158.7924,69.9898],[158.7518,69.9941],[158.6424,70.029],[158.5728,70.0659],[158.5459,70.099],[158.5576,70.1241],[158.6098,70.1375],[158.7094,70.1382],[158.8543,70.122],[158.9247,70.1188],[158.9338,70.0923],[158.9338,70.0923],[158.9338,70.0923]]]}},{"type":"Feature","properties":{"name":"Ozero Chukochye","scalerank":0},"geometry":{"type":"Polygon","coordinates":[[[160.0255,69.4565],[160.0659,69.4677],[160.0994,69.4848],[160.0676,69.5145],[160.0555,69.5378],[160.1036,69.5391],[160.2201,69.5188],[160.3251,69.4894],[160.3665,69.4623],[160.4132,69.4414],[160.4453,69.4305],[160.4239,69.4201],[160.3003,69.4168],[160.206,69.4107],[160.2485,69.3856],[160.2777,69.3595],[160.2479,69.352],[160.1521,69.3688],[160.0563,69.394],[160.0332,69.4104],[160.0469,69.4284],[160.0439,69.446],[160.0255,69.4565],[160.0255,69.4565],[160.0255,69.4565],[160.0255,69.4565]]]}},{"type":"Feature","properties":{"name":"Shijiu Hu","scalerank":0},"geometry":{"type":"Polygon","coordinates":[[[118.78,31.4094],[118.7685,31.4188],[118.7474,31.4589],[118.7428,31.4922],[118.7235,31.5222],[118.7229,31.5417],[118.7579,31.5451],[118.8674,31.5456],[118.9412,31.5541],[118.964,31.5034],[118.9602,31.4648],[118.9152,31.4351],[118.85,31.3926],[118.8146,31.402],[118.78,31.4094],[118.78,31.4094],[118.78,31.4094]]]}},{"type":"Feature","properties":{"name":"Hong Hu","scalerank":0},"geometry":{"type":"Polygon","coordinates":[[[113.4513,29.9402],[113.454,29.9144],[113.4257,29.8761],[113.3912,29.8259],[113.3688,29.7852],[113.3404,29.7599],[113.3122,29.7492],[113.2751,29.7798],[113.2373,29.8478],[113.2303,29.8928],[113.2486,29.9041],[113.3022,29.8883],[113.3312,29.8937],[113.3619,29.9493],[113.4062,29.9528],[113.4513,29.9402],[113.4513,29.9402],[113.4513,29.9402],[113.4513,29.9402]]]}},{"type":"Feature","properties":{"name":"V\u00f5rtsj\u00e4rv","scalerank":0},"geometry":{"type":"Polygon","coordinates":[[[26.1428,58.3273],[26.1406,58.2688],[26.1103,58.2098],[26.0848,58.1435],[26.051,58.1459],[26.0037,58.2195],[25.9279,58.3051],[25.9409,58.345],[25.9661,58.3816],[26.019,58.3962],[26.0774,58.3912],[26.1215,58.3737],[26.1428,58.3273],[26.1428,58.3273],[26.1428,58.3273],[26.1428,58.3273]]]}},{"type":"Feature","properties":{"name":"Chao Hu","scalerank":0},"geometry":{"type":"Polygon","coordinates":[[[117.9412,31.5205],[117.9117,31.5216],[117.8299,31.5698],[117.7845,31.5791],[117.7062,31.5245],[117.6234,31.4545],[117.5631,31.4451],[117.4679,31.4666],[117.3819,31.536],[117.3172,31.5917],[117.2972,31.6498],[117.3154,31.6975],[117.3663,31.7088],[117.4128,31.6941],[117.4338,31.6514],[117.448,31.6101],[117.4869,31.5932],[117.5431,31.5909],[117.5939,31.6094],[117.6516,31.6543],[117.7333,31.6597],[117.8098,31.6208],[117.9187,31.5506],[117.9412,31.5205],[117.9412,31.5205],[117.9412,31.5205],[117.9412,31.5205]]]}},{"type":"Feature","properties":{"name":null,"scalerank":0},"geometry":{"type":"Polygon","coordinates":[[[12.8993,63.6524],[12.9299,63.6857],[13.0124,63.712],[13.1165,63.7256],[13.2092,63.7244],[13.2734,63.7108],[13.2995,63.6954],[13.2764,63.6864],[13.1601,63.6896],[13.1098,63.6708],[13.0854,63.6503],[13.0972,63.6078],[13.1191,63.5543],[13.213,63.4862],[13.3582,63.4506],[13.3349,63.4272],[13.2426,63.4515],[13.1794,63.471],[13.1131,63.4972],[13.0101,63.5442],[12.9362,63.6001],[12.8993,63.6524],[12.8993,63.6524],[12.8993,63.6524],[12.8993,63.6524]]]}},{"type":"Feature","properties":{"name":"Lake Rossignol","scalerank":0},"geometry":{"type":"Polygon","coordinates":[[[-64.9657,44.2524],[-64.9643,44.2385],[-65.0011,44.1817],[-65.0246,44.1638],[-65.0995,44.1487],[-65.1762,44.1551],[-65.1985,44.1814],[-65.1994,44.2079],[-65.1887,44.2347],[-65.1669,44.2565],[-65.1345,44.2702],[-65.1039,44.2718],[-65.095,44.2471],[-65.0795,44.2276],[-65.0525,44.2241],[-65.0097,44.2303],[-64.9657,44.2524],[-64.9657,44.2524],[-64.9657,44.2524],[-64.9657,44.2524]]]}},{"type":"Feature","properties":{"name":"Grand Lake","scalerank":0},"geometry":{"type":"Polygon","coordinates":[[[-66.1063,45.8713],[-66.1502,45.8561],[-66.1896,45.8808],[-66.1309,45.9098],[-66.0773,45.9529],[-66.048,46.0099],[-66.0269,46.0497],[-66.0018,46.0662],[-65.9699,46.0819],[-65.9576,46.0915],[-65.9421,46.0987],[-65.9196,46.0929],[-65.9199,46.064],[-65.9298,46.0342],[-65.9496,46.0064],[-65.9786,45.9693],[-65.9886,45.9422],[-66.0413,45.9036],[-66.1063,45.8713],[-66.1063,45.8713],[-66.1063,45.8713],[-66.1063,45.8713]]]}},{"type":"Feature","properties":{"name":"Goose Lake","scalerank":0},"geometry":{"type":"Polygon","coordinates":[[[-120.3242,41.9869],[-120.35,41.9227],[-120.3785,41.8322],[-120.3956,41.7924],[-120.4428,41.7853],[-120.4658,41.8031],[-120.4839,41.8692],[-120.4895,41.9881],[-120.4751,42.0648],[-120.4494,42.0875],[-120.4107,42.1073],[-120.3749,42.0897],[-120.344,42.0665],[-120.3233,42.0404],[-120.3242,41.9869],[-120.3242,41.9869],[-120.3242,41.9869]]]}},{"type":"Feature","properties":{"name":"Pyramid Lake","scalerank":0},"geometry":{"type":"Polygon","coordinates":[[[-119.4322,39.9027],[-119.433,39.8859],[-119.4462,39.8681],[-119.4865,39.8781],[-119.5471,39.9266],[-119.6358,40.0283],[-119.6961,40.1235],[-119.6836,40.1504],[-119.6412,40.1908],[-119.5773,40.2093],[-119.5336,40.1807],[-119.5151,40.082],[-119.483,39.9738],[-119.4543,39.9335],[-119.4322,39.9027],[-119.4322,39.9027],[-119.4322,39.9027],[-119.4322,39.9027]]]}},{"type":"Feature","properties":{"name":"Lake Sevan","scalerank":0},"geometry":{"type":"Polygon","coordinates":[[[44.9896,40.515],[44.9723,40.5423],[44.9889,40.5823],[44.9862,40.6116],[45.0146,40.6144],[45.0953,40.5903],[45.2417,40.5102],[45.3108,40.4883],[45.3729,40.4791],[45.437,40.4352],[45.5367,40.3647],[45.602,40.3183],[45.6362,40.2787],[45.6558,40.2427],[45.6592,40.2154],[45.6514,40.195],[45.6076,40.1722],[45.5432,40.1555],[45.4807,40.156],[45.3888,40.1514],[45.3127,40.1488],[45.2759,40.1638],[45.2484,40.1975],[45.2183,40.2959],[45.1835,40.3853],[45.1533,40.4036],[45.1246,40.4282],[45.0953,40.4611],[45.0398,40.4905],[44.9896,40.515],[44.9896,40.515],[44.9896,40.515],[44.9896,40.515]]]}},{"type":"Feature","properties":{"name":null,"scalerank":0},"geometry":{"type":"Polygon","coordinates":[[[114.8389,30.2867],[114.8123,30.2825],[114.7827,30.2777],[114.7525,30.283],[114.7393,30.2794],[114.7432,30.2634],[114.76,30.238],[114.7809,30.2207],[114.778,30.2151],[114.7623,30.2112],[114.7346,30.212],[114.7043,30.2124],[114.6789,30.2281],[114.679,30.25],[114.6801,30.2773],[114.6737,30.3004],[114.7129,30.3296],[114.7638,30.3451],[114.7842,30.3441],[114.8057,30.3454],[114.8338,30.3271],[114.8461,30.3024],[114.8389,30.2867],[114.8389,30.2867],[114.8389,30.2867],[114.8389,30.2867]]]}},{"type":"Feature","properties":{"name":null,"scalerank":0},"geometry":{"type":"Polygon","coordinates":[[[114.6008,30.6615],[114.6219,30.6565],[114.6399,30.6595],[114.6494,30.6739],[114.646,30.7148],[114.6739,30.7236],[114.7033,30.7354],[114.7194,30.7511],[114.7459,30.7376],[114.7813,30.7006],[114.7863,30.6625],[114.7561,30.6501],[114.6965,30.6127],[114.6219,30.6084],[114.5838,30.6505],[114.5857,30.6632],[114.6008,30.6615],[114.6008,30.6615],[114.6008,30.6615]]]}},{"type":"Feature","properties":{"name":"Weishan Hu","scalerank":0},"geometry":{"type":"Polygon","coordinates":[[[117.3262,34.5874],[117.2947,34.5486],[117.2497,34.5016],[117.2099,34.4981],[117.1738,34.5434],[117.1412,34.612],[117.1283,34.6625],[117.1395,34.7254],[117.1789,34.7193],[117.2664,34.6654],[117.3178,34.6214],[117.3262,34.5874],[117.3262,34.5874],[117.3262,34.5874],[117.3262,34.5874]]]}},{"type":"Feature","properties":{"name":null,"scalerank":0},"geometry":{"type":"Polygon","coordinates":[[[114.6008,30.3437],[114.5529,30.3843],[114.4993,30.4176],[114.4822,30.431],[114.4949,30.4387],[114.5332,30.435],[114.5755,30.4049],[114.601,30.3988],[114.6306,30.4202],[114.6329,30.4399],[114.6292,30.456],[114.607,30.4832],[114.6086,30.4956],[114.64,30.4865],[114.666,30.49],[114.6777,30.4971],[114.7011,30.5122],[114.7387,30.4944],[114.7564,30.4772],[114.7524,30.4632],[114.7476,30.4431],[114.7525,30.429],[114.7271,30.4198],[114.683,30.3971],[114.6551,30.3456],[114.6229,30.3386],[114.6008,30.3437],[114.6008,30.3437],[114.6008,30.3437]]]}},{"type":"Feature","properties":{"name":"Huangtang Hu","scalerank":0},"geometry":{"type":"Polygon","coordinates":[[[114.3008,30.0249],[114.2893,30.0025],[114.2521,29.9722],[114.2438,29.9377],[114.2643,29.9152],[114.2551,29.9062],[114.2177,29.9013],[114.1707,29.9209],[114.1434,29.9875],[114.1467,30.0825],[114.177,30.1139],[114.2182,30.1408],[114.2488,30.1406],[114.246,30.1152],[114.2373,30.0836],[114.2527,30.0449],[114.2734,30.0438],[114.2941,30.043],[114.3008,30.0249],[114.3008,30.0249],[114.3008,30.0249],[114.3008,30.0249]]]}},{"type":"Feature","properties":{"name":null,"scalerank":0},"geometry":{"type":"Polygon","coordinates":[[[114.1576,29.8718],[114.1368,29.8624],[114.1139,29.8832],[114.0872,29.9337],[114.0626,29.9275],[114.0295,29.898],[113.9902,29.8787],[113.9687,29.8802],[113.9629,29.8924],[113.9838,29.9162],[114.0032,29.9424],[113.9962,29.9592],[113.9696,29.9628],[113.9437,29.9665],[113.9406,29.981],[114.0186,30.0011],[114.0736,30.0268],[114.1009,30.0225],[114.1303,29.9354],[114.1521,29.8904],[114.1576,29.8718],[114.1576,29.8718],[114.1576,29.8718]]]}},{"type":"Feature","properties":{"name":"Millerton Lake","scalerank":0},"geometry":{"type":"Polygon","coordinates":[[[-119.603,37.0574],[-119.598,37.0508],[-119.603,37.031],[-119.641,37.0078],[-119.6931,36.9996],[-119.6716,37.0276],[-119.6229,37.0459],[-119.603,37.0574],[-119.603,37.0574],[-119.603,37.0574]]]}},{"type":"Feature","properties":{"name":"Bluenose Lake","scalerank":0},"geometry":{"type":"Polygon","coordinates":[[[-119.8747,68.5585],[-119.8484,68.5834],[-119.8061,68.619],[-119.8094,68.6416],[-119.8255,68.661],[-119.7865,68.6839],[-119.744,68.719],[-119.7197,68.7462],[-119.6905,68.7547],[-119.665,68.754],[-119.6629,68.7442],[-119.6255,68.715],[-119.6129,68.6976],[-119.5725,68.672],[-119.5259,68.6583],[-119.4856,68.6326],[-119.4698,68.6083],[-119.4866,68.595],[-119.552,68.5942],[-119.5945,68.5745],[-119.6209,68.5317],[-119.6496,68.471],[-119.6418,68.4396],[-119.5901,68.3963],[-119.5114,68.3615],[-119.5255,68.3317],[-119.6459,68.289],[-119.7338,68.2554],[-119.8166,68.2457],[-119.8478,68.2537],[-119.8442,68.3212],[-119.8331,68.4212],[-119.8355,68.4843],[-119.8595,68.5286],[-119.8747,68.5585],[-119.8747,68.5585],[-119.8747,68.5585],[-119.8747,68.5585]]]}},{"type":"Feature","properties":{"name":"R\u00e9servoir Pipmuacan","scalerank":0},"geometry":{"type":"Polygon","coordinates":[[[-70.0805,49.4399],[-70.1375,49.4908],[-70.1397,49.5295],[-70.1374,49.5652],[-70.1572,49.5917],[-70.1951,49.6174],[-70.2418,49.6349],[-70.283,49.641],[-70.3242,49.6238],[-70.3509,49.5903],[-70.3354,49.5396],[-70.3292,49.5231],[-70.3539,49.5039],[-70.4056,49.5191],[-70.4311,49.532],[-70.4496,49.5367],[-70.4675,49.5315],[-70.4866,49.4993],[-70.5046,49.461],[-70.5081,49.4267],[-70.5155,49.4108],[-70.5387,49.4388],[-70.5713,49.4727],[-70.6387,49.4662],[-70.6768,49.4485],[-70.7008,49.4274],[-70.7361,49.4417],[-70.7565,49.4875],[-70.7885,49.5359],[-70.8159,49.5435],[-70.8345,49.5417],[-70.8547,49.5252],[-70.8923,49.4566],[-70.9405,49.4082],[-70.9631,49.406],[-70.9208,49.4972],[-70.8593,49.5992],[-70.8343,49.6254],[-70.8257,49.6162],[-70.7917,49.5959],[-70.7444,49.5599],[-70.7156,49.5248],[-70.6674,49.5312],[-70.5853,49.5723],[-70.5143,49.6298],[-70.4711,49.6721],[-70.4422,49.6835],[-70.4109,49.6817],[-70.3402,49.6702],[-70.3046,49.7005],[-70.3074,49.7481],[-70.3584,49.8319],[-70.3769,49.887],[-70.3393,49.8836],[-70.3172,49.8636],[-70.289,49.8132],[-70.2591,49.7497],[-70.2357,49.6985],[-70.2056,49.6819],[-70.1713,49.684],[-70.1354,49.7083],[-70.0998,49.6898],[-70.0729,49.6427],[-70.0168,49.5967],[-69.9507,49.5549],[-69.8985,49.5451],[-69.8443,49.4722],[-69.7868,49.3704],[-69.7831,49.3386],[-69.8249,49.3332],[-69.8558,49.3425],[-69.866,49.3656],[-69.8886,49.4067],[-69.9038,49.4507],[-69.9022,49.4809],[-69.9174,49.5041],[-69.9463,49.5176],[-69.9824,49.5169],[-70.0293,49.4978],[-70.0637,49.4748],[-70.0694,49.4588],[-70.0805,49.4399],[-70.0805,49.4399],[-70.0805,49.4399],[-70.0805,49.4399]]]}},{"type":"Feature","properties":{"name":"Grand Lake","scalerank":0},"geometry":{"type":"Polygon","coordinates":[[[-57.0349,49.2649],[-57.0349,49.2649],[-57.0349,49.2649],[-57.0349,49.2649],[-57.0349,49.2649],[-57.0105,49.2969],[-56.9899,49.3317],[-56.9629,49.3365],[-56.9439,49.3043],[-56.9284,49.2636],[-56.9696,49.2272],[-57.0253,49.2126],[-57.0526,49.2151],[-57.13,49.1656],[-57.2401,49.0564],[-57.4354,48.9071],[-57.5132,48.8582],[-57.5778,48.7862],[-57.7596,48.6723],[-57.8589,48.6432],[-57.9474,48.6584],[-58.0133,48.6631],[-57.9651,48.6851],[-57.7804,48.7741],[-57.665,48.8589],[-57.5625,48.8942],[-57.3713,49.0109],[-57.27,49.0986],[-57.2621,49.1472],[-57.2617,49.1811],[-57.2209,49.1893],[-57.1149,49.2369],[-57.0349,49.2649]]]}},{"type":"Feature","properties":{"name":null,"scalerank":0},"geometry":{"type":"Polygon","coordinates":[[[-126.3573,67.2713],[-126.4191,67.2561],[-126.4947,67.2633],[-126.5144,67.3196],[-126.536,67.3975],[-126.5477,67.4422],[-126.5836,67.4708],[-126.6,67.4954],[-126.6126,67.5221],[-126.6915,67.5346],[-126.7625,67.5602],[-126.7304,67.573],[-126.6136,67.5783],[-126.4937,67.5522],[-126.3984,67.4876],[-126.2979,67.4442],[-126.2306,67.4338],[-126.2053,67.4195],[-126.1981,67.4028],[-126.2085,67.382],[-126.2085,67.358],[-126.1914,67.3302],[-126.2064,67.3037],[-126.3573,67.2713],[-126.3573,67.2713],[-126.3573,67.2713],[-126.3573,67.2713]]]}},{"type":"Feature","properties":{"name":"Colville Lake","scalerank":0},"geometry":{"type":"Polygon","coordinates":[[[-125.7513,67.3131],[-125.7295,67.2972],[-125.7557,67.2376],[-125.7929,67.1768],[-125.8284,67.1238],[-125.9185,67.0793],[-126.0614,67.0593],[-126.1657,67.0649],[-126.2216,67.0852],[-126.224,67.1044],[-126.1959,67.1151],[-126.1844,67.1375],[-126.1912,67.1694],[-126.2158,67.1818],[-126.2414,67.1991],[-126.2352,67.2152],[-126.033,67.2541],[-125.7933,67.3055],[-125.7513,67.3131],[-125.7513,67.3131],[-125.7513,67.3131]]]}},{"type":"Feature","properties":{"name":"Hottah Lake","scalerank":0},"geometry":{"type":"Polygon","coordinates":[[[-118.6664,64.9995],[-118.6823,65.0299],[-118.6812,65.0607],[-118.6774,65.0805],[-118.6978,65.109],[-118.7669,65.1585],[-118.8316,65.1916],[-118.8253,65.2175],[-118.7328,65.2446],[-118.6593,65.2622],[-118.5523,65.2789],[-118.4445,65.2907],[-118.4234,65.2808],[-118.3952,65.2612],[-118.3646,65.245],[-118.3031,65.2268],[-118.2646,65.1991],[-118.246,65.1362],[-118.2792,65.0903],[-118.2818,65.0686],[-118.275,65.043],[-118.2479,65.0141],[-118.2367,64.9859],[-118.2479,64.9558],[-118.2761,64.9295],[-118.325,64.9032],[-118.3193,64.8731],[-118.2395,64.8454],[-118.1557,64.8518],[-118.1486,64.843],[-118.1457,64.7946],[-118.1763,64.7857],[-118.3329,64.7805],[-118.4885,64.8414],[-118.5783,64.8843],[-118.6362,64.9284],[-118.6643,64.9696],[-118.6664,64.9995],[-118.6664,64.9995],[-118.6664,64.9995],[-118.6664,64.9995]]]}},{"type":"Feature","properties":{"name":"Big Trout Lake","scalerank":0},"geometry":{"type":"Polygon","coordinates":[[[-90.3572,53.7661],[-90.3437,53.789],[-90.3211,53.8349],[-90.2899,53.868],[-90.2518,53.8701],[-90.227,53.8563],[-90.2008,53.8406],[-90.1713,53.8379],[-90.1449,53.8539],[-90.1007,53.8708],[-90.0462,53.8812],[-90.0019,53.8863],[-89.9276,53.8632],[-89.8619,53.8335],[-89.8467,53.8149],[-89.7291,53.7913],[-89.6086,53.7715],[-89.6779,53.7331],[-89.8139,53.6899],[-89.9387,53.6788],[-90.0338,53.6852],[-90.103,53.7167],[-90.1669,53.7466],[-90.2746,53.7565],[-90.3572,53.7661],[-90.3572,53.7661],[-90.3572,53.7661],[-90.3572,53.7661]]]}},{"type":"Feature","properties":{"name":"Trout Lake","scalerank":0},"geometry":{"type":"Polygon","coordinates":[[[-93.1645,51.0712],[-93.1818,51.0549],[-93.1996,51.0386],[-93.2354,51.0335],[-93.3196,51.0746],[-93.4293,51.1536],[-93.4813,51.2082],[-93.4802,51.2366],[-93.4553,51.264],[-93.4058,51.292],[-93.37,51.3015],[-93.3436,51.2861],[-93.2833,51.2795],[-93.2151,51.2989],[-93.1746,51.2947],[-93.1411,51.2729],[-93.1232,51.2408],[-93.1015,51.2073],[-93.0716,51.1733],[-93.0736,51.159],[-93.1373,51.1228],[-93.1645,51.0712],[-93.1645,51.0712],[-93.1645,51.0712]]]}},{"type":"Feature","properties":{"name":"Island Lake","scalerank":0},"geometry":{"type":"Polygon","coordinates":[[[-94.2363,53.7344],[-94.3508,53.7301],[-94.4457,53.7196],[-94.5176,53.7096],[-94.5526,53.7132],[-94.6819,53.7334],[-94.8552,53.7857],[-94.9334,53.8267],[-94.9486,53.8593],[-94.9379,53.9024],[-94.9334,53.9331],[-94.8894,53.9455],[-94.8515,53.956],[-94.8224,53.9755],[-94.7538,53.989],[-94.6341,53.9862],[-94.6014,53.9717],[-94.6208,53.9453],[-94.6856,53.9153],[-94.6893,53.8969],[-94.6542,53.876],[-94.5901,53.8584],[-94.4766,53.8641],[-94.3459,53.8744],[-94.2293,53.8826],[-94.1308,53.8921],[-94.0478,53.8822],[-94.0021,53.8466],[-94.014,53.7985],[-94.1027,53.7588],[-94.1796,53.7417],[-94.2363,53.7344],[-94.2363,53.7344],[-94.2363,53.7344],[-94.2363,53.7344]]]}},{"type":"Feature","properties":{"name":"Lake Naococane","scalerank":0},"geometry":{"type":"Polygon","coordinates":[[[-70.5093,52.9958],[-70.5093,52.9958],[-70.5093,52.9958],[-70.5093,52.9958],[-70.4862,52.9829],[-70.4373,52.9764],[-70.397,52.9739],[-70.4425,52.9406],[-70.4762,52.9007],[-70.4839,52.8718],[-70.4637,52.8626],[-70.4672,52.8414],[-70.4745,52.8133],[-70.4677,52.7458],[-70.4436,52.6772],[-70.4216,52.6386],[-70.4334,52.6099],[-70.487,52.6299],[-70.5217,52.6825],[-70.5194,52.7246],[-70.5216,52.7613],[-70.5214,52.7854],[-70.538,52.7997],[-70.5772,52.803],[-70.5918,52.7894],[-70.6025,52.7591],[-70.6402,52.7358],[-70.6565,52.7509],[-70.7028,52.7746],[-70.7624,52.7874],[-70.7799,52.8089],[-70.7769,52.8625],[-70.7831,52.8993],[-70.8169,52.9086],[-70.8467,52.8785],[-70.8993,52.8481],[-70.94,52.8168],[-70.9646,52.819],[-70.9811,52.8409],[-70.9824,52.8724],[-70.9521,52.9071],[-70.9236,52.9377],[-70.8993,52.9405],[-70.8383,52.9428],[-70.7685,52.9559],[-70.75,52.9627],[-70.7413,52.9814],[-70.7485,52.9958],[-70.7715,53.0084],[-70.8285,53.0145],[-70.8312,53.0276],[-70.8333,53.0431],[-70.8203,53.0603],[-70.7498,53.038],[-70.6914,52.9978],[-70.652,52.9901],[-70.5987,52.9878],[-70.5481,53.0066],[-70.5268,53.0066],[-70.5093,52.9958]]]}},{"type":"Feature","properties":{"name":"Lac la Ronge","scalerank":0},"geometry":{"type":"Polygon","coordinates":[[[-104.3961,55.16],[-104.4547,55.1383],[-104.5072,55.1326],[-104.591,55.1537],[-104.6369,55.1479],[-104.6898,55.1259],[-104.7353,55.0904],[-104.7903,55.0336],[-104.8222,54.9939],[-104.9009,54.9771],[-105.026,54.9468],[-105.128,54.925],[-105.1939,54.9361],[-105.2368,54.9566],[-105.2449,55.0019],[-105.2471,55.0484],[-105.2577,55.074],[-105.2334,55.1173],[-105.2176,55.156],[-105.2242,55.1791],[-105.2292,55.2002],[-105.2368,55.2186],[-105.2052,55.2484],[-105.1385,55.2826],[-105.0814,55.302],[-105.0605,55.2979],[-104.9548,55.2795],[-104.8332,55.3063],[-104.8081,55.3006],[-104.7977,55.2919],[-104.7554,55.3021],[-104.7144,55.2955],[-104.6742,55.2912],[-104.6209,55.3068],[-104.5902,55.302],[-104.5737,55.2814],[-104.5191,55.2566],[-104.4183,55.2542],[-104.4002,55.2474],[-104.3689,55.1824],[-104.3961,55.16],[-104.3961,55.16],[-104.3961,55.16],[-104.3961,55.16]]]}},{"type":"Feature","properties":{"name":"Mille Lacs Lake","scalerank":0},"geometry":{"type":"Polygon","coordinates":[[[-93.5343,46.2487],[-93.521,46.2103],[-93.5136,46.1766],[-93.5396,46.1501],[-93.5998,46.1356],[-93.6679,46.1368],[-93.7259,46.1579],[-93.775,46.2004],[-93.7955,46.2554],[-93.7583,46.308],[-93.6788,46.3446],[-93.6072,46.3602],[-93.5694,46.3566],[-93.5518,46.3412],[-93.5416,46.3003],[-93.5381,46.2686],[-93.5343,46.2487],[-93.5343,46.2487],[-93.5343,46.2487],[-93.5343,46.2487]]]}},{"type":"Feature","properties":{"name":"Lake Winnipesaukee","scalerank":0},"geometry":{"type":"Polygon","coordinates":[[[-71.2926,43.6347],[-71.262,43.6093],[-71.2164,43.5865],[-71.2141,43.5687],[-71.2325,43.5397],[-71.2773,43.532],[-71.3705,43.5975],[-71.4435,43.6277],[-71.4358,43.6559],[-71.43,43.6786],[-71.4089,43.6945],[-71.3945,43.7112],[-71.3993,43.7246],[-71.3738,43.7223],[-71.3307,43.6996],[-71.3056,43.6669],[-71.2926,43.6347],[-71.2926,43.6347],[-71.2926,43.6347],[-71.2926,43.6347]]]}},{"type":"Feature","properties":{"name":"Lake Simcoe","scalerank":0},"geometry":{"type":"Polygon","coordinates":[[[-79.4482,44.3096],[-79.479,44.2698],[-79.4801,44.2358],[-79.4989,44.2269],[-79.5194,44.2743],[-79.5369,44.3528],[-79.5737,44.3931],[-79.5842,44.4051],[-79.5675,44.4313],[-79.5029,44.4629],[-79.4453,44.51],[-79.4129,44.5622],[-79.3926,44.6026],[-79.3867,44.6407],[-79.3727,44.6981],[-79.3544,44.6899],[-79.3409,44.6364],[-79.2651,44.5628],[-79.211,44.5353],[-79.1767,44.4914],[-79.1627,44.4495],[-79.1718,44.4189],[-79.2016,44.3844],[-79.3424,44.343],[-79.4482,44.3096],[-79.4482,44.3096],[-79.4482,44.3096]]]}},{"type":"Feature","properties":{"name":"Gods Lake","scalerank":0},"geometry":{"type":"Polygon","coordinates":[[[-93.9227,54.8347],[-93.7775,54.8079],[-93.6903,54.7924],[-93.6455,54.7876],[-93.6474,54.7791],[-93.7024,54.7584],[-93.835,54.7584],[-93.912,54.7437],[-93.9337,54.7091],[-93.989,54.6708],[-94.1574,54.6355],[-94.2913,54.6178],[-94.3396,54.607],[-94.4144,54.5858],[-94.45,54.542],[-94.4653,54.5213],[-94.4952,54.5016],[-94.5514,54.4796],[-94.6748,54.4399],[-94.7634,54.4117],[-94.7671,54.4266],[-94.7681,54.4538],[-94.7582,54.4761],[-94.7355,54.4997],[-94.6501,54.5408],[-94.5578,54.6232],[-94.5081,54.6689],[-94.4891,54.7238],[-94.4763,54.7855],[-94.477,54.8008],[-94.4372,54.8054],[-94.3691,54.8186],[-94.2719,54.8424],[-94.1099,54.8499],[-94.012,54.8466],[-93.9227,54.8347],[-93.9227,54.8347],[-93.9227,54.8347],[-93.9227,54.8347]]]}},{"type":"Feature","properties":{"name":"Hoh Xil Hu","scalerank":0},"geometry":{"type":"Polygon","coordinates":[[[91.3158,35.5951],[91.3029,35.5737],[91.2861,35.5444],[91.268,35.5284],[91.165,35.5469],[91.0434,35.565],[90.9792,35.6093],[90.9504,35.6336],[90.9527,35.6454],[90.993,35.6535],[91.0326,35.6502],[91.1148,35.6366],[91.1992,35.634],[91.2219,35.6455],[91.2713,35.6293],[91.3158,35.5951],[91.3158,35.5951],[91.3158,35.5951],[91.3158,35.5951]]]}},{"type":"Feature","properties":{"name":"Lake Hammar","scalerank":0},"geometry":{"type":"Polygon","coordinates":[[[47.6085,30.6895],[47.5731,30.6636],[47.4913,30.6631],[47.4069,30.6779],[47.2453,30.7106],[47.1037,30.7402],[47.0397,30.7424],[46.953,30.7331],[46.8788,30.7273],[46.8521,30.7217],[46.8222,30.7253],[46.8072,30.7375],[46.8042,30.7637],[46.8018,30.786],[46.7916,30.8025],[46.7653,30.8166],[46.7505,30.8232],[46.7187,30.8368],[46.7117,30.8668],[46.7484,30.9025],[46.8009,30.9129],[46.8183,30.9146],[46.8607,30.9167],[46.8967,30.8996],[46.926,30.8916],[46.983,30.8567],[47.0628,30.8281],[47.1033,30.8258],[47.1459,30.8135],[47.1944,30.8002],[47.2897,30.7715],[47.3574,30.7823],[47.4292,30.8119],[47.472,30.814],[47.4998,30.8089],[47.5039,30.7968],[47.5302,30.7678],[47.59,30.7125],[47.6085,30.6895],[47.6085,30.6895],[47.6085,30.6895],[47.6085,30.6895]]]}},{"type":"Feature","properties":{"name":"Malheur Lake","scalerank":0},"geometry":{"type":"Polygon","coordinates":[[[-118.6798,43.2902],[-118.7206,43.2907],[-118.7661,43.2583],[-118.8209,43.2402],[-118.8641,43.2633],[-118.9033,43.3032],[-118.9354,43.3537],[-118.9476,43.3939],[-118.9287,43.4141],[-118.7911,43.4255],[-118.664,43.4051],[-118.6333,43.3444],[-118.6125,43.2981],[-118.6231,43.2818],[-118.6431,43.2808],[-118.6535,43.2838],[-118.6798,43.2902],[-118.6798,43.2902],[-118.6798,43.2902],[-118.6798,43.2902]]]}},{"type":"Feature","properties":{"name":null,"scalerank":0},"geometry":{"type":"Polygon","coordinates":[[[-56.4828,48.2997],[-56.5856,48.2321],[-56.7125,48.1819],[-56.6886,48.2191],[-56.6391,48.2661],[-56.6036,48.3],[-56.5873,48.3212],[-56.5604,48.3518],[-56.5237,48.3632],[-56.4938,48.3461],[-56.4662,48.3291],[-56.4828,48.2997],[-56.4828,48.2997],[-56.4828,48.2997],[-56.4828,48.2997]]]}},{"type":"Feature","properties":{"name":null,"scalerank":0},"geometry":{"type":"Polygon","coordinates":[[[-95.5995,55.6145],[-95.6347,55.5761],[-95.6831,55.5201],[-95.714,55.4768],[-95.7691,55.4418],[-95.8606,55.4209],[-95.9179,55.4186],[-95.9131,55.4358],[-95.9058,55.461],[-95.8956,55.4865],[-95.8173,55.5262],[-95.7952,55.5686],[-95.6985,55.5961],[-95.5995,55.6145],[-95.5995,55.6145],[-95.5995,55.6145],[-95.5995,55.6145]]]}},{"type":"Feature","properties":{"name":null,"scalerank":0},"geometry":{"type":"Polygon","coordinates":[[[-165.3819,65.2052],[-165.3758,65.1933],[-165.4028,65.1706],[-165.4817,65.1341],[-165.597,65.0971],[-165.7084,65.0804],[-165.7923,65.0913],[-165.8877,65.1377],[-165.8985,65.1653],[-165.8519,65.1822],[-165.8198,65.1905],[-165.6546,65.1881],[-165.4546,65.1963],[-165.3819,65.2052],[-165.3819,65.2052],[-165.3819,65.2052],[-165.3819,65.2052]]]}},{"type":"Feature","properties":{"name":null,"scalerank":0},"geometry":{"type":"Polygon","coordinates":[[[-163.7979,61.144],[-163.7834,61.1292],[-163.7814,61.1063],[-163.8008,61.0759],[-163.8158,61.055],[-163.8424,61.0551],[-163.8583,61.0773],[-163.8966,61.1146],[-163.9359,61.1452],[-163.9311,61.1691],[-163.8887,61.1957],[-163.8262,61.2173],[-163.7597,61.2193],[-163.6325,61.2262],[-163.547,61.2313],[-163.5913,61.2107],[-163.6282,61.1976],[-163.7087,61.1736],[-163.7979,61.144],[-163.7979,61.144],[-163.7979,61.144],[-163.7979,61.144]]]}},{"type":"Feature","properties":{"name":null,"scalerank":0},"geometry":{"type":"Polygon","coordinates":[[[-162.5081,60.7946],[-162.5023,60.7725],[-162.5274,60.7627],[-162.5725,60.7598],[-162.666,60.7768],[-162.7498,60.8015],[-162.7684,60.8179],[-162.7548,60.8325],[-162.714,60.842],[-162.6552,60.8426],[-162.5726,60.8258],[-162.5081,60.7946],[-162.5081,60.7946],[-162.5081,60.7946],[-162.5081,60.7946]]]}},{"type":"Feature","properties":{"name":"Tikchik Lakes","scalerank":0},"geometry":{"type":"Polygon","coordinates":[[[-158.8625,59.2014],[-158.8751,59.1663],[-158.9127,59.1637],[-158.9411,59.1801],[-158.9514,59.2081],[-158.9587,59.2462],[-158.9982,59.2925],[-159.0584,59.337],[-158.9454,59.3144],[-158.8776,59.2516],[-158.865,59.2215],[-158.8625,59.2014],[-158.8625,59.2014],[-158.8625,59.2014]]]}},{"type":"Feature","properties":{"name":"Tikchik Lakes","scalerank":0},"geometry":{"type":"Polygon","coordinates":[[[-158.2227,59.9428],[-158.2565,59.9345],[-158.3813,59.9492],[-158.535,59.961],[-158.7054,59.9341],[-158.8263,59.911],[-158.9714,59.8964],[-159.0236,59.896],[-159.0918,59.9],[-159.1076,59.9135],[-159.1197,59.934],[-159.1318,59.951],[-159.1001,59.9523],[-159.0,59.9477],[-158.7593,59.98],[-158.5418,60.0156],[-158.4863,60.0124],[-158.4232,59.9834],[-158.3067,59.98],[-158.2417,59.9625],[-158.2227,59.9428],[-158.2227,59.9428],[-158.2227,59.9428],[-158.2227,59.9428]]]}},{"type":"Feature","properties":{"name":"Tikchik Lakes","scalerank":0},"geometry":{"type":"Polygon","coordinates":[[[-159.1586,60.1956],[-159.1325,60.2201],[-159.0575,60.2418],[-158.919,60.2725],[-158.8533,60.2833],[-158.8742,60.2639],[-158.8313,60.2458],[-158.7776,60.23],[-158.774,60.2163],[-158.774,60.2008],[-158.7808,60.1897],[-158.9127,60.2012],[-159.0832,60.2116],[-159.1485,60.1959],[-159.1586,60.1956],[-159.1586,60.1956],[-159.1586,60.1956],[-159.1586,60.1956]]]}},{"type":"Feature","properties":{"name":"Tikchik Lakes","scalerank":0},"geometry":{"type":"Polygon","coordinates":[[[-158.7079,59.5641],[-158.8249,59.5428],[-158.8349,59.5177],[-158.8036,59.491],[-158.6626,59.4651],[-158.6048,59.4429],[-158.5823,59.4246],[-158.6328,59.4271],[-158.7569,59.438],[-158.8054,59.4447],[-158.8687,59.481],[-158.9917,59.5159],[-159.0463,59.5471],[-159.0833,59.5944],[-159.1326,59.6511],[-159.0935,59.6533],[-158.9446,59.5858],[-158.8916,59.5903],[-158.794,59.603],[-158.6466,59.5956],[-158.7079,59.5641],[-158.7079,59.5641],[-158.7079,59.5641],[-158.7079,59.5641]]]}},{"type":"Feature","properties":{"name":"Khyargas Nuur","scalerank":0},"geometry":{"type":"Polygon","coordinates":[[[93.7994,49.129],[93.7794,49.1034],[93.6777,49.0695],[93.5364,49.0337],[93.4504,49.0086],[93.3975,48.9905],[93.3222,49.0365],[93.2408,49.097],[93.1793,49.1118],[93.1039,49.1389],[92.9749,49.1872],[92.8649,49.2254],[92.8323,49.2532],[92.8346,49.2823],[92.8639,49.3062],[92.9402,49.3154],[93.0593,49.3224],[93.2596,49.2922],[93.4215,49.2263],[93.4706,49.205],[93.5159,49.2126],[93.5602,49.2059],[93.6545,49.2149],[93.723,49.1903],[93.7859,49.1585],[93.7994,49.129],[93.7994,49.129],[93.7994,49.129],[93.7994,49.129]]]}},{"type":"Feature","properties":{"name":null,"scalerank":0},"geometry":{"type":"Polygon","coordinates":[[[85.8881,30.9288],[85.8512,30.8861],[85.8454,30.8266],[85.8266,30.7835],[85.8016,30.759],[85.7825,30.7593],[85.7861,30.789],[85.757,30.8399],[85.6923,30.8702],[85.6404,30.8686],[85.6004,30.8549],[85.5677,30.8415],[85.5126,30.8458],[85.438,30.8713],[85.3772,30.9057],[85.3523,30.9441],[85.3608,30.9922],[85.4018,31.035],[85.4763,31.0455],[85.5607,31.0284],[85.6467,31.025],[85.7252,31.0279],[85.8104,31.0045],[85.8754,30.9782],[85.889,30.9522],[85.8881,30.9288],[85.8881,30.9288],[85.8881,30.9288],[85.8881,30.9288]]]}},{"type":"Feature","properties":{"name":"Lake Assal","scalerank":0},"geometry":{"type":"Polygon","coordinates":[[[42.4469,11.6772],[42.441,11.64],[42.4171,11.6293],[42.3989,11.645],[42.3959,11.6717],[42.3986,11.6934],[42.4113,11.712],[42.4361,11.6971],[42.4469,11.6772],[42.4469,11.6772],[42.4469,11.6772]]]}},{"type":"Feature","properties":{"name":"Rainy Lake","scalerank":0},"geometry":{"type":"Polygon","coordinates":[[[-92.9178,48.433],[-92.9953,48.4506],[-93.0505,48.4795],[-93.0711,48.5044],[-93.0558,48.5128],[-92.9824,48.4907],[-92.865,48.462],[-92.7876,48.4549],[-92.7453,48.4769],[-92.7037,48.5045],[-92.6976,48.517],[-92.813,48.5405],[-92.9364,48.5646],[-92.95,48.5764],[-92.9479,48.5865],[-93.001,48.5931],[-93.0795,48.5906],[-93.1091,48.5805],[-93.0999,48.5642],[-93.117,48.5532],[-93.1624,48.5576],[-93.1965,48.5789],[-93.2792,48.6068],[-93.3393,48.6],[-93.3816,48.6162],[-93.3701,48.6384],[-93.3703,48.6569],[-93.4009,48.6815],[-93.4033,48.7053],[-93.3777,48.7103],[-93.3524,48.7169],[-93.3645,48.748],[-93.4169,48.7852],[-93.4961,48.813],[-93.579,48.8259],[-93.6128,48.8336],[-93.5833,48.8427],[-93.4914,48.8391],[-93.4339,48.8463],[-93.4389,48.8693],[-93.4498,48.8873],[-93.4628,48.9028],[-93.4084,48.915],[-93.3452,48.929],[-93.3225,48.9344],[-93.2938,48.8848],[-93.2616,48.8251],[-93.2269,48.8052],[-93.2026,48.7908],[-93.2015,48.7668],[-93.1998,48.7457],[-93.2291,48.7181],[-93.2648,48.6864],[-93.2609,48.6737],[-93.2454,48.667],[-93.2229,48.6703],[-93.1712,48.7007],[-93.1237,48.7283],[-93.1351,48.7062],[-93.1492,48.6748],[-93.1185,48.668],[-93.0148,48.6832],[-92.9795,48.6876],[-92.9488,48.6813],[-92.8965,48.683],[-92.7934,48.6953],[-92.779,48.678],[-92.8534,48.6461],[-92.8699,48.6348],[-92.8684,48.6245],[-92.8663,48.6152],[-92.8076,48.6044],[-92.7318,48.5884],[-92.6851,48.5911],[-92.6546,48.5997],[-92.6408,48.5874],[-92.6032,48.565],[-92.5854,48.5337],[-92.5825,48.5096],[-92.5697,48.5002],[-92.5999,48.4846],[-92.5675,48.468],[-92.4906,48.4562],[-92.4697,48.4397],[-92.4487,48.4241],[-92.4346,48.3907],[-92.4412,48.3572],[-92.4559,48.3507],[-92.4782,48.3661],[-92.5198,48.3986],[-92.6004,48.4242],[-92.764,48.4303],[-92.9178,48.433],[-92.9178,48.433],[-92.9178,48.433],[-92.9178,48.433]]]}},{"type":"Feature","properties":{"name":"Williston Lake","scalerank":0},"geometry":{"type":"Polygon","coordinates":[[[-122.5015,56.0837],[-122.6029,56.0896],[-122.7002,56.0767],[-122.8186,56.0612],[-122.9246,56.0577],[-123.0116,56.0403],[-123.1391,55.9736],[-123.4289,55.9852],[-123.7156,56.0149],[-123.7817,55.9952],[-123.7895,55.9421],[-123.7736,55.8868],[-123.7597,55.8627],[-123.7419,55.8542],[-123.715,55.8479],[-123.6875,55.8024],[-123.6572,55.7517],[-123.6141,55.7277],[-123.5364,55.6775],[-123.4487,55.6229],[-123.3871,55.5722],[-123.3035,55.4895],[-123.2324,55.4253],[-123.1772,55.4022],[-123.1691,55.3926],[-123.169,55.3584],[-123.1727,55.3298],[-123.1694,55.2905],[-123.1594,55.2345],[-123.1473,55.191],[-123.144,55.1762],[-123.1719,55.1987],[-123.2372,55.2995],[-123.3253,55.434],[-123.4147,55.534],[-123.506,55.6131],[-123.6382,55.6838],[-123.8092,55.7937],[-123.8833,55.8132],[-123.9212,55.8285],[-123.9956,55.8932],[-124.0282,55.9063],[-124.0399,55.9127],[-124.0488,55.9223],[-124.0426,55.9429],[-124.0266,55.9717],[-124.0329,56.0005],[-124.1,56.0139],[-124.2097,56.0137],[-124.385,56.0636],[-124.5076,56.1145],[-124.4815,56.1153],[-124.354,56.0811],[-124.2146,56.0528],[-124.1658,56.0673],[-124.1575,56.0871],[-124.2381,56.1462],[-124.3454,56.2096],[-124.4809,56.3615],[-124.8344,56.7126],[-124.8356,56.7569],[-124.7591,56.7416],[-124.6605,56.6576],[-124.562,56.5664],[-124.459,56.4714],[-124.3973,56.4008],[-124.375,56.3684],[-124.359,56.3454],[-124.3118,56.3098],[-124.2489,56.2632],[-124.1936,56.24],[-124.1416,56.2366],[-124.0735,56.2548],[-124.0528,56.2226],[-124.0727,56.1536],[-124.0383,56.0999],[-123.9695,56.0606],[-123.7882,56.0722],[-123.6057,56.0605],[-123.4579,56.049],[-123.2376,56.0287],[-123.1178,56.0476],[-123.0912,56.0757],[-122.971,56.1156],[-122.8319,56.1301],[-122.7565,56.1388],[-122.6377,56.1591],[-122.566,56.158],[-122.4225,56.1278],[-122.2639,56.0838],[-122.2233,56.0577],[-122.2217,56.0212],[-122.2929,56.0229],[-122.345,56.0287],[-122.4349,56.0548],[-122.5015,56.0837],[-122.5015,56.0837],[-122.5015,56.0837]]]}},{"type":"Feature","properties":{"name":"Split Lake","scalerank":0},"geometry":{"type":"Polygon","coordinates":[[[-96.0494,56.1357],[-96.0807,56.1181],[-96.0882,56.0999],[-96.0726,56.0849],[-96.0863,56.0791],[-96.1727,56.0851],[-96.2446,56.0922],[-96.3578,56.0939],[-96.4517,56.0866],[-96.5527,56.0628],[-96.5719,56.0862],[-96.5041,56.1503],[-96.3713,56.1653],[-96.2785,56.177],[-96.2054,56.22],[-96.0539,56.2729],[-95.906,56.3023],[-95.842,56.2908],[-95.8652,56.2648],[-95.9327,56.2458],[-96.036,56.2219],[-96.1055,56.203],[-96.0752,56.1817],[-96.0435,56.1563],[-96.0494,56.1357],[-96.0494,56.1357],[-96.0494,56.1357],[-96.0494,56.1357]]]}},{"type":"Feature","properties":{"name":"Ft. Peck Lake","scalerank":0},"geometry":{"type":"Polygon","coordinates":[[[-106.2172,47.5854],[-106.2513,47.55],[-106.2686,47.5481],[-106.2516,47.5996],[-106.2513,47.644],[-106.2854,47.6974],[-106.3179,47.7551],[-106.3359,47.7849],[-106.3602,47.8131],[-106.3844,47.8479],[-106.4198,47.8758],[-106.454,47.8792],[-106.4801,47.8583],[-106.5205,47.8278],[-106.5502,47.785],[-106.5558,47.7495],[-106.5993,47.7525],[-106.6835,47.7385],[-106.7677,47.7243],[-106.8133,47.7155],[-106.8378,47.6936],[-106.8497,47.6494],[-106.8625,47.6313],[-106.879,47.6488],[-106.9057,47.6718],[-106.944,47.6667],[-106.9927,47.6439],[-107.0154,47.6449],[-107.0296,47.6657],[-107.1826,47.6845],[-107.3062,47.685],[-107.3327,47.6846],[-107.3858,47.6536],[-107.4289,47.6346],[-107.5072,47.6243],[-107.6122,47.6234],[-107.7189,47.5631],[-107.8461,47.4678],[-107.9114,47.3904],[-107.9238,47.407],[-107.9091,47.4711],[-107.9161,47.5089],[-107.9299,47.5425],[-107.9488,47.558],[-107.9824,47.5692],[-108.0444,47.5804],[-108.1701,47.5838],[-108.1963,47.6016],[-108.1727,47.6131],[-108.0452,47.614],[-107.9594,47.6014],[-107.931,47.5876],[-107.8894,47.5377],[-107.8412,47.5261],[-107.7788,47.5695],[-107.7121,47.6132],[-107.685,47.6462],[-107.6879,47.6714],[-107.7138,47.6876],[-107.6046,47.6761],[-107.4551,47.6624],[-107.4218,47.68],[-107.3802,47.7158],[-107.3358,47.728],[-107.2945,47.7215],[-107.2309,47.7241],[-107.1207,47.725],[-106.9898,47.7164],[-106.9295,47.725],[-106.9382,47.7463],[-106.9331,47.7639],[-106.8805,47.7779],[-106.821,47.7831],[-106.7692,47.7883],[-106.7376,47.8056],[-106.7088,47.8221],[-106.6548,47.8409],[-106.5962,47.8595],[-106.5822,47.8788],[-106.5658,47.9075],[-106.5745,47.9363],[-106.5899,47.9582],[-106.5379,47.9829],[-106.4328,48.0271],[-106.4058,48.0208],[-106.3664,48.0147],[-106.3252,47.9851],[-106.3312,47.9496],[-106.3579,47.9252],[-106.3447,47.8788],[-106.2849,47.8373],[-106.2533,47.8147],[-106.2673,47.7935],[-106.2529,47.7693],[-106.241,47.739],[-106.2319,47.691],[-106.2167,47.6284],[-106.2172,47.5854],[-106.2172,47.5854],[-106.2172,47.5854],[-106.2172,47.5854]]]}},{"type":"Feature","properties":{"name":"Lake Sakakawea","scalerank":0},"geometry":{"type":"Polygon","coordinates":[[[-102.1469,47.5677],[-102.2369,47.589],[-102.3333,47.5862],[-102.4094,47.5644],[-102.4294,47.5623],[-102.4198,47.5899],[-102.3606,47.625],[-102.2992,47.6569],[-102.3076,47.7055],[-102.3359,47.7569],[-102.4245,47.764],[-102.5609,47.7852],[-102.6159,47.8189],[-102.6531,47.9163],[-102.6223,47.9558],[-102.6139,47.992],[-102.6567,48.0353],[-102.7613,48.0841],[-102.9013,48.12],[-103.0588,48.1254],[-103.1864,48.0971],[-103.2378,48.0634],[-103.3388,48.0297],[-103.4593,48.0156],[-103.5202,48.0275],[-103.5513,48.0725],[-103.5825,48.0967],[-103.6648,48.0634],[-103.7499,48.0173],[-103.7723,48.0273],[-103.7587,48.074],[-103.7215,48.1024],[-103.6664,48.1419],[-103.575,48.1531],[-103.5243,48.1077],[-103.4823,48.0811],[-103.4504,48.0669],[-103.3527,48.0756],[-103.2112,48.1449],[-103.1177,48.1708],[-103.0296,48.1802],[-102.9163,48.1709],[-102.7902,48.1448],[-102.6747,48.1053],[-102.5984,48.053],[-102.5574,47.9677],[-102.5787,47.911],[-102.5769,47.8667],[-102.5751,47.8437],[-102.5273,47.8224],[-102.4617,47.8136],[-102.4084,47.8056],[-102.3845,47.8196],[-102.4,47.8769],[-102.4153,47.9383],[-102.3747,47.9525],[-102.3114,47.9644],[-102.2733,47.9784],[-102.2583,47.9777],[-102.2654,47.9613],[-102.2791,47.9382],[-102.2873,47.9253],[-102.2945,47.9118],[-102.276,47.8557],[-102.2526,47.7928],[-102.2398,47.7661],[-102.1867,47.7476],[-102.1695,47.7293],[-102.212,47.6772],[-102.1605,47.624],[-102.0932,47.6045],[-102.0206,47.585],[-101.8836,47.5613],[-101.7176,47.5673],[-101.6254,47.5797],[-101.6008,47.5859],[-101.5886,47.5985],[-101.4528,47.6078],[-101.2763,47.6278],[-101.2029,47.6448],[-101.1627,47.6337],[-101.1405,47.6064],[-101.1841,47.5848],[-101.2473,47.5669],[-101.3283,47.5328],[-101.3997,47.5062],[-101.5896,47.5146],[-101.6792,47.4981],[-101.7719,47.4876],[-101.8826,47.4673],[-101.9173,47.4639],[-101.9514,47.4881],[-102.0322,47.5293],[-102.0957,47.5525],[-102.1469,47.5677],[-102.1469,47.5677],[-102.1469,47.5677],[-102.1469,47.5677]]]}},{"type":"Feature","properties":{"name":"Teslin Lake","scalerank":0},"geometry":{"type":"Polygon","coordinates":[[[-132.0954,59.6071],[-132.1248,59.6038],[-132.1591,59.6255],[-132.2135,59.6883],[-132.3161,59.8349],[-132.3992,59.9218],[-132.6101,60.05],[-132.8342,60.135],[-132.9579,60.2007],[-133.012,60.2509],[-133.1873,60.3818],[-133.2448,60.4485],[-133.1378,60.4274],[-132.9798,60.2974],[-132.7978,60.1923],[-132.7018,60.1534],[-132.5893,60.1226],[-132.5217,60.0982],[-132.461,60.0545],[-132.3636,59.9859],[-132.3232,59.9508],[-132.2766,59.9015],[-132.23,59.8487],[-132.2253,59.838],[-132.2145,59.8156],[-132.2023,59.7699],[-132.1232,59.694],[-132.0889,59.6437],[-132.0954,59.6071],[-132.0954,59.6071],[-132.0954,59.6071]]]}},{"type":"Feature","properties":{"name":"Lower Arrow Lake","scalerank":0},"geometry":{"type":"Polygon","coordinates":[[[-117.9071,49.3416],[-117.9568,49.3357],[-118.0626,49.4118],[-118.0959,49.4505],[-118.1395,49.5213],[-118.1557,49.6014],[-118.1376,49.7031],[-118.1279,49.7517],[-118.0925,49.8015],[-118.0841,49.774],[-118.1087,49.5832],[-118.0875,49.5151],[-118.0478,49.4567],[-117.9758,49.406],[-117.9113,49.3746],[-117.9071,49.3416],[-117.9071,49.3416],[-117.9071,49.3416]]]}},{"type":"Feature","properties":{"name":"Lake Pend Oreille","scalerank":0},"geometry":{"type":"Polygon","coordinates":[[[-116.2146,48.1599],[-116.3056,48.1385],[-116.4098,48.107],[-116.4409,48.075],[-116.446,48.0257],[-116.456,47.9841],[-116.4889,47.9695],[-116.5291,47.9642],[-116.5533,47.9707],[-116.5409,47.9945],[-116.5225,48.0438],[-116.498,48.1147],[-116.4575,48.1682],[-116.408,48.1906],[-116.3741,48.2083],[-116.3808,48.2288],[-116.4004,48.2473],[-116.4311,48.2539],[-116.4689,48.2633],[-116.5254,48.2422],[-116.5695,48.2498],[-116.5301,48.2842],[-116.4994,48.3015],[-116.4333,48.3019],[-116.3619,48.2837],[-116.3025,48.2361],[-116.2349,48.1831],[-116.2146,48.1599],[-116.2146,48.1599],[-116.2146,48.1599],[-116.2146,48.1599]]]}},{"type":"Feature","properties":{"name":"Lake Chelan","scalerank":0},"geometry":{"type":"Polygon","coordinates":[[[-120.0106,47.8516],[-120.0496,47.8569],[-120.1184,47.8805],[-120.1722,47.914],[-120.2048,47.9618],[-120.3334,48.0401],[-120.5304,48.1624],[-120.625,48.2569],[-120.6283,48.2794],[-120.5347,48.2037],[-120.3203,48.0643],[-120.1628,47.9583],[-120.0688,47.8839],[-120.0106,47.8516],[-120.0106,47.8516],[-120.0106,47.8516],[-120.0106,47.8516]]]}},{"type":"Feature","properties":{"name":"Black Lake","scalerank":0},"geometry":{"type":"Polygon","coordinates":[[[-105.3942,59.1276],[-105.5538,59.0986],[-105.6604,59.0547],[-105.7329,58.9803],[-105.7848,58.922],[-105.8353,58.9188],[-105.868,58.9393],[-105.8548,58.978],[-105.8061,59.0311],[-105.5498,59.1503],[-105.2151,59.2961],[-105.1195,59.2857],[-105.0125,59.2625],[-104.9481,59.2368],[-104.975,59.2004],[-105.0124,59.1732],[-105.216,59.1459],[-105.3026,59.1382],[-105.3942,59.1276],[-105.3942,59.1276],[-105.3942,59.1276],[-105.3942,59.1276]]]}},{"type":"Feature","properties":{"name":"Lake Louise","scalerank":0},"geometry":{"type":"Polygon","coordinates":[[[-146.473,62.3321],[-146.4779,62.3123],[-146.5153,62.2818],[-146.5643,62.293],[-146.6531,62.3615],[-146.7039,62.4108],[-146.7032,62.4446],[-146.6898,62.4773],[-146.6841,62.5045],[-146.6608,62.5079],[-146.6479,62.4837],[-146.6337,62.4596],[-146.61,62.414],[-146.5402,62.3631],[-146.473,62.3321],[-146.473,62.3321],[-146.473,62.3321],[-146.473,62.3321]]]}},{"type":"Feature","properties":{"name":"Lower Red Lake","scalerank":0},"geometry":{"type":"Polygon","coordinates":[[[-94.9702,48.032],[-94.8708,48.004],[-94.7832,47.9696],[-94.7771,47.9363],[-94.7918,47.9097],[-94.8969,47.8921],[-95.1108,47.8893],[-95.2482,47.9073],[-95.2709,47.9424],[-95.2513,47.9889],[-95.1871,48.0334],[-95.0864,48.0651],[-95.0108,48.0597],[-94.9702,48.032],[-94.9702,48.032],[-94.9702,48.032],[-94.9702,48.032]]]}},{"type":"Feature","properties":{"name":"Upper Red Lake","scalerank":0},"geometry":{"type":"Polygon","coordinates":[[[-95.0204,48.1248],[-94.9748,48.1516],[-94.8399,48.1841],[-94.6902,48.2033],[-94.6121,48.1991],[-94.561,48.1782],[-94.5582,48.1406],[-94.6002,48.1064],[-94.6628,48.083],[-94.7497,48.0664],[-94.8939,48.0643],[-95.0081,48.0725],[-95.0307,48.0943],[-95.0204,48.1248],[-95.0204,48.1248],[-95.0204,48.1248],[-95.0204,48.1248]]]}},{"type":"Feature","properties":{"name":"Yathkyed Lake","scalerank":0},"geometry":{"type":"Polygon","coordinates":[[[-97.9687,62.5485],[-97.9949,62.5656],[-98.0512,62.6068],[-98.1316,62.6638],[-98.2058,62.6897],[-98.227,62.6701],[-98.3147,62.6182],[-98.3497,62.6156],[-98.3476,62.6654],[-98.3564,62.7076],[-98.3873,62.7304],[-98.4188,62.7622],[-98.447,62.8041],[-98.4583,62.8285],[-98.4324,62.8281],[-98.4087,62.8157],[-98.3558,62.8113],[-98.2628,62.8117],[-98.2075,62.8098],[-98.2024,62.8291],[-98.1936,62.8506],[-98.1452,62.8548],[-98.0987,62.8421],[-98.0549,62.8494],[-97.9829,62.8644],[-97.8745,62.8667],[-97.7642,62.864],[-97.7138,62.8905],[-97.68,62.9472],[-97.6302,62.9793],[-97.6169,62.9671],[-97.6179,62.9241],[-97.638,62.8906],[-97.6623,62.864],[-97.6471,62.828],[-97.6348,62.7811],[-97.6307,62.7163],[-97.6127,62.6626],[-97.5608,62.6379],[-97.5181,62.6033],[-97.5086,62.5681],[-97.475,62.5336],[-97.4272,62.5024],[-97.3844,62.4854],[-97.3602,62.4844],[-97.3581,62.4957],[-97.3603,62.5066],[-97.3487,62.508],[-97.3261,62.5012],[-97.3086,62.485],[-97.3183,62.4612],[-97.3771,62.4323],[-97.4449,62.4215],[-97.5279,62.4535],[-97.6258,62.4917],[-97.7025,62.507],[-97.7796,62.5087],[-97.8424,62.5],[-97.8756,62.4881],[-97.8892,62.4699],[-97.9133,62.4589],[-97.9648,62.4742],[-98.0227,62.5042],[-98.0481,62.527],[-98.0161,62.5371],[-97.9687,62.5485],[-97.9687,62.5485],[-97.9687,62.5485],[-97.9687,62.5485]]]}},{"type":"Feature","properties":{"name":"Amadjuak Lake","scalerank":0},"geometry":{"type":"Polygon","coordinates":[[[-70.6474,64.6862],[-70.6369,64.7107],[-70.6944,64.7389],[-70.8041,64.7738],[-70.9171,64.7924],[-70.9995,64.7866],[-71.0524,64.7678],[-71.0967,64.7067],[-71.2245,64.6431],[-71.3729,64.6355],[-71.4465,64.6263],[-71.499,64.6092],[-71.5629,64.6126],[-71.657,64.6323],[-71.7971,64.6808],[-71.8989,64.7282],[-71.9186,64.7513],[-71.8981,64.7777],[-71.9277,64.806],[-71.9817,64.835],[-72.0011,64.8667],[-72.0187,64.8889],[-72.0355,64.9001],[-72.0532,64.9103],[-72.0395,64.9249],[-71.9947,64.9418],[-71.9562,64.9475],[-71.9595,64.9309],[-71.9626,64.9128],[-71.9375,64.9074],[-71.8508,64.9181],[-71.8185,64.9096],[-71.8723,64.8734],[-71.8731,64.8438],[-71.818,64.824],[-71.7477,64.8194],[-71.7084,64.8289],[-71.7247,64.8449],[-71.7502,64.8606],[-71.5837,64.884],[-71.5117,64.9056],[-71.504,64.9209],[-71.5343,64.9467],[-71.6385,64.9849],[-71.6242,65.0165],[-71.5832,65.0401],[-71.5546,65.0511],[-71.546,65.0816],[-71.5703,65.129],[-71.6425,65.1892],[-71.6907,65.242],[-71.6763,65.2777],[-71.6653,65.3081],[-71.7175,65.3533],[-71.7649,65.3968],[-71.7371,65.4077],[-71.6451,65.3667],[-71.5423,65.3105],[-71.4827,65.2893],[-71.429,65.2864],[-71.3569,65.2804],[-71.2997,65.2663],[-71.283,65.2514],[-71.2704,65.2336],[-71.2315,65.2109],[-71.0935,65.1627],[-70.9367,65.1245],[-70.9092,65.1106],[-70.8748,65.1008],[-70.7711,65.0702],[-70.6945,65.024],[-70.6668,64.9846],[-70.6481,64.959],[-70.6355,64.9336],[-70.6334,64.9076],[-70.5318,64.8323],[-70.4138,64.7443],[-70.3841,64.7172],[-70.3778,64.7075],[-70.429,64.686],[-70.4803,64.6641],[-70.4768,64.6545],[-70.4725,64.6398],[-70.4671,64.6214],[-70.4187,64.6051],[-70.385,64.5897],[-70.4163,64.5814],[-70.5086,64.6003],[-70.6273,64.6186],[-70.7205,64.6219],[-70.729,64.6392],[-70.6817,64.6608],[-70.6685,64.671],[-70.6474,64.6862],[-70.6474,64.6862],[-70.6474,64.6862],[-70.6474,64.6862]]]}},{"type":"Feature","properties":{"name":"Amistad Reservoir","scalerank":0},"geometry":{"type":"Polygon","coordinates":[[[-100.9182,29.5023],[-100.9201,29.4951],[-100.9359,29.4859],[-100.9777,29.4801],[-101.0386,29.4603],[-101.0998,29.4583],[-101.1506,29.4668],[-101.1898,29.4917],[-101.233,29.5025],[-101.272,29.4979],[-101.2866,29.506],[-101.2752,29.5261],[-101.2607,29.5625],[-101.2686,29.5781],[-101.2804,29.5847],[-101.302,29.584],[-101.3116,29.6026],[-101.3101,29.622],[-101.3053,29.6345],[-101.2751,29.6476],[-101.2136,29.603],[-101.1808,29.5794],[-101.1416,29.5585],[-101.1075,29.5284],[-101.0721,29.5101],[-101.0348,29.5259],[-101.0044,29.548],[-100.9926,29.5352],[-100.9765,29.5572],[-100.9507,29.6104],[-100.9438,29.6057],[-100.9559,29.5649],[-100.9513,29.529],[-100.9327,29.5072],[-100.9182,29.5023],[-100.9182,29.5023],[-100.9182,29.5023],[-100.9182,29.5023]]]}},{"type":"Feature","properties":{"name":"Cabonga Reservoir","scalerank":0},"geometry":{"type":"Polygon","coordinates":[[[-76.479,47.1384],[-76.479,47.1384],[-76.479,47.1384],[-76.479,47.1384],[-76.479,47.1384],[-76.4352,47.1222],[-76.3941,47.1218],[-76.3589,47.1192],[-76.3269,47.1023],[-76.3314,47.0832],[-76.363,47.0678],[-76.3925,47.056],[-76.4427,47.0639],[-76.5046,47.0919],[-76.5353,47.1091],[-76.5526,47.121],[-76.5818,47.1783],[-76.6027,47.2414],[-76.6247,47.2689],[-76.6507,47.2784],[-76.668,47.2662],[-76.6543,47.2223],[-76.6386,47.1849],[-76.6688,47.1999],[-76.7072,47.2421],[-76.7146,47.3109],[-76.7414,47.3546],[-76.7814,47.3574],[-76.7887,47.3851],[-76.7776,47.4162],[-76.7674,47.4494],[-76.7791,47.4764],[-76.8228,47.4977],[-76.8193,47.5174],[-76.7479,47.5583],[-76.6582,47.6106],[-76.5625,47.6674],[-76.5223,47.6908],[-76.5162,47.673],[-76.5946,47.6239],[-76.699,47.5704],[-76.7216,47.5396],[-76.7148,47.5242],[-76.6555,47.5517],[-76.6052,47.5722],[-76.6183,47.5429],[-76.6334,47.5102],[-76.5564,47.4977],[-76.459,47.4755],[-76.4078,47.446],[-76.4225,47.4002],[-76.475,47.3314],[-76.4888,47.2836],[-76.494,47.2502],[-76.5015,47.2219],[-76.5168,47.2008],[-76.5115,47.1705],[-76.479,47.1384]]]}},{"type":"Feature","properties":{"name":"Lago de Chapala","scalerank":0},"geometry":{"type":"Polygon","coordinates":[[[-102.7106,20.1937],[-102.7003,20.1816],[-102.7126,20.1618],[-102.7444,20.139],[-102.7857,20.1239],[-102.8517,20.139],[-102.9342,20.1683],[-103.0078,20.1835],[-103.0893,20.1806],[-103.1704,20.1789],[-103.2555,20.1996],[-103.3404,20.2313],[-103.3721,20.2602],[-103.2718,20.2806],[-103.1052,20.3075],[-103.0021,20.3286],[-102.8938,20.3186],[-102.7696,20.1984],[-102.7436,20.1979],[-102.7106,20.1937],[-102.7106,20.1937],[-102.7106,20.1937],[-102.7106,20.1937]]]}},{"type":"Feature","properties":{"name":"Lago de Managua","scalerank":0},"geometry":{"type":"Polygon","coordinates":[[[-86.1035,12.3123],[-86.102,12.2713],[-86.1047,12.2076],[-86.1749,12.1849],[-86.261,12.172],[-86.3146,12.1775],[-86.3066,12.2062],[-86.2969,12.242],[-86.3038,12.265],[-86.3227,12.2798],[-86.3866,12.2741],[-86.4696,12.2737],[-86.5288,12.3034],[-86.5716,12.3432],[-86.5886,12.3799],[-86.589,12.4053],[-86.5459,12.4102],[-86.4682,12.4281],[-86.3998,12.4635],[-86.3387,12.48],[-86.2942,12.4738],[-86.2355,12.3828],[-86.1612,12.3154],[-86.1189,12.3286],[-86.1035,12.3123],[-86.1035,12.3123],[-86.1035,12.3123],[-86.1035,12.3123]]]}},{"type":"Feature","properties":{"name":"Itaip\u00fa Reservoir","scalerank":0},"geometry":{"type":"Polygon","coordinates":[[[-54.1828,-24.7084],[-54.2273,-24.7263],[-54.2922,-24.7514],[-54.3117,-24.7829],[-54.3081,-24.8194],[-54.2572,-24.8779],[-54.2205,-24.9201],[-54.2508,-24.9161],[-54.3136,-24.8918],[-54.3573,-24.8917],[-54.3752,-24.9198],[-54.3933,-24.9455],[-54.387,-24.9816],[-54.3374,-25.0329],[-54.3182,-25.0787],[-54.3324,-25.1151],[-54.3482,-25.1393],[-54.3766,-25.1512],[-54.3773,-25.1801],[-54.2885,-25.2162],[-54.2006,-25.2399],[-54.2683,-25.2614],[-54.3404,-25.2905],[-54.383,-25.3027],[-54.4326,-25.3094],[-54.4316,-25.3346],[-54.4015,-25.3713],[-54.4239,-25.3886],[-54.4906,-25.3869],[-54.5268,-25.3965],[-54.554,-25.4192],[-54.5823,-25.4403],[-54.6105,-25.4327],[-54.6338,-25.4168],[-54.6344,-25.302],[-54.6081,-25.267],[-54.5472,-25.2349],[-54.519,-25.1898],[-54.5273,-25.1547],[-54.5595,-25.1382],[-54.5795,-25.1281],[-54.5757,-25.1125],[-54.6236,-25.1015],[-54.7215,-25.0877],[-54.7538,-25.0631],[-54.712,-25.0428],[-54.6103,-25.0451],[-54.5276,-25.0525],[-54.5102,-25.0164],[-54.5062,-24.9653],[-54.5264,-24.9346],[-54.6704,-24.905],[-54.7949,-24.8798],[-54.7696,-24.8677],[-54.6997,-24.873],[-54.6116,-24.8844],[-54.531,-24.8773],[-54.4738,-24.8482],[-54.4657,-24.804],[-54.5243,-24.7505],[-54.4902,-24.7118],[-54.3997,-24.6904],[-54.3864,-24.6591],[-54.3867,-24.62],[-54.4193,-24.579],[-54.4198,-24.5422],[-54.3881,-24.5092],[-54.3995,-24.4535],[-54.3819,-24.4164],[-54.3323,-24.4038],[-54.3122,-24.3677],[-54.3132,-24.3222],[-54.3478,-24.2641],[-54.368,-24.2114],[-54.3574,-24.1648],[-54.3501,-24.1224],[-54.3229,-24.0917],[-54.2669,-24.0658],[-54.2834,-24.1438],[-54.2707,-24.2251],[-54.2518,-24.2861],[-54.2583,-24.4681],[-54.259,-24.6423],[-54.2157,-24.6863],[-54.1828,-24.7084],[-54.1828,-24.7084],[-54.1828,-24.7084],[-54.1828,-24.7084]]]}},{"type":"Feature","properties":{"name":"Lago Gatun","scalerank":0},"geometry":{"type":"Polygon","coordinates":[[[-79.6709,9.144],[-79.6879,9.1236],[-79.6905,9.1036],[-79.7997,9.0731],[-79.8298,9.0457],[-79.8475,9.0451],[-79.8554,9.0547],[-79.8336,9.08],[-79.8108,9.1051],[-79.836,9.118],[-79.875,9.1393],[-79.9004,9.1541],[-79.9122,9.121],[-79.9256,9.0783],[-79.9466,9.0678],[-79.9535,9.0429],[-79.9601,9.0226],[-79.9734,9.024],[-79.9927,9.0395],[-80.0116,9.0601],[-80.0209,9.0565],[-80.0193,9.0371],[-80.0296,9.0256],[-80.0582,9.0213],[-80.0765,9.0162],[-80.0676,9.0408],[-80.0135,9.0974],[-79.9531,9.1922],[-79.9233,9.2674],[-79.8573,9.2936],[-79.8224,9.3202],[-79.8092,9.3159],[-79.8053,9.2854],[-79.7989,9.2539],[-79.8218,9.2382],[-79.8436,9.2225],[-79.8382,9.2065],[-79.8158,9.1848],[-79.8079,9.1724],[-79.7758,9.148],[-79.7394,9.1298],[-79.7171,9.1265],[-79.6862,9.1345],[-79.6709,9.144],[-79.6709,9.144],[-79.6709,9.144],[-79.6709,9.144]]]}},{"type":"Feature","properties":{"name":"Lake Kariba","scalerank":0},"geometry":{"type":"Polygon","coordinates":[[[28.9876,-16.6109],[28.9676,-16.6256],[28.9433,-16.6583],[28.9314,-16.6887],[28.9014,-16.6824],[28.8666,-16.6758],[28.8539,-16.7243],[28.8291,-16.7701],[28.7897,-16.7903],[28.7615,-16.8084],[28.7246,-16.7979],[28.6973,-16.7742],[28.6997,-16.7467],[28.6899,-16.7097],[28.6549,-16.7],[28.6133,-16.716],[28.5855,-16.7279],[28.5546,-16.7395],[28.5087,-16.7586],[28.4742,-16.7933],[28.4588,-16.8342],[28.4613,-16.8656],[28.4544,-16.8646],[28.4186,-16.8365],[28.382,-16.7953],[28.3411,-16.7884],[28.2416,-16.8176],[28.1504,-16.8389],[28.1166,-16.861],[28.1014,-16.8963],[28.0841,-16.9468],[28.0888,-16.9783],[28.1024,-16.9928],[28.0964,-17.0165],[28.0763,-17.0464],[28.0471,-17.0647],[27.999,-17.0511],[27.9586,-17.0399],[27.9428,-17.051],[27.9137,-17.0793],[27.8709,-17.1181],[27.8407,-17.1458],[27.8135,-17.1564],[27.75,-17.1746],[27.7049,-17.2071],[27.6832,-17.2297],[27.6684,-17.254],[27.6536,-17.2939],[27.6112,-17.3814],[27.5762,-17.4514],[27.5652,-17.4551],[27.549,-17.4738],[27.5018,-17.5083],[27.4547,-17.5331],[27.4396,-17.553],[27.4497,-17.5584],[27.4621,-17.5589],[27.4533,-17.568],[27.4073,-17.5803],[27.3529,-17.6023],[27.3362,-17.6178],[27.2865,-17.6729],[27.2279,-17.7535],[27.1953,-17.8015],[27.1639,-17.8444],[27.1159,-17.9122],[27.0771,-17.9563],[27.0514,-17.9635],[27.0208,-17.9584],[27.0184,-17.9271],[27.0398,-17.904],[27.0646,-17.8742],[27.0944,-17.8478],[27.0956,-17.8073],[27.1066,-17.7712],[27.1717,-17.6893],[27.2555,-17.6099],[27.2922,-17.5813],[27.3185,-17.5637],[27.3379,-17.5505],[27.354,-17.5285],[27.371,-17.5041],[27.3725,-17.4792],[27.3439,-17.46],[27.3715,-17.3889],[27.4309,-17.2998],[27.472,-17.2466],[27.5498,-17.1522],[27.609,-17.0729],[27.6414,-17.0682],[27.6692,-17.075],[27.6882,-17.0662],[27.6859,-17.0417],[27.704,-16.998],[27.7168,-16.959],[27.7055,-16.9398],[27.7182,-16.9281],[27.7533,-16.9232],[27.8,-16.9175],[27.8313,-16.9015],[27.8175,-16.8689],[27.7894,-16.8361],[27.7936,-16.819],[27.8258,-16.8107],[27.8581,-16.7932],[27.877,-16.7729],[27.8989,-16.7694],[27.9173,-16.782],[27.9418,-16.7971],[27.9748,-16.8188],[28.0089,-16.8241],[28.042,-16.8176],[28.0734,-16.79],[28.1062,-16.7551],[28.1362,-16.7358],[28.168,-16.7073],[28.1795,-16.6786],[28.1745,-16.6552],[28.2059,-16.6469],[28.2457,-16.6299],[28.2835,-16.6006],[28.298,-16.5677],[28.29,-16.543],[28.3143,-16.5493],[28.3504,-16.5599],[28.3727,-16.5733],[28.393,-16.5855],[28.4414,-16.5581],[28.497,-16.5401],[28.53,-16.5455],[28.5516,-16.5364],[28.5597,-16.5215],[28.5786,-16.5056],[28.6232,-16.4949],[28.6814,-16.5084],[28.7605,-16.5321],[28.8541,-16.5716],[28.8986,-16.5692],[28.9428,-16.5761],[28.9668,-16.5975],[28.9876,-16.6109],[28.9876,-16.6109],[28.9876,-16.6109],[28.9876,-16.6109]]]}},{"type":"Feature","properties":{"name":"Lake Kyoga","scalerank":0},"geometry":{"type":"Polygon","coordinates":[[[33.4868,1.6429],[33.4429,1.6406],[33.334,1.6232],[33.2274,1.5849],[33.1611,1.5417],[33.126,1.5032],[33.1397,1.4825],[33.2059,1.477],[33.2582,1.4704],[33.251,1.454],[33.2082,1.4296],[33.1969,1.3993],[33.2429,1.3859],[33.2819,1.4022],[33.303,1.4192],[33.3172,1.4196],[33.3215,1.3982],[33.3264,1.3556],[33.3047,1.3052],[33.2706,1.2527],[33.2603,1.2228],[33.2299,1.2542],[33.167,1.2888],[33.1232,1.3129],[33.0192,1.3816],[32.8988,1.4303],[32.8686,1.4319],[32.8637,1.4185],[32.8678,1.4047],[32.8919,1.3807],[32.8932,1.3114],[32.8601,1.332],[32.8236,1.3878],[32.786,1.4021],[32.764,1.3943],[32.752,1.3574],[32.7422,1.3395],[32.6606,1.3756],[32.5805,1.4111],[32.5541,1.4369],[32.5368,1.4969],[32.5447,1.5218],[32.6107,1.5138],[32.7355,1.545],[32.801,1.5808],[32.8029,1.572],[32.7975,1.5564],[32.811,1.5493],[32.8621,1.5557],[32.9378,1.5629],[32.9816,1.5535],[32.9988,1.5474],[33.0225,1.5596],[33.0666,1.6011],[33.1014,1.6337],[33.1129,1.6242],[33.1286,1.6157],[33.163,1.6386],[33.2057,1.6604],[33.2369,1.6697],[33.2692,1.664],[33.3104,1.6557],[33.3574,1.6772],[33.4141,1.7311],[33.4455,1.7279],[33.4568,1.6841],[33.471,1.6707],[33.4825,1.6532],[33.4868,1.6429],[33.4868,1.6429],[33.4868,1.6429],[33.4868,1.6429]]]}},{"type":"Feature","properties":{"name":"Ozero Kubenskoye","scalerank":0},"geometry":{"type":"Polygon","coordinates":[[[39.267,59.7825],[39.3055,59.7736],[39.3484,59.7655],[39.4537,59.7114],[39.5109,59.7072],[39.5817,59.6652],[39.7071,59.6338],[39.7798,59.6378],[39.7442,59.6097],[39.7215,59.5783],[39.7641,59.5459],[39.7981,59.5252],[39.7344,59.4798],[39.5525,59.5459],[39.4021,59.6243],[39.1939,59.7469],[39.0525,59.8387],[39.0535,59.8685],[39.0934,59.8693],[39.1389,59.8417],[39.192,59.8093],[39.2296,59.7944],[39.267,59.7825],[39.267,59.7825],[39.267,59.7825]]]}},{"type":"Feature","properties":{"name":"Bodensee","scalerank":0},"geometry":{"type":"Polygon","coordinates":[[[9.7307,47.5269],[9.7186,47.5149],[9.6854,47.5064],[9.5544,47.5111],[9.4523,47.514],[9.2503,47.5979],[9.1828,47.6707],[9.1132,47.7721],[9.132,47.7822],[9.2308,47.7333],[9.3729,47.6767],[9.514,47.6248],[9.6442,47.5664],[9.7307,47.5269],[9.7307,47.5269],[9.7307,47.5269],[9.7307,47.5269]]]}},{"type":"Feature","properties":{"name":null,"scalerank":0},"geometry":{"type":"Polygon","coordinates":[[[23.2406,61.4171],[23.1854,61.4066],[23.0998,61.392],[23.0457,61.3857],[22.9865,61.3693],[22.8466,61.3241],[22.702,61.2625],[22.6586,61.219],[22.6129,61.2017],[22.5791,61.211],[22.6315,61.234],[22.6631,61.2681],[22.7179,61.3004],[22.8406,61.3407],[22.9748,61.3952],[23.0534,61.4288],[23.1367,61.4455],[23.2599,61.4604],[23.2926,61.4521],[23.2487,61.4331],[23.2438,61.4242],[23.2406,61.4171],[23.2406,61.4171],[23.2406,61.4171],[23.2406,61.4171]]]}},{"type":"Feature","properties":{"name":"Dead Sea","scalerank":0},"geometry":{"type":"Polygon","coordinates":[[[35.5225,31.1771],[35.5169,31.1544],[35.5084,31.1252],[35.4979,31.1049],[35.4593,31.0963],[35.4165,31.1044],[35.3914,31.1352],[35.3768,31.1779],[35.3818,31.2156],[35.4007,31.2305],[35.4456,31.2317],[35.4936,31.205],[35.5225,31.1771],[35.5225,31.1771],[35.5225,31.1771],[35.5225,31.1771]]]}},{"type":"Feature","properties":{"name":"Sea of Galilee","scalerank":0},"geometry":{"type":"Polygon","coordinates":[[[35.6316,32.7816],[35.6159,32.7492],[35.5769,32.7203],[35.5513,32.7496],[35.5339,32.8034],[35.5392,32.8556],[35.565,32.8916],[35.5989,32.8997],[35.6229,32.8784],[35.6358,32.8338],[35.6316,32.7816],[35.6316,32.7816],[35.6316,32.7816],[35.6316,32.7816]]]}},{"type":"Feature","properties":{"name":"Lake Argyle","scalerank":0},"geometry":{"type":"Polygon","coordinates":[[[129.0316,-16.1432],[129.0153,-16.1611],[129.0006,-16.19],[128.9701,-16.2277],[128.9439,-16.2715],[128.9575,-16.3018],[128.9512,-16.319],[128.9382,-16.3488],[128.9281,-16.3695],[128.9094,-16.3936],[128.8946,-16.4242],[128.8776,-16.4364],[128.8643,-16.4276],[128.8506,-16.4221],[128.827,-16.422],[128.8023,-16.4504],[128.792,-16.5083],[128.798,-16.5543],[128.7937,-16.5929],[128.7881,-16.6371],[128.784,-16.6938],[128.7572,-16.7778],[128.7341,-16.7885],[128.72,-16.7588],[128.6961,-16.7175],[128.6629,-16.6808],[128.6262,-16.6603],[128.6113,-16.6452],[128.5972,-16.6335],[128.5835,-16.6148],[128.5868,-16.6019],[128.5914,-16.5725],[128.5837,-16.5425],[128.537,-16.5355],[128.5302,-16.5078],[128.5679,-16.4444],[128.6199,-16.3138],[128.6354,-16.2503],[128.6588,-16.2358],[128.6779,-16.2233],[128.6707,-16.1954],[128.6449,-16.1595],[128.6585,-16.1438],[128.694,-16.1366],[128.737,-16.1336],[128.7738,-16.087],[128.8048,-16.0758],[128.8087,-16.0869],[128.7784,-16.1257],[128.7842,-16.1493],[128.7911,-16.1711],[128.8124,-16.1713],[128.8439,-16.1583],[128.8906,-16.1393],[128.9455,-16.1175],[128.9907,-16.1173],[129.0224,-16.1279],[129.0316,-16.1432],[129.0316,-16.1432],[129.0316,-16.1432],[129.0316,-16.1432]]]}},{"type":"Feature","properties":{"name":"Ngoring Hu","scalerank":0},"geometry":{"type":"Polygon","coordinates":[[[97.887,34.8382],[97.8613,34.8229],[97.8014,34.8265],[97.7513,34.8282],[97.7171,34.8264],[97.6947,34.831],[97.689,34.812],[97.6832,34.7916],[97.6477,34.7879],[97.6026,34.7978],[97.5752,34.8249],[97.5471,34.876],[97.5546,34.9019],[97.5826,34.9294],[97.6249,34.9532],[97.6439,34.9785],[97.6361,35.0028],[97.6506,35.0275],[97.6867,35.0529],[97.7349,35.0805],[97.7629,35.0881],[97.794,35.033],[97.7971,34.9818],[97.8015,34.9322],[97.8467,34.8822],[97.887,34.8382],[97.887,34.8382],[97.887,34.8382],[97.887,34.8382]]]}},{"type":"Feature","properties":{"name":"Gyaring Hu","scalerank":0},"geometry":{"type":"Polygon","coordinates":[[[97.4677,34.9757],[97.4602,34.9613],[97.4125,34.916],[97.36,34.8655],[97.2883,34.8354],[97.2305,34.8258],[97.0842,34.9068],[97.0721,34.9306],[97.0624,34.9786],[97.0665,34.9973],[97.0847,34.9999],[97.1181,35.0078],[97.2313,35.0225],[97.351,35.0197],[97.4192,34.9975],[97.4677,34.9757],[97.4677,34.9757],[97.4677,34.9757],[97.4677,34.9757]]]}},{"type":"Feature","properties":{"name":"Toktogul Res.","scalerank":0},"geometry":{"type":"Polygon","coordinates":[[[73.291,41.7591],[73.2664,41.7547],[73.2022,41.7454],[73.107,41.7571],[72.9725,41.7552],[72.8395,41.7398],[72.6791,41.6631],[72.6537,41.6674],[72.6354,41.6873],[72.6577,41.7013],[72.6893,41.7282],[72.7086,41.7674],[72.6879,41.8224],[72.6584,41.8742],[72.6854,41.8996],[72.8172,41.8978],[72.94,41.8783],[73.0111,41.8555],[73.0855,41.8282],[73.2397,41.8011],[73.3003,41.7762],[73.291,41.7591],[73.291,41.7591],[73.291,41.7591]]]}},{"type":"Feature","properties":{"name":"Langa Co","scalerank":0},"geometry":{"type":"Polygon","coordinates":[[[81.3091,30.6355],[81.2897,30.6169],[81.2548,30.6083],[81.2117,30.6108],[81.158,30.6336],[81.1256,30.6622],[81.1503,30.6875],[81.1848,30.7205],[81.1844,30.8043],[81.1993,30.8521],[81.234,30.8625],[81.275,30.8388],[81.2944,30.8173],[81.2965,30.7893],[81.2522,30.7533],[81.2785,30.709],[81.3087,30.6618],[81.3091,30.6355],[81.3091,30.6355],[81.3091,30.6355],[81.3091,30.6355]]]}},{"type":"Feature","properties":{"name":"Mapam Yumco","scalerank":0},"geometry":{"type":"Polygon","coordinates":[[[81.5841,30.7],[81.5524,30.6544],[81.494,30.6099],[81.4337,30.5909],[81.392,30.6097],[81.373,30.6592],[81.3758,30.7582],[81.4092,30.7778],[81.4597,30.7738],[81.5244,30.7572],[81.5736,30.7326],[81.5841,30.7],[81.5841,30.7],[81.5841,30.7],[81.5841,30.7]]]}},{"type":"Feature","properties":{"name":"Lake Volta","scalerank":0},"geometry":{"type":"Polygon","coordinates":[[[0.2719,6.6745],[0.2719,6.6745],[0.2719,6.6745],[0.2987,6.7186],[0.317,6.7383],[0.3086,6.6979],[0.276,6.6483],[0.2297,6.6159],[0.192,6.6075],[0.1719,6.6146],[0.16,6.6181],[0.1521,6.6106],[0.1537,6.597],[0.1508,6.5702],[0.1467,6.5383],[0.1404,6.5053],[0.1329,6.4496],[0.1381,6.366],[0.1033,6.3382],[0.081,6.3526],[0.0733,6.4041],[0.0411,6.4052],[-0.011,6.3794],[-0.0334,6.4082],[-0.0599,6.4517],[-0.0993,6.4899],[-0.1748,6.5327],[-0.2553,6.5855],[-0.3238,6.6219],[-0.4276,6.6679],[-0.5503,6.7173],[-0.6336,6.7533],[-0.6737,6.8015],[-0.6837,6.8344],[-0.6599,6.8358],[-0.616,6.8073],[-0.5796,6.7847],[-0.5508,6.8108],[-0.5178,6.7938],[-0.4906,6.7367],[-0.4667,6.7227],[-0.4422,6.7267],[-0.4187,6.731],[-0.4093,6.7656],[-0.406,6.8165],[-0.3934,6.8281],[-0.3678,6.7727],[-0.3353,6.7162],[-0.3054,6.7172],[-0.2708,6.7225],[-0.2285,6.734],[-0.194,6.7413],[-0.1751,6.7241],[-0.1633,6.6856],[-0.1437,6.648],[-0.0965,6.6286],[-0.0569,6.63],[-0.0413,6.6769],[-0.0255,6.7203],[-0.0175,6.7327],[-0.0229,6.748],[-0.0494,6.7688],[-0.0671,6.789],[-0.0713,6.8094],[-0.0663,6.8252],[-0.0419,6.8473],[-0.0115,6.8529],[0.0123,6.8448],[0.0304,6.8497],[0.0767,6.8697],[0.1117,6.8966],[0.1037,6.9096],[0.059,6.914],[0.0416,6.9465],[0.0866,6.9739],[0.1203,6.9712],[0.1232,6.9832],[0.0989,7.0042],[0.0879,7.0228],[0.093,7.037],[0.101,7.0529],[0.0976,7.08],[0.0855,7.1212],[0.0846,7.1471],[0.0659,7.1512],[0.0451,7.1639],[0.0276,7.1763],[0.0102,7.1868],[0.0073,7.2094],[0.0146,7.2107],[0.0348,7.2002],[0.0632,7.1954],[0.0833,7.1937],[0.0987,7.1928],[0.1182,7.2032],[0.1415,7.2225],[0.153,7.2412],[0.1604,7.2518],[0.1739,7.2524],[0.1839,7.2662],[0.1839,7.2867],[0.1725,7.3039],[0.1561,7.3089],[0.1347,7.3134],[0.1021,7.3428],[0.0675,7.3928],[0.0501,7.4323],[0.0506,7.4488],[0.0474,7.4601],[0.0456,7.4775],[-0.0024,7.5003],[-0.0629,7.5076],[-0.0583,7.4656],[-0.0658,7.4443],[-0.1065,7.4581],[-0.1281,7.4715],[-0.1364,7.4956],[-0.157,7.5099],[-0.2068,7.5124],[-0.2424,7.5166],[-0.2322,7.5319],[-0.2079,7.5464],[-0.1686,7.5499],[-0.1341,7.5534],[-0.1049,7.5512],[-0.0714,7.5487],[-0.0269,7.5459],[0.0118,7.5426],[-0.0178,7.5919],[-0.0638,7.6414],[-0.11,7.6446],[-0.182,7.6466],[-0.2423,7.6386],[-0.3358,7.6176],[-0.4318,7.5937],[-0.4746,7.5891],[-0.498,7.5966],[-0.5312,7.5762],[-0.6033,7.5536],[-0.6537,7.5513],[-0.6113,7.567],[-0.5435,7.5999],[-0.4827,7.6246],[-0.4215,7.6488],[-0.3566,7.6644],[-0.2944,7.6672],[-0.262,7.6842],[-0.2557,7.706],[-0.2538,7.7201],[-0.2104,7.7141],[-0.1615,7.7214],[-0.1255,7.7401],[-0.0977,7.7464],[-0.1003,7.7555],[-0.134,7.7671],[-0.1573,7.7786],[-0.1594,7.7944],[-0.1521,7.8133],[-0.1524,7.8409],[-0.1698,7.8896],[-0.1861,7.927],[-0.1924,7.9552],[-0.2238,7.9771],[-0.2847,8.0152],[-0.3152,8.04],[-0.3438,8.0381],[-0.3505,8.002],[-0.3845,7.9798],[-0.4168,7.9723],[-0.3944,7.9999],[-0.3794,8.0481],[-0.4154,8.0788],[-0.4458,8.0911],[-0.4982,8.0569],[-0.5266,8.0624],[-0.5257,8.1279],[-0.5429,8.1536],[-0.5614,8.1341],[-0.5909,8.1003],[-0.6244,8.0849],[-0.6428,8.0868],[-0.6429,8.1062],[-0.6929,8.1096],[-0.7556,8.102],[-0.7605,8.1182],[-0.7478,8.1345],[-0.721,8.1346],[-0.6554,8.1421],[-0.6038,8.1586],[-0.6,8.1729],[-0.6214,8.1911],[-0.6756,8.2387],[-0.7243,8.2803],[-0.7535,8.2969],[-0.7951,8.3155],[-0.8014,8.3344],[-0.7836,8.3657],[-0.8378,8.4473],[-0.9122,8.5551],[-0.9646,8.6038],[-0.9989,8.6304],[-1.0408,8.6456],[-1.0865,8.6399],[-1.1284,8.6323],[-1.1409,8.5946],[-1.1528,8.5513],[-1.1801,8.6036],[-1.2189,8.6583],[-1.2538,8.6676],[-1.3039,8.6966],[-1.3513,8.7237],[-1.4046,8.739],[-1.4427,8.7313],[-1.4884,8.6971],[-1.5449,8.6636],[-1.6045,8.6438],[-1.6636,8.6285],[-1.715,8.6304],[-1.6634,8.6732],[-1.5912,8.6952],[-1.5188,8.7313],[-1.4662,8.761],[-1.412,8.7808],[-1.3765,8.8046],[-1.3555,8.7923],[-1.2941,8.7504],[-1.2693,8.7256],[-1.1261,8.7047],[-1.0618,8.7218],[-1.0675,8.7504],[-1.0961,8.7837],[-1.1337,8.813],[-1.1452,8.8736],[-1.1744,8.9446],[-1.1787,8.9791],[-1.1779,9.0265],[-1.1741,9.0742],[-1.1517,9.1166],[-1.1303,9.0761],[-1.1265,9.0284],[-1.1248,8.9808],[-1.1208,8.9294],[-1.1056,8.897],[-1.0753,8.853],[-1.0445,8.8431],[-1.0256,8.8438],[-0.9965,8.7753],[-0.9312,8.6531],[-0.8734,8.5855],[-0.8426,8.579],[-0.8166,8.5995],[-0.8176,8.6505],[-0.8234,8.7069],[-0.8089,8.7431],[-0.7908,8.7614],[-0.7823,8.7561],[-0.7954,8.721],[-0.8061,8.6887],[-0.7697,8.6556],[-0.7224,8.6385],[-0.7054,8.6431],[-0.7068,8.6249],[-0.757,8.5775],[-0.8046,8.5199],[-0.797,8.4971],[-0.7818,8.4686],[-0.7211,8.4021],[-0.66,8.3566],[-0.6266,8.3292],[-0.5943,8.2884],[-0.5657,8.2748],[-0.5544,8.2508],[-0.5266,8.2324],[-0.4847,8.2095],[-0.4485,8.2095],[-0.3936,8.2215],[-0.3551,8.2427],[-0.3179,8.244],[-0.2855,8.2531],[-0.2454,8.2451],[-0.202,8.2131],[-0.1925,8.1862],[-0.2566,8.1849],[-0.3209,8.1772],[-0.3304,8.1578],[-0.3084,8.1425],[-0.2625,8.1084],[-0.1902,8.0526],[-0.1279,8.0112],[-0.1032,7.9757],[-0.0818,7.8764],[-0.0523,7.8115],[-0.024,7.7926],[0.0017,7.793],[0.019,7.7887],[0.0546,7.7922],[0.0702,7.8211],[0.0579,7.8625],[0.0562,7.8856],[0.0592,7.9197],[0.0734,7.9694],[0.0787,8.0033],[0.0616,8.0408],[0.07,8.081],[0.099,8.093],[0.1293,8.0864],[0.1538,8.078],[0.1703,8.0863],[0.1651,8.1152],[0.1518,8.161],[0.1233,8.21],[0.1053,8.242],[0.1367,8.2536],[0.1692,8.2891],[0.198,8.3382],[0.2174,8.3633],[0.1607,8.381],[0.092,8.4031],[0.0806,8.4291],[0.0927,8.4605],[0.0906,8.5],[0.0855,8.548],[0.1057,8.583],[0.1354,8.5976],[0.1495,8.633],[0.1601,8.7004],[0.1839,8.7417],[0.1977,8.7382],[0.1847,8.6898],[0.1684,8.6252],[0.1522,8.5924],[0.1275,8.5743],[0.1215,8.5184],[0.1129,8.4574],[0.1026,8.4338],[0.1146,8.4157],[0.1781,8.3993],[0.2421,8.3791],[0.2605,8.3552],[0.2798,8.3407],[0.2936,8.3344],[0.2841,8.3269],[0.2424,8.322],[0.2143,8.3142],[0.2171,8.296],[0.19,8.251],[0.1836,8.2056],[0.201,8.1658],[0.2311,8.1254],[0.2678,8.1062],[0.2668,8.0943],[0.2402,8.088],[0.1979,8.0793],[0.161,8.0596],[0.1455,8.0207],[0.1212,7.972],[0.1085,7.9387],[0.1239,7.9132],[0.1458,7.8942],[0.1678,7.8633],[0.2212,7.8825],[0.2575,7.905],[0.2512,7.8756],[0.2521,7.8627],[0.2478,7.8493],[0.237,7.8335],[0.2479,7.8029],[0.2775,7.7624],[0.2792,7.699],[0.281,7.6165],[0.2817,7.5754],[0.259,7.5814],[0.2404,7.5779],[0.2283,7.5564],[0.2289,7.5364],[0.2422,7.5107],[0.2498,7.4908],[0.2853,7.5146],[0.3201,7.5425],[0.3135,7.5056],[0.3019,7.4702],[0.297,7.4526],[0.2953,7.4157],[0.2872,7.3817],[0.2764,7.3531],[0.2768,7.3393],[0.2773,7.3298],[0.2925,7.3031],[0.2938,7.2779],[0.2757,7.2579],[0.2716,7.2343],[0.2794,7.2179],[0.2807,7.2006],[0.2793,7.1822],[0.2758,7.1723],[0.2714,7.1375],[0.2886,7.1063],[0.3052,7.099],[0.2998,7.0713],[0.2812,7.0474],[0.2729,7.0012],[0.2635,6.9483],[0.24,6.8963],[0.2371,6.7683],[0.2539,6.6729],[0.2719,6.6745]],[[0.1304,6.6791],[0.1304,6.6791],[0.1304,6.6791],[0.1808,6.7259],[0.1592,6.7667],[0.1147,6.7956],[0.0619,6.8076],[0.0175,6.7788],[0.0115,6.7175],[0.0487,6.6947],[0.0896,6.6586],[0.1304,6.6791]]]}},{"type":"Feature","properties":{"name":"South Aral Sea","scalerank":0},"geometry":{"type":"Polygon","coordinates":[[[58.3121,45.062],[58.3725,45.1305],[58.417,45.2907],[58.5494,45.4077],[58.574,45.5321],[58.6384,45.5902],[58.6527,45.722],[58.7117,45.8349],[58.8383,45.8342],[58.8137,45.8817],[58.8494,45.9181],[59.0599,45.8945],[59.0791,45.9435],[59.1792,45.9258],[59.2403,45.9939],[59.3029,46.0024],[59.244,45.8923],[59.1048,45.8967],[58.9142,45.7948],[58.8694,45.5961],[58.7662,45.5627],[58.6719,45.4596],[58.6292,45.2638],[58.6823,45.1298],[58.5468,45.0076],[58.588,44.9899],[58.567,44.9152],[58.6245,44.818],[58.5626,44.7724],[58.5243,44.5692],[58.4831,44.5044],[58.3643,44.4247],[58.26,44.4315],[58.235,44.4609],[58.2368,44.5245],[58.3211,44.603],[58.221,44.8467],[58.3121,45.062]]]}},{"type":"Feature","properties":{"name":"North Aral Sea","scalerank":0},"geometry":{"type":"Polygon","coordinates":[[[60.7829,46.086],[60.7523,46.1177],[60.8248,46.201],[60.7224,46.3742],[60.5796,46.2932],[60.3484,46.4029],[60.1334,46.3565],[59.9884,46.4379],[60.0017,46.5719],[60.2867,46.7001],[60.3676,46.617],[60.4011,46.5093],[60.4104,46.5041],[60.4202,46.5084],[60.4533,46.6179],[60.4593,46.6234],[60.4706,46.6225],[60.58,46.563],[60.7408,46.627],[60.7458,46.6389],[60.7454,46.6534],[60.5256,46.7508],[60.5248,46.7773],[60.58,46.7839],[60.8108,46.7471],[60.7761,46.5814],[60.8924,46.4732],[61.1339,46.4496],[61.2557,46.4925],[61.2639,46.4998],[61.2653,46.5125],[61.2026,46.5775],[61.2966,46.6109],[61.315,46.6477],[61.5285,46.6771],[61.4504,46.5844],[61.3698,46.5275],[61.2835,46.4475],[61.3003,46.3849],[61.2171,46.2369],[60.9767,46.1699],[60.8625,46.09],[60.7829,46.086]]]}},{"type":"Feature","properties":{"name":"Barsakelmes Lake","scalerank":0},"geometry":{"type":"Polygon","coordinates":[[[59.7287,46.0828],[59.5917,46.2091],[59.5041,46.3188],[59.7308,46.3217],[59.7846,46.2842],[59.8133,46.1237],[59.7287,46.0828]]]}},{"type":"Feature","properties":{"name":"Lake Balkhash","scalerank":0},"geometry":{"type":"Polygon","coordinates":[[[78.9908,46.7486],[78.9908,46.7486],[78.9908,46.7486],[78.9908,46.7486],[79.0188,46.7685],[79.0222,46.7949],[79.0519,46.8077],[79.0842,46.8101],[79.1219,46.7988],[79.1768,46.7639],[79.222,46.7204],[79.2447,46.6797],[79.2451,46.6452],[79.2355,46.6335],[79.2173,46.6097],[79.1574,46.6028],[79.0949,46.5816],[79.068,46.5258],[79.0228,46.4475],[78.9711,46.406],[78.8898,46.3699],[78.7874,46.3848],[78.7113,46.3964],[78.6253,46.3798],[78.5443,46.4014],[78.4654,46.3924],[78.4384,46.3769],[78.4352,46.3518],[78.4621,46.3128],[78.4451,46.2972],[78.4087,46.2988],[78.3674,46.3385],[78.3173,46.3499],[78.2334,46.3369],[78.1606,46.3187],[78.1275,46.3187],[78.0752,46.3283],[78.0176,46.3426],[77.8654,46.4287],[77.8175,46.4394],[77.7812,46.4229],[77.7258,46.4071],[77.6521,46.4154],[77.5626,46.4354],[77.4293,46.4997],[77.3553,46.5022],[77.282,46.4729],[77.1651,46.489],[77.1039,46.4542],[77.0036,46.4637],[76.8526,46.4923],[76.7418,46.532],[76.464,46.5419],[76.2385,46.5549],[76.1763,46.532],[76.0333,46.5117],[75.9094,46.5357],[75.867,46.5356],[75.7146,46.5165],[75.6113,46.5072],[75.5578,46.5303],[75.5148,46.5667],[75.4916,46.5965],[75.4902,46.631],[75.5082,46.6362],[75.548,46.6345],[75.5624,46.646],[75.5598,46.653],[75.5528,46.6726],[75.5092,46.678],[75.4633,46.6706],[75.4172,46.6411],[75.404,46.6097],[75.4321,46.5419],[75.448,46.4983],[75.4057,46.4708],[75.3501,46.4699],[75.3301,46.5127],[75.304,46.5194],[75.2777,46.5149],[75.2559,46.4742],[75.2408,46.4477],[75.2122,46.4266],[75.1519,46.4375],[75.1211,46.4464],[75.0932,46.4609],[75.0667,46.451],[75.0125,46.4171],[74.9112,46.4046],[74.8881,46.3766],[74.8566,46.2939],[74.8152,46.2156],[74.7938,46.1303],[74.7714,46.1078],[74.5992,46.0222],[74.5499,46.0059],[74.3699,46.0201],[74.278,46.0041],[74.2582,45.9767],[74.2531,45.9417],[74.3033,45.7898],[74.2893,45.7647],[74.2508,45.761],[74.2429,45.7517],[74.2453,45.7395],[74.3109,45.6955],[74.3127,45.6709],[74.2895,45.6506],[74.2308,45.6153],[74.1006,45.5369],[74.0894,45.5091],[74.0828,45.3521],[74.0865,45.3435],[74.1283,45.3369],[74.151,45.3173],[74.1557,45.2706],[74.1434,45.1029],[74.1356,45.0702],[74.101,45.0586],[74.0942,45.0401],[74.1195,44.9997],[74.1,44.9889],[74.0561,44.9944],[74.0172,45.0129],[74.0096,45.0338],[74.0156,45.0565],[73.9934,45.1124],[74.0077,45.1465],[73.9993,45.1887],[73.9807,45.2042],[73.8768,45.2393],[73.8397,45.2639],[73.6627,45.4356],[73.6147,45.5133],[73.4652,45.5825],[73.4367,45.6095],[73.4437,45.657],[73.4943,45.6866],[73.5318,45.7342],[73.5188,45.763],[73.4511,45.7796],[73.44,45.8059],[73.4635,45.8263],[73.4883,45.8311],[73.5599,45.8164],[73.6325,45.9067],[73.7151,45.9825],[73.7371,46.0127],[73.6627,46.0624],[73.654,46.0927],[73.6455,46.15],[73.6793,46.1831],[73.752,46.2026],[73.7749,46.2065],[73.8294,46.1851],[73.8976,46.2079],[73.9818,46.1864],[74.0207,46.2049],[74.027,46.2225],[73.9495,46.2884],[74.0232,46.3693],[74.0943,46.4278],[74.2798,46.4702],[74.3746,46.518],[74.43,46.5783],[74.5242,46.6229],[74.5531,46.6902],[74.6254,46.7521],[74.8043,46.7806],[74.9394,46.8168],[74.974,46.8141],[75.0887,46.8136],[75.1627,46.7746],[75.2006,46.7588],[75.3385,46.7299],[75.4268,46.7375],[75.8259,46.8181],[75.9506,46.7951],[76.2031,46.78],[76.2977,46.7529],[76.3359,46.7286],[76.4052,46.6623],[76.4505,46.6407],[76.4963,46.6355],[76.6,46.6646],[76.6684,46.6734],[76.6996,46.6675],[76.7931,46.6307],[76.8593,46.6438],[77.0824,46.6246],[77.1748,46.556],[77.2264,46.5667],[77.266,46.6114],[77.3703,46.6228],[77.6016,46.64],[77.6447,46.6561],[77.69,46.6586],[77.86,46.6479],[78.1363,46.5949],[78.1693,46.5802],[78.2971,46.4686],[78.3243,46.4822],[78.3479,46.5121],[78.3588,46.6234],[78.3678,46.6429],[78.3971,46.6577],[78.4332,46.6525],[78.452,46.6181],[78.4765,46.6246],[78.5039,46.6647],[78.5514,46.7074],[78.5806,46.7231],[78.6303,46.747],[78.7609,46.7238],[78.7839,46.7349],[78.7873,46.755],[78.7931,46.78],[78.8229,46.7948],[78.8682,46.7987],[78.9296,46.7883],[78.9908,46.7486]]]}},{"type":"Feature","properties":{"name":"Lake Tanganyika","scalerank":0},"geometry":{"type":"Polygon","coordinates":[[[30.8061,-8.5783],[30.7986,-8.5659],[30.7111,-8.5337],[30.6814,-8.5141],[30.6717,-8.5027],[30.6543,-8.5068],[30.6203,-8.5437],[30.5549,-8.5798],[30.5342,-8.5789],[30.5598,-8.5562],[30.5691,-8.5372],[30.5677,-8.5139],[30.5428,-8.5039],[30.4945,-8.507],[30.4645,-8.4981],[30.4477,-8.4491],[30.4605,-8.3823],[30.4781,-8.355],[30.5077,-8.3317],[30.5491,-8.3126],[30.5734,-8.2623],[30.5806,-8.181],[30.5668,-8.115],[30.5322,-8.0644],[30.4994,-8.033],[30.4682,-8.021],[30.442,-7.9966],[30.3961,-7.9284],[30.3675,-7.9028],[30.2944,-7.8726],[30.2773,-7.8483],[30.265,-7.7679],[30.2215,-7.6695],[30.2043,-7.5865],[30.2137,-7.5575],[30.2076,-7.4739],[30.1471,-7.2992],[30.0896,-7.2142],[30.013,-7.1452],[29.9283,-7.0949],[29.8358,-7.0633],[29.7518,-6.9953],[29.6159,-6.8223],[29.5365,-6.7542],[29.5112,-6.7199],[29.4799,-6.633],[29.4839,-6.5376],[29.4762,-6.5146],[29.4537,-6.5169],[29.4363,-6.5091],[29.424,-6.4913],[29.3113,-6.1911],[29.2895,-6.1756],[29.2697,-6.1314],[29.2496,-6.109],[29.2152,-6.0885],[29.1932,-6.038],[29.1837,-5.9578],[29.1896,-5.915],[29.2144,-5.8923],[29.3296,-5.7985],[29.34,-5.7662],[29.3407,-5.7464],[29.333,-5.6619],[29.3416,-5.6347],[29.3706,-5.6303],[29.372,-5.6164],[29.2261,-5.3714],[29.1569,-5.236],[29.1166,-5.124],[29.1018,-5.054],[29.1123,-5.0259],[29.1141,-4.7141],[29.1242,-4.586],[29.1471,-4.5288],[29.1692,-4.5041],[29.2026,-4.511],[29.2016,-4.4368],[29.2545,-4.1012],[29.2451,-4.065],[29.2276,-4.0712],[29.2182,-4.1179],[29.1454,-4.3349],[29.1329,-4.3435],[29.063,-4.3172],[29.0576,-4.2863],[29.0891,-4.2449],[29.0993,-4.2057],[29.0883,-4.1686],[29.0861,-4.0918],[29.1033,-3.8955],[29.1172,-3.8522],[29.1172,-3.8162],[29.1033,-3.7876],[29.1102,-3.75],[29.1377,-3.7034],[29.1473,-3.6169],[29.1387,-3.4904],[29.1422,-3.4079],[29.1575,-3.3696],[29.1755,-3.3465],[29.196,-3.3385],[29.2984,-3.3552],[29.3318,-3.3899],[29.3311,-3.4623],[29.335,-3.6626],[29.3461,-3.7939],[29.3643,-3.8562],[29.4341,-3.977],[29.4328,-4.0009],[29.5232,-4.203],[29.5789,-4.2995],[29.6292,-4.3659],[29.6525,-4.4201],[29.6414,-4.4895],[29.6071,-4.7888],[29.614,-4.8807],[29.6001,-4.8964],[29.6078,-4.9073],[29.6372,-4.9135],[29.6844,-4.9391],[29.7491,-4.9841],[29.792,-5.0409],[29.8127,-5.1094],[29.8163,-5.1521],[29.8026,-5.1688],[29.8004,-5.2568],[29.7879,-5.2634],[29.7735,-5.3544],[29.752,-5.4055],[29.7584,-5.4669],[29.8124,-5.5277],[29.8652,-5.6305],[29.9236,-5.7715],[29.9512,-5.8609],[29.9479,-5.8988],[29.9162,-5.9384],[29.8564,-5.9796],[29.8172,-5.9967],[29.7984,-5.9896],[29.7754,-6.0007],[29.748,-6.0303],[29.7287,-6.0954],[29.7174,-6.1962],[29.7221,-6.2441],[29.7479,-6.2877],[29.8204,-6.37],[29.9435,-6.4793],[29.9498,-6.498],[29.9651,-6.5004],[30.023,-6.469],[30.0938,-6.4571],[30.137,-6.4649],[30.1664,-6.4826],[30.1822,-6.51],[30.2993,-6.6158],[30.3564,-6.6903],[30.3978,-6.7781],[30.455,-6.8556],[30.528,-6.9228],[30.5635,-6.9927],[30.561,-7.0654],[30.5435,-7.1039],[30.5207,-7.1073],[30.5125,-7.1156],[30.5216,-7.1655],[30.5767,-7.2764],[30.599,-7.3758],[30.5887,-7.4639],[30.6041,-7.5419],[30.6454,-7.61],[30.725,-7.7012],[30.8254,-7.9105],[30.906,-8.0376],[30.9125,-8.075],[30.9254,-8.0981],[30.9572,-8.1205],[30.9622,-8.139],[30.9482,-8.1615],[30.9498,-8.19],[30.964,-8.2381],[31.0146,-8.303],[31.1017,-8.385],[31.1428,-8.4508],[31.1378,-8.5006],[31.1514,-8.5511],[31.1838,-8.6023],[31.1984,-8.652],[31.1891,-8.7299],[31.1785,-8.742],[31.1656,-8.7386],[31.1505,-8.7195],[31.1331,-8.7246],[31.1135,-8.7539],[31.0842,-8.7762],[31.0449,-8.7913],[31.0221,-8.7865],[30.9715,-8.7453],[30.8061,-8.5783],[30.8061,-8.5783],[30.8061,-8.5783]]]}},{"type":"Feature","properties":{"name":"Lagoa Mirim","scalerank":1},"geometry":{"type":"Polygon","coordinates":[[[-52.5983,-32.5854],[-52.617,-32.6382],[-52.6593,-32.6977],[-52.6936,-32.7569],[-52.7313,-32.8117],[-52.7726,-32.8758],[-52.8079,-32.9069],[-52.8472,-32.9171],[-52.8949,-32.9098],[-52.9386,-32.8611],[-52.9757,-32.8223],[-53.0152,-32.7987],[-53.0676,-32.8082],[-53.131,-32.8456],[-53.1733,-32.9564],[-53.2276,-33.0555],[-53.2916,-33.0813],[-53.3256,-33.0853],[-53.3518,-33.0951],[-53.377,-33.1195],[-53.4086,-33.1587],[-53.4365,-33.2354],[-53.4527,-33.3506],[-53.4374,-33.4728],[-53.454,-33.5317],[-53.4905,-33.5468],[-53.5085,-33.5572],[-53.527,-33.5527],[-53.5438,-33.5395],[-53.5572,-33.5146],[-53.5673,-33.4825],[-53.5735,-33.4333],[-53.5775,-33.3676],[-53.5864,-33.2987],[-53.6042,-33.2422],[-53.6202,-33.1912],[-53.6242,-33.1357],[-53.5995,-33.0787],[-53.5461,-33.0244],[-53.4728,-32.9588],[-53.4062,-32.9541],[-53.3545,-32.9259],[-53.3231,-32.8827],[-53.3131,-32.8343],[-53.3128,-32.7932],[-53.3016,-32.7607],[-53.2651,-32.7331],[-53.217,-32.7072],[-53.1777,-32.6788],[-53.1389,-32.649],[-53.0916,-32.6199],[-53.0295,-32.598],[-52.9911,-32.534],[-52.9588,-32.4684],[-52.8771,-32.432],[-52.8103,-32.3906],[-52.8038,-32.3477],[-52.7922,-32.3107],[-52.7796,-32.2633],[-52.7447,-32.2174],[-52.7203,-32.1985],[-52.7013,-32.204],[-52.69,-32.2374],[-52.69,-32.3481],[-52.6533,-32.394],[-52.6255,-32.4536],[-52.5933,-32.4991],[-52.5914,-32.5398],[-52.5983,-32.5854],[-52.5983,-32.5854],[-52.5983,-32.5854],[-52.5983,-32.5854]]]}},{"type":"Feature","properties":{"name":"Lake Manitoba","scalerank":2},"geometry":{"type":"Polygon","coordinates":[[[-97.9592,50.3572],[-98.0158,50.3041],[-98.0721,50.2741],[-98.1506,50.2403],[-98.2422,50.2139],[-98.3301,50.2018],[-98.4019,50.2035],[-98.4546,50.211],[-98.5193,50.242],[-98.5515,50.2871],[-98.5486,50.4213],[-98.5681,50.4884],[-98.608,50.5676],[-98.716,50.7374],[-98.8147,50.864],[-98.8532,50.9455],[-98.9409,51.0076],[-98.9909,51.0763],[-99.0065,51.1139],[-99.0082,51.1395],[-98.9883,51.1523],[-98.941,51.1154],[-98.8812,51.0369],[-98.8672,51.0279],[-98.8472,51.0391],[-98.8294,51.0719],[-98.8361,51.0998],[-98.8564,51.1091],[-98.8969,51.1881],[-98.9529,51.2021],[-98.9788,51.2229],[-99.026,51.2672],[-99.0772,51.3394],[-99.1375,51.5031],[-99.1625,51.5435],[-99.2576,51.5626],[-99.3195,51.617],[-99.3698,51.6354],[-99.4255,51.6271],[-99.5266,51.5462],[-99.5416,51.5781],[-99.5381,51.6604],[-99.5491,51.6993],[-99.5454,51.7137],[-99.491,51.7576],[-99.443,51.7773],[-99.39,51.7812],[-99.3377,51.7588],[-99.2915,51.7156],[-99.2389,51.6463],[-99.2173,51.6362],[-99.1806,51.6527],[-99.1659,51.6754],[-99.1773,51.7625],[-99.1663,51.7767],[-99.1054,51.7361],[-99.064,51.6864],[-98.999,51.5106],[-98.9561,51.4326],[-98.9182,51.3953],[-98.907,51.4039],[-98.9013,51.428],[-98.9105,51.5127],[-98.9717,51.6755],[-98.9292,51.7022],[-98.8937,51.7089],[-98.8648,51.7075],[-98.8328,51.6843],[-98.7896,51.6387],[-98.7575,51.5878],[-98.7522,51.5521],[-98.7794,51.4657],[-98.7775,51.4101],[-98.7539,51.3628],[-98.7049,51.3259],[-98.5915,51.269],[-98.5718,51.2433],[-98.583,51.2181],[-98.633,51.165],[-98.6691,51.1037],[-98.7182,51.0878],[-98.7236,51.0592],[-98.7539,51.0163],[-98.7605,50.995],[-98.7404,50.9347],[-98.7202,50.9117],[-98.5002,50.86],[-98.4101,50.8233],[-98.2438,50.719],[-98.1735,50.6604],[-98.0714,50.5516],[-97.9712,50.4701],[-97.9508,50.4199],[-97.9592,50.3572],[-97.9592,50.3572],[-97.9592,50.3572]]]}},{"type":"Feature","properties":{"name":"Lake Winnipegosis","scalerank":1},"geometry":{"type":"Polygon","coordinates":[[[-99.6741,51.6131],[-99.7748,51.5896],[-99.8576,51.6431],[-99.9351,51.7175],[-99.9504,51.7629],[-99.8988,51.8409],[-99.9534,51.9993],[-99.9841,52.0403],[-99.9998,52.0444],[-100.0054,52.0157],[-99.9844,51.8123],[-99.9987,51.7441],[-100.011,51.7308],[-100.0254,51.7273],[-100.0492,51.7555],[-100.1134,51.8907],[-100.1592,52.1159],[-100.165,52.2542],[-100.1557,52.3057],[-100.1363,52.3513],[-100.0268,52.4639],[-99.9923,52.5665],[-100.0453,52.6485],[-100.0624,52.7628],[-100.0957,52.7955],[-100.2413,52.8648],[-100.2683,52.8717],[-100.2917,52.859],[-100.3257,52.8332],[-100.3429,52.807],[-100.3257,52.7937],[-100.2787,52.7818],[-100.2422,52.6398],[-100.2608,52.6212],[-100.2751,52.6233],[-100.3007,52.6508],[-100.3392,52.6716],[-100.3583,52.713],[-100.4175,52.7729],[-100.4395,52.9244],[-100.4532,52.953],[-100.5226,52.9675],[-100.5639,52.9962],[-100.5995,52.998],[-100.6654,52.9802],[-100.6668,52.9594],[-100.6211,52.886],[-100.678,52.7784],[-100.7462,52.7517],[-100.8234,52.753],[-100.8394,52.7668],[-100.8254,52.7985],[-100.8331,52.8125],[-100.9146,52.8144],[-100.941,52.8445],[-100.9925,52.8804],[-100.984,52.9308],[-100.9939,52.9867],[-101.0068,53.0083],[-101.1018,53.0808],[-101.0907,53.1001],[-101.0506,53.1235],[-100.9637,53.1473],[-100.8952,53.0985],[-100.8199,53.0906],[-100.7255,53.0978],[-100.644,53.1151],[-100.5897,53.1382],[-100.5435,53.1705],[-100.515,53.1711],[-100.3346,53.1071],[-100.1052,53.0542],[-99.8435,52.9746],[-99.7905,52.9454],[-99.7568,52.9134],[-99.6992,52.9151],[-99.6849,52.9103],[-99.6781,52.8998],[-99.7049,52.8119],[-99.6619,52.6098],[-99.661,52.5385],[-99.6755,52.4729],[-99.7134,52.4074],[-99.8389,52.243],[-99.8269,52.1515],[-99.8089,52.0946],[-99.7493,52.0277],[-99.7444,52.0047],[-99.7444,51.9729],[-99.7556,51.9386],[-99.7976,51.8758],[-99.8027,51.8302],[-99.7812,51.7611],[-99.746,51.7521],[-99.6659,51.8537],[-99.6469,51.8425],[-99.6424,51.7201],[-99.62,51.651],[-99.6241,51.6285],[-99.6445,51.6166],[-99.6741,51.6131],[-99.6741,51.6131],[-99.6741,51.6131]]]}},{"type":"Feature","properties":{"name":"R\u00e9servoir Manicouagan","scalerank":2},"geometry":{"type":"Polygon","coordinates":[[[-68.2551,51.3985],[-68.2551,51.3985],[-68.2551,51.3985],[-68.2551,51.3985],[-68.2165,51.3451],[-68.2044,51.3058],[-68.2228,51.265],[-68.3133,51.192],[-68.3523,51.149],[-68.4472,51.1202],[-68.5287,51.0746],[-68.6422,50.9907],[-68.7398,50.716],[-68.7441,50.7763],[-68.7351,50.8418],[-68.7428,50.9216],[-68.7822,51.0039],[-68.8681,51.0939],[-68.9952,51.1804],[-69.1484,51.2743],[-69.1756,51.3237],[-69.1605,51.3909],[-69.1336,51.5183],[-69.1548,51.5801],[-69.2498,51.6822],[-69.2325,51.6995],[-69.2019,51.6844],[-69.1383,51.6563],[-69.1179,51.6605],[-69.099,51.7088],[-69.0916,51.8133],[-69.063,51.838],[-69.0427,51.6755],[-69.0104,51.6333],[-68.9787,51.6307],[-68.9348,51.6484],[-68.856,51.7206],[-68.8075,51.683],[-68.7678,51.6837],[-68.6996,51.6914],[-68.636,51.7098],[-68.5961,51.7564],[-68.535,51.7552],[-68.5007,51.8108],[-68.4569,51.8828],[-68.4368,51.874],[-68.4288,51.8588],[-68.4431,51.8178],[-68.4834,51.702],[-68.4611,51.6724],[-68.3187,51.6417],[-68.2518,51.6859],[-68.2065,51.7069],[-68.1966,51.6921],[-68.269,51.6151],[-68.2673,51.5724],[-68.2909,51.5366],[-68.2857,51.5071],[-68.2513,51.4655],[-68.2551,51.3985]],[[-68.5383,51.3929],[-68.5383,51.3929],[-68.5383,51.3929],[-68.5383,51.3929],[-68.58,51.4568],[-68.5624,51.4804],[-68.5394,51.4732],[-68.4729,51.4016],[-68.4363,51.3763],[-68.3914,51.3676],[-68.4073,51.4418],[-68.3965,51.5033],[-68.4045,51.5319],[-68.4865,51.5911],[-68.6055,51.6306],[-68.7215,51.6322],[-68.7829,51.6202],[-68.8441,51.6],[-68.9594,51.5355],[-69.0545,51.4721],[-69.1015,51.4103],[-69.0916,51.3683],[-69.0627,51.3321],[-69.0463,51.3023],[-69.0146,51.2796],[-68.9244,51.2415],[-68.8647,51.1981],[-68.7576,51.1648],[-68.6831,51.1562],[-68.5962,51.1678],[-68.5371,51.1999],[-68.4679,51.2137],[-68.4272,51.2322],[-68.3995,51.2565],[-68.4034,51.285],[-68.492,51.3486],[-68.5383,51.3929]]]}},{"type":"Feature","properties":{"name":"Syvash","scalerank":2},"geometry":{"type":"Polygon","coordinates":[[[35.399,45.2554],[35.2764,45.3021],[35.0895,45.3579],[35.0619,45.3787],[35.0426,45.4025],[35.0402,45.4285],[35.0803,45.4993],[35.0517,45.5651],[35.0242,45.6039],[35.0003,45.6307],[34.882,45.6873],[34.8339,45.7246],[34.7623,45.743],[34.7427,45.7865],[34.683,45.8036],[34.6763,45.8191],[34.6449,45.8375],[34.4952,45.7853],[34.4951,45.8028],[34.6183,45.9148],[34.6192,45.935],[34.6076,45.9438],[34.5678,45.9524],[34.5252,45.9065],[34.4967,45.8992],[34.4598,45.9171],[34.4117,45.8898],[34.39,45.8879],[34.38,45.9013],[34.3879,45.9504],[34.3818,45.9792],[34.3625,46.0003],[34.2715,46.0269],[34.227,46.0214],[34.1897,46.0296],[34.1819,46.0161],[34.1871,45.9766],[34.1866,45.9562],[34.1645,45.9444],[34.1403,45.9626],[34.1328,46.0097],[34.1215,46.0258],[34.0724,46.0593],[33.9983,46.0723],[33.9777,46.0518],[33.9602,46.04],[33.9243,46.0391],[33.8851,46.0599],[33.8313,46.1434],[33.8152,46.1423],[33.7705,46.1333],[33.7076,46.1818],[33.6962,46.2003],[33.7039,46.2148],[33.728,46.2281],[33.7781,46.234],[33.8482,46.2307],[33.9223,46.2133],[34.0296,46.1573],[34.0776,46.1415],[34.1068,46.1443],[34.1033,46.1822],[34.1117,46.1928],[34.1296,46.1902],[34.1472,46.1914],[34.1638,46.2029],[34.158,46.2485],[34.1586,46.2666],[34.1746,46.266],[34.2364,46.2139],[34.2695,46.1914],[34.2977,46.1814],[34.3115,46.1801],[34.3286,46.1898],[34.5442,46.1612],[34.5549,46.1378],[34.5482,46.1149],[34.4925,46.1133],[34.4691,46.1011],[34.4285,46.0224],[34.4434,45.9988],[34.4787,45.9833],[34.5232,45.9881],[34.5885,46.0207],[34.6402,46.153],[34.6667,46.1735],[34.7164,46.1646],[34.7537,46.1313],[34.7546,46.1127],[34.7177,46.0905],[34.7129,46.0528],[34.7398,46.035],[34.7889,46.0245],[34.8162,45.9595],[34.8404,45.843],[34.909,45.7926],[35.0318,45.6382],[35.182,45.4722],[35.3,45.3638],[35.4262,45.295],[35.4391,45.2754],[35.399,45.2554],[35.399,45.2554],[35.399,45.2554]]]}},{"type":"Feature","properties":{"name":"Lake Saimaa","scalerank":2},"geometry":{"type":"Polygon","coordinates":[[[29.5178,62.1231],[29.5178,62.1231],[29.5178,62.1231],[29.4921,62.0889],[29.4697,62.08],[29.4922,62.0458],[29.5524,62.0028],[29.6148,61.9831],[29.6381,62.0045],[29.6854,62.0037],[29.7565,61.9495],[29.7754,61.9064],[29.777,61.8894],[29.7326,61.8741],[29.7271,61.8479],[29.6943,61.8343],[29.6601,61.8261],[29.6099,61.8021],[29.5311,61.7782],[29.4768,61.7421],[29.4262,61.7344],[29.2899,61.6487],[29.2657,61.6148],[29.1151,61.6002],[29.0984,61.5784],[28.941,61.6258],[28.7302,61.6712],[28.6291,61.6416],[28.6084,61.6174],[28.7604,61.6099],[28.7896,61.5899],[28.7225,61.5807],[28.6799,61.5581],[28.6795,61.5244],[28.6929,61.4839],[28.6455,61.4762],[28.5822,61.473],[28.568,61.4412],[28.4637,61.3993],[28.4062,61.37],[28.3451,61.3494],[28.3596,61.3313],[28.477,61.3321],[28.6408,61.3516],[28.6626,61.3678],[28.7142,61.3518],[28.8204,61.2973],[28.867,61.2473],[28.7879,61.2041],[28.61,61.1616],[28.3588,61.0934],[28.2916,61.08],[27.9875,61.0797],[27.9468,61.0677],[27.9187,61.0803],[27.8919,61.1141],[27.8816,61.1572],[27.9655,61.188],[28.0824,61.1785],[28.1724,61.1529],[28.1974,61.1634],[28.1737,61.1881],[28.0725,61.2332],[27.8619,61.2523],[27.6775,61.2323],[27.6253,61.2139],[27.5193,61.2296],[27.4062,61.2595],[27.4324,61.2701],[27.4354,61.2955],[27.368,61.326],[27.3028,61.3294],[27.2703,61.3243],[27.2646,61.3787],[27.3006,61.4333],[27.2737,61.4681],[27.2978,61.4836],[27.2961,61.557],[27.2763,61.6529],[27.3292,61.6926],[27.3274,61.6318],[27.3392,61.5967],[27.359,61.5306],[27.4592,61.5235],[27.4764,61.5388],[27.4725,61.5499],[27.4709,61.5994],[27.488,61.6182],[27.4987,61.6],[27.515,61.5771],[27.5932,61.5813],[27.6646,61.6068],[27.6781,61.6364],[27.7575,61.6562],[27.773,61.6853],[27.7051,61.7307],[27.6226,61.7642],[27.6048,61.7808],[27.6264,61.801],[27.8163,61.7279],[27.8658,61.6964],[27.9178,61.657],[27.921,61.6269],[27.946,61.6014],[27.9996,61.5493],[28.0538,61.5105],[28.1039,61.5224],[28.1289,61.549],[28.1473,61.5507],[28.1846,61.5439],[28.2344,61.6213],[28.2479,61.7156],[28.2617,61.7445],[28.3056,61.7555],[28.3394,61.7493],[28.3687,61.7508],[28.4421,61.7679],[28.5391,61.8409],[28.6722,61.8256],[28.8067,61.8278],[28.8397,61.8463],[28.8384,61.8635],[28.7371,61.891],[28.697,61.9207],[28.5792,61.9928],[28.4269,62.0524],[28.4028,62.0691],[28.2967,62.0968],[28.1682,62.0961],[28.0862,62.1004],[28.0319,62.1084],[27.9257,62.1334],[27.8992,62.1572],[27.9024,62.2445],[27.8849,62.3061],[27.8766,62.3292],[27.8521,62.354],[27.844,62.3756],[27.7996,62.4294],[27.7554,62.4286],[27.6789,62.412],[27.5969,62.4178],[27.547,62.412],[27.4895,62.4431],[27.4591,62.4794],[27.4194,62.4961],[27.3666,62.4823],[27.2972,62.4768],[27.2358,62.5072],[27.1777,62.5534],[27.1589,62.5773],[27.1911,62.5718],[27.2954,62.518],[27.3395,62.5191],[27.3521,62.5436],[27.3728,62.5624],[27.398,62.5757],[27.6,62.4941],[27.6467,62.4984],[27.6699,62.5128],[27.669,62.5285],[27.608,62.6008],[27.6186,62.7098],[27.6483,62.735],[27.6662,62.7595],[27.6495,62.816],[27.6668,62.8738],[27.6838,62.9116],[27.652,62.9247],[27.6215,62.916],[27.5875,62.8997],[27.5637,62.8773],[27.5599,62.8507],[27.4941,62.8631],[27.4146,62.9016],[27.3912,62.9405],[27.3301,63.0013],[27.1761,63.0836],[27.1948,63.0993],[27.2068,63.1216],[27.1932,63.1694],[27.1966,63.2292],[27.1932,63.2893],[27.2135,63.3091],[27.2465,63.3084],[27.2393,63.332],[27.1902,63.3875],[27.1748,63.4385],[27.1348,63.4961],[27.068,63.5232],[27.0382,63.5166],[27.0203,63.501],[26.9589,63.5243],[26.8994,63.566],[26.8986,63.584],[27.1128,63.5463],[27.183,63.5179],[27.2338,63.4565],[27.2344,63.4271],[27.2105,63.4166],[27.2502,63.3762],[27.297,63.3557],[27.3382,63.346],[27.3628,63.3158],[27.347,63.2794],[27.3373,63.2133],[27.2639,63.1457],[27.3585,63.0679],[27.4396,63.0234],[27.5588,63.0012],[27.6053,63.0146],[27.6766,62.9794],[27.7228,62.9543],[27.7697,62.9456],[27.774,62.9957],[27.736,63.0585],[27.7674,63.0999],[27.8098,63.0923],[27.8484,63.0707],[27.8511,63.0321],[27.8882,63.0189],[28.0056,63.0403],[28.1064,63.0089],[28.2792,63.0314],[28.352,63.0397],[28.3497,63.0258],[28.3084,63.0029],[28.2623,62.9836],[28.1922,62.9635],[28.1545,62.933],[28.1868,62.8574],[28.1439,62.8252],[28.1494,62.8037],[28.1807,62.7718],[28.2113,62.73],[28.2389,62.706],[28.2683,62.6892],[28.2644,62.6628],[28.6531,62.5272],[28.799,62.4558],[28.898,62.3903],[28.8098,62.3817],[28.6593,62.42],[28.5289,62.4741],[28.4965,62.5014],[28.5651,62.4986],[28.5554,62.5226],[28.4817,62.5552],[28.4242,62.5753],[28.3671,62.5871],[28.34,62.5771],[28.2743,62.5652],[28.2114,62.5078],[28.1909,62.4476],[28.1693,62.4337],[28.1026,62.4419],[28.1057,62.476],[28.1384,62.5381],[28.0567,62.6904],[27.9794,62.7321],[27.8493,62.7194],[27.7656,62.6795],[27.7551,62.6524],[27.8015,62.6274],[27.7581,62.5832],[27.8458,62.5236],[27.9154,62.4303],[28.0396,62.4089],[28.042,62.3789],[27.9911,62.3374],[27.9626,62.2979],[27.97,62.2589],[28.0673,62.2437],[28.1439,62.2525],[28.2765,62.2562],[28.2771,62.2761],[28.3237,62.2873],[28.3579,62.2697],[28.4062,62.237],[28.506,62.2199],[28.5658,62.2216],[28.6085,62.2789],[28.6299,62.2943],[28.6703,62.3059],[28.699,62.3285],[28.6676,62.368],[28.6658,62.387],[28.6926,62.3833],[28.765,62.3484],[28.8351,62.2675],[28.8704,62.235],[28.8522,62.2124],[28.8373,62.1854],[28.7863,62.1772],[28.8258,62.1341],[28.9758,62.1424],[29.1394,62.1692],[29.1979,62.1771],[29.3305,62.1658],[29.3453,62.1859],[29.3527,62.2186],[29.319,62.2424],[29.2984,62.2748],[29.2984,62.3127],[29.278,62.3489],[29.2646,62.3936],[29.2967,62.4263],[29.3,62.4758],[29.2613,62.5508],[29.2792,62.5987],[29.3346,62.6003],[29.3518,62.5706],[29.3639,62.5304],[29.4216,62.5226],[29.5089,62.467],[29.6265,62.4185],[29.6503,62.4274],[29.6117,62.4618],[29.5889,62.5003],[29.5929,62.5268],[29.6163,62.5594],[29.6327,62.5972],[29.6973,62.6093],[29.7757,62.5773],[29.825,62.5181],[29.8854,62.4627],[29.9262,62.4336],[29.835,62.3887],[29.8019,62.3618],[29.7926,62.3348],[29.7685,62.313],[29.6876,62.3159],[29.6406,62.3099],[29.6202,62.2943],[29.599,62.2698],[29.6479,62.2234],[29.7274,62.1993],[29.7907,62.1995],[29.8737,62.1851],[29.9604,62.1638],[29.9815,62.1328],[29.9111,62.1152],[29.7083,62.1511],[29.6876,62.138],[29.6066,62.1448],[29.5178,62.1231]],[[27.8494,62.9514],[27.8494,62.9514],[27.8494,62.9514],[27.842,62.911],[27.8863,62.8344],[28.0107,62.7753],[28.0716,62.7458],[28.1088,62.7551],[28.1088,62.7878],[28.0994,62.8516],[28.0748,62.9352],[28.0621,62.976],[27.9906,62.9775],[27.9859,62.9772],[27.9034,62.9729],[27.8494,62.9514]],[[27.6371,61.2732],[27.6371,61.2732],[27.6371,61.2732],[27.6766,61.3104],[27.6586,61.3546],[27.6287,61.3834],[27.5557,61.3966],[27.5089,61.4085],[27.4179,61.4373],[27.3604,61.4217],[27.328,61.4002],[27.3676,61.369],[27.4754,61.3151],[27.5879,61.2663],[27.6371,61.2732]],[[27.9593,61.4804],[27.9593,61.4804],[27.9593,61.4804],[27.9688,61.5032],[27.9463,61.5275],[27.9232,61.5259],[27.8586,61.5187],[27.7939,61.5379],[27.7316,61.5475],[27.7122,61.5338],[27.7005,61.4876],[27.6658,61.4828],[27.5903,61.4864],[27.5484,61.4912],[27.5196,61.4852],[27.564,61.4564],[27.6622,61.4349],[27.7122,61.4028],[27.7496,61.4014],[27.7976,61.4049],[27.9137,61.4421],[27.9593,61.4804]],[[28.4956,61.4782],[28.4956,61.4782],[28.4956,61.4782],[28.4449,61.5157],[28.4592,61.5584],[28.4935,61.6017],[28.5364,61.6215],[28.5154,61.6987],[28.4756,61.7229],[28.3876,61.7119],[28.3281,61.7295],[28.2773,61.7097],[28.2807,61.6645],[28.2861,61.6226],[28.3082,61.5818],[28.2426,61.5391],[28.2398,61.5234],[28.2553,61.4969],[28.2454,61.4727],[28.2256,61.4429],[28.2401,61.3942],[28.307,61.4076],[28.4162,61.4165],[28.4945,61.444],[28.4956,61.4782]],[[29.477,61.9668],[29.477,61.9668],[29.477,61.9668],[29.4422,62.0377],[29.3632,62.1046],[29.3223,62.1296],[29.232,62.1261],[29.1865,62.1221],[29.1024,62.1177],[29.0191,62.1248],[28.9389,62.1046],[28.8091,62.0819],[28.7033,62.0819],[28.6912,62.0364],[28.7141,61.9949],[28.8277,61.9628],[28.9442,61.8731],[28.9897,61.8021],[29.1369,61.7754],[29.2546,61.8075],[29.3093,61.8695],[29.3271,61.944],[29.3418,61.9708],[29.4033,61.9749],[29.4448,61.9481],[29.4742,61.9507],[29.477,61.9668]]]}},{"type":"Feature","properties":{"name":"Lake Zaysan","scalerank":3},"geometry":{"type":"Polygon","coordinates":[[[84.5156,47.9299],[84.4267,47.8569],[84.3943,47.8162],[84.3568,47.7321],[84.296,47.6991],[84.2418,47.7064],[83.9943,47.8433],[83.7656,47.9512],[83.6246,48.0128],[83.4445,48.0488],[83.259,48.0946],[83.0826,48.1782],[83.0268,48.2119],[83.0386,48.2496],[83.1821,48.2494],[83.2751,48.2613],[83.4353,48.27],[83.4976,48.3045],[83.5326,48.3751],[83.4607,48.4323],[83.3922,48.4999],[83.387,48.554],[83.4174,48.5975],[83.4227,48.7432],[83.4712,48.8582],[83.5895,48.9624],[83.7473,49.0393],[83.8717,49.0627],[84.0361,49.1106],[84.1206,49.1591],[84.0998,49.238],[83.9725,49.3288],[83.8485,49.4171],[83.7244,49.4396],[83.6604,49.4429],[83.608,49.4862],[83.539,49.5319],[83.4789,49.5382],[83.4265,49.5734],[83.3648,49.6261],[83.3637,49.6438],[83.3912,49.6524],[83.6082,49.6063],[83.7398,49.631],[83.8898,49.7204],[83.9636,49.7264],[83.9612,49.7026],[83.8183,49.6336],[83.7967,49.5971],[83.7565,49.5644],[83.7295,49.5352],[83.8231,49.4839],[84.2878,49.2377],[84.3606,49.1605],[84.3286,49.1249],[84.149,49.086],[83.8641,48.9944],[83.7768,48.9754],[83.6092,48.9104],[83.5141,48.8133],[83.4869,48.7183],[83.5168,48.6168],[83.6134,48.4373],[83.7739,48.4104],[83.9194,48.3972],[83.9071,48.3735],[83.6819,48.3534],[83.5962,48.303],[83.5812,48.2675],[83.6336,48.2415],[83.74,48.1977],[83.8807,48.1519],[84.0515,48.0835],[84.1671,48.056],[84.3339,48.0231],[84.4684,47.9694],[84.5156,47.9299],[84.5156,47.9299],[84.5156,47.9299],[84.5156,47.9299]]]}},{"type":"Feature","properties":{"name":"Churchill Lake","scalerank":3},"geometry":{"type":"Polygon","coordinates":[[[-108.5612,56.5097],[-108.6343,56.4877],[-108.692,56.4897],[-108.715,56.5213],[-108.7214,56.6105],[-108.7356,56.6677],[-108.7866,56.6901],[-108.859,56.7088],[-108.8701,56.7477],[-108.8374,56.784],[-108.7646,56.8131],[-108.7028,56.7915],[-108.6345,56.7149],[-108.5708,56.6963],[-108.5296,56.7037],[-108.4945,56.6926],[-108.4247,56.6291],[-108.4115,56.4644],[-108.324,56.4406],[-108.2184,56.4354],[-108.134,56.4262],[-108.0744,56.3823],[-108.1106,56.3079],[-108.1894,56.271],[-108.1905,56.2535],[-108.1742,56.2337],[-108.1793,56.143],[-108.1222,56.0628],[-108.1354,56.0378],[-108.1782,56.0149],[-108.2192,55.9655],[-108.2466,55.9149],[-108.2997,55.8579],[-108.4864,55.7645],[-108.5721,55.6975],[-108.6048,55.6484],[-108.5975,55.5849],[-108.6266,55.5521],[-108.6647,55.5685],[-108.6865,55.6285],[-108.6777,55.6948],[-108.6881,55.7492],[-108.7163,55.8416],[-108.7591,55.9032],[-108.918,55.9331],[-109.0336,55.9301],[-109.1002,55.9808],[-109.1579,56.068],[-109.1371,56.1081],[-109.0864,56.1221],[-108.8748,56.0795],[-108.6715,55.9788],[-108.6178,55.8873],[-108.5995,55.8482],[-108.5196,55.8789],[-108.467,55.9358],[-108.4668,56.0329],[-108.4327,56.1041],[-108.352,56.156],[-108.2728,56.1906],[-108.2685,56.2444],[-108.3146,56.2903],[-108.3445,56.2835],[-108.3764,56.285],[-108.4887,56.3289],[-108.5394,56.3662],[-108.5345,56.4283],[-108.5303,56.4788],[-108.5612,56.5097],[-108.5612,56.5097],[-108.5612,56.5097],[-108.5612,56.5097]]]}},{"type":"Feature","properties":{"name":"Lago Buenos Aires","scalerank":3},"geometry":{"type":"Polygon","coordinates":[[[-71.166,-46.5269],[-71.2068,-46.5627],[-71.376,-46.5755],[-71.628,-46.5385],[-71.7817,-46.4994],[-71.9981,-46.5206],[-72.258,-46.5857],[-72.5538,-46.7442],[-72.7742,-46.8734],[-72.8153,-46.9094],[-72.8258,-46.9508],[-72.8597,-46.9971],[-72.904,-47.0114],[-72.87,-46.9113],[-72.7889,-46.7854],[-72.7065,-46.7268],[-72.6605,-46.664],[-72.6949,-46.5925],[-72.7238,-46.5121],[-72.692,-46.4988],[-72.6453,-46.5644],[-72.5848,-46.6052],[-72.4783,-46.5959],[-72.2375,-46.5132],[-71.9882,-46.4371],[-71.8724,-46.3824],[-71.8803,-46.341],[-71.8724,-46.3238],[-71.8469,-46.3156],[-71.7553,-46.3299],[-71.626,-46.2969],[-71.6051,-46.3132],[-71.5781,-46.3605],[-71.4424,-46.4075],[-71.3131,-46.4363],[-71.2206,-46.482],[-71.166,-46.5269],[-71.166,-46.5269],[-71.166,-46.5269],[-71.166,-46.5269]]]}},{"type":"Feature","properties":{"name":"P\u00e4ij\u00e4nne","scalerank":3},"geometry":{"type":"Polygon","coordinates":[[[26.9499,62.8517],[26.9863,62.8577],[27.0923,62.8425],[27.0843,62.833],[27.018,62.8319],[27.0184,62.8001],[26.9571,62.7942],[26.8801,62.7959],[26.9158,62.7444],[26.9826,62.6864],[26.9521,62.6524],[26.9987,62.6134],[26.9837,62.6032],[26.8957,62.624],[26.8526,62.6056],[26.8187,62.5638],[26.8253,62.5264],[26.851,62.4974],[26.8863,62.4954],[26.9301,62.4819],[26.909,62.4563],[26.7783,62.4789],[26.7355,62.4944],[26.7242,62.5534],[26.6902,62.5955],[26.6623,62.5828],[26.6652,62.5509],[26.6294,62.4791],[26.5805,62.4121],[26.5001,62.3915],[26.426,62.3659],[26.4316,62.3292],[26.4199,62.3177],[26.3794,62.3459],[26.3843,62.3809],[26.407,62.4183],[26.4654,62.427],[26.5076,62.4245],[26.5103,62.4528],[26.5577,62.49],[26.5265,62.5389],[26.3828,62.5665],[26.2734,62.551],[26.2388,62.522],[26.2381,62.4813],[26.2543,62.4375],[26.2881,62.4066],[26.3123,62.3676],[26.277,62.3399],[26.1727,62.3584],[26.1277,62.329],[26.1282,62.2798],[26.0895,62.295],[26.0496,62.3476],[25.9921,62.3725],[25.956,62.3555],[25.9785,62.3111],[26.0023,62.2769],[25.9742,62.2536],[25.9459,62.2101],[25.9512,62.1446],[25.9227,62.1489],[25.8982,62.1995],[25.8763,62.2056],[25.8265,62.1482],[25.821,62.0721],[25.8783,62.021],[25.8579,62.0014],[25.7897,61.9923],[25.7742,61.9666],[25.7033,61.9642],[25.6408,61.9502],[25.6324,61.9162],[25.6515,61.9032],[25.701,61.8852],[25.682,61.8689],[25.6151,61.8416],[25.5883,61.793],[25.6217,61.7735],[25.6829,61.8018],[25.7215,61.8127],[25.723,61.7785],[25.6804,61.7119],[25.682,61.6379],[25.7057,61.601],[25.63,61.6021],[25.5857,61.5911],[25.5826,61.5406],[25.5732,61.4944],[25.6409,61.4668],[25.6066,61.4421],[25.5432,61.4229],[25.557,61.3925],[25.5473,61.335],[25.5803,61.3078],[25.7593,61.2785],[25.9774,61.255],[26.0125,61.2349],[26.0271,61.2119],[26.0815,61.1955],[26.1182,61.2105],[26.1057,61.2456],[26.1625,61.3104],[26.2751,61.3741],[26.2784,61.3603],[26.2379,61.3167],[26.255,61.2845],[26.2569,61.2473],[26.2337,61.242],[26.2119,61.2634],[26.1726,61.2711],[26.1479,61.2562],[26.1754,61.2181],[26.197,61.1751],[26.1843,61.1478],[26.2411,61.1017],[26.2162,61.0808],[26.1784,61.0592],[26.1753,61.0409],[26.1501,61.003],[26.0951,60.9638],[26.0253,60.9614],[26.0707,61.0039],[26.1018,61.1013],[26.0262,61.1697],[25.9608,61.1902],[25.9125,61.1835],[25.871,61.1684],[25.7875,61.2151],[25.6703,61.2727],[25.6215,61.2628],[25.6453,61.235],[25.6566,61.2059],[25.5826,61.1665],[25.5314,61.1149],[25.5639,61.0795],[25.6032,61.0548],[25.5918,61.0239],[25.5487,61.0266],[25.5182,61.0617],[25.4801,61.0877],[25.454,61.0728],[25.4054,61.0584],[25.3556,61.0756],[25.3975,61.1159],[25.459,61.1562],[25.4995,61.2289],[25.4654,61.2804],[25.4418,61.2725],[25.4308,61.25],[25.406,61.2506],[25.3936,61.2839],[25.3556,61.3146],[25.3025,61.3337],[25.2705,61.3522],[25.2546,61.3662],[25.2629,61.3882],[25.1938,61.4745],[25.1879,61.5318],[25.2326,61.546],[25.2699,61.5683],[25.3385,61.5804],[25.3981,61.5838],[25.4182,61.6259],[25.403,61.67],[25.3576,61.6972],[25.228,61.7594],[25.2093,61.7937],[25.2373,61.7962],[25.3062,61.7772],[25.3887,61.7935],[25.4436,61.8441],[25.393,61.8717],[25.3139,61.8778],[25.3175,61.902],[25.4234,61.9207],[25.5104,61.9307],[25.5062,61.9499],[25.5428,61.9892],[25.6245,62.0053],[25.6715,62.0588],[25.5855,62.1013],[25.4984,62.1112],[25.4721,62.1421],[25.5495,62.1427],[25.6679,62.1356],[25.7129,62.1617],[25.7164,62.1942],[25.7353,62.2192],[25.7607,62.2346],[25.824,62.252],[25.8812,62.2917],[25.9071,62.33],[25.9225,62.3854],[25.8971,62.4408],[25.8646,62.4429],[25.8405,62.433],[25.825,62.4483],[25.8148,62.4913],[25.7632,62.5342],[25.6896,62.5428],[25.6438,62.5891],[25.6322,62.6274],[25.7811,62.6515],[25.7949,62.7047],[25.8271,62.725],[25.8937,62.7196],[25.8877,62.7561],[25.8312,62.783],[25.8184,62.7941],[25.8566,62.825],[25.8658,62.8749],[25.9341,62.9126],[25.8703,62.9868],[25.8323,63.0135],[25.7374,63.0456],[25.6175,63.0707],[25.541,63.0301],[25.5221,62.9661],[25.4954,62.9573],[25.4363,62.9745],[25.3679,63.0068],[25.3839,63.0276],[25.4442,63.052],[25.4485,63.0979],[25.4403,63.1283],[25.5054,63.1454],[25.5888,63.2106],[25.6229,63.2158],[25.6215,63.182],[25.6812,63.1375],[25.792,63.0915],[25.8217,63.1035],[25.8368,63.1298],[25.9034,63.1107],[25.9324,63.0822],[25.9909,63.0426],[26.0836,62.9935],[26.079,62.9814],[26.0152,62.991],[26.0141,62.9719],[26.0771,62.9297],[26.2197,62.8541],[26.3641,62.7676],[26.3707,62.7255],[26.3021,62.7289],[26.2032,62.7808],[26.1032,62.8264],[26.0666,62.8192],[26.0375,62.7964],[26.0129,62.7516],[26.0068,62.7097],[25.9797,62.7062],[26.0204,62.6655],[26.0293,62.632],[25.9129,62.6479],[25.8205,62.6133],[25.8339,62.535],[25.9381,62.4623],[26.0244,62.4768],[26.0562,62.521],[26.0963,62.5188],[26.1029,62.4882],[26.0691,62.4536],[26.0838,62.4208],[26.1601,62.3883],[26.185,62.4604],[26.1781,62.5503],[26.2168,62.5722],[26.3423,62.6078],[26.359,62.6333],[26.451,62.6332],[26.469,62.7038],[26.3871,62.7893],[26.3576,62.8263],[26.3595,62.8536],[26.4466,62.7969],[26.5023,62.75],[26.5629,62.7063],[26.6904,62.6365],[26.7854,62.6087],[26.8132,62.6233],[26.8268,62.6586],[26.8219,62.6973],[26.75,62.7424],[26.6891,62.7872],[26.6707,62.8169],[26.5949,62.8718],[26.5684,62.9],[26.5897,62.9009],[26.6802,62.846],[26.7302,62.8359],[26.7434,62.8656],[26.7133,62.929],[26.7291,62.9571],[26.7615,62.959],[26.765,62.9796],[26.9167,63.0066],[26.9965,63.0308],[27.0335,63.0194],[26.9779,62.9984],[26.9312,62.9408],[26.9477,62.9156],[26.9299,62.9127],[26.8941,62.9168],[26.8887,62.8946],[26.9272,62.8587],[26.9499,62.8517],[26.9499,62.8517],[26.9499,62.8517],[26.9499,62.8517]]]}},{"type":"Feature","properties":{"name":"Lake Srednye Kuyto","scalerank":3},"geometry":{"type":"Polygon","coordinates":[[[30.3619,65.1489],[30.3975,65.1587],[30.4669,65.124],[30.6459,65.0738],[30.8035,65.1046],[30.9029,65.1218],[30.9299,65.1572],[30.9743,65.1828],[31.3456,65.1812],[31.5765,65.1374],[31.6156,65.1117],[31.6281,65.0648],[31.6607,65.0316],[31.8291,64.9598],[31.9421,64.8969],[31.9546,64.8637],[31.9055,64.8798],[31.7521,64.9346],[31.6639,64.9447],[31.5454,65.0025],[31.5097,65.0397],[31.5102,65.0666],[31.4818,65.0962],[31.3733,65.1157],[31.2456,65.1166],[31.1914,65.102],[31.1809,65.0781],[31.1295,65.0777],[31.0193,65.0922],[30.9855,65.0824],[30.9061,65.074],[30.8395,65.0431],[30.8139,64.9823],[30.7427,64.9436],[30.6611,64.9396],[30.5404,64.9315],[30.5557,64.9496],[30.6059,64.9772],[30.7209,64.9947],[30.7091,65.0209],[30.5331,65.0635],[30.4037,65.1125],[30.3619,65.1489]]]}},{"type":"Feature","properties":{"name":"Kakhovka Reservoir","scalerank":4},"geometry":{"type":"Polygon","coordinates":[[[35.3018,47.4918],[35.2694,47.4505],[35.2132,47.4499],[35.049,47.4282],[34.9605,47.4065],[34.8077,47.4631],[34.5924,47.5201],[34.4194,47.487],[34.1898,47.42],[34.1768,47.3893],[34.1834,47.3457],[34.1729,47.3246],[34.0972,47.3161],[33.9041,47.1587],[33.7182,46.9406],[33.6997,46.8987],[33.6873,46.8606],[33.5594,46.8222],[33.5398,46.8312],[33.5759,46.8826],[33.6298,47.034],[33.6554,47.0503],[33.6668,47.042],[33.7047,47.0608],[33.7613,47.119],[33.7771,47.1625],[33.8348,47.2123],[33.9335,47.2824],[33.9628,47.3312],[33.9646,47.3589],[33.9473,47.4514],[33.9361,47.5415],[33.984,47.5557],[34.067,47.5583],[34.1479,47.5423],[34.2107,47.5362],[34.2403,47.5749],[34.2662,47.5899],[34.3158,47.5668],[34.3803,47.5575],[34.4363,47.5689],[34.4866,47.593],[34.7307,47.5775],[34.9971,47.5876],[35.0878,47.6755],[35.0856,47.8243],[35.1057,47.8416],[35.1303,47.84],[35.2424,47.6473],[35.3018,47.4918],[35.3018,47.4918],[35.3018,47.4918]]]}},{"type":"Feature","properties":{"name":null,"scalerank":1},"geometry":{"type":"Polygon","coordinates":[[[-105.0416,21.8012],[-105.0419,21.7958],[-105.0633,21.8086],[-105.0416,21.8012],[-105.0416,21.8012],[-105.0416,21.8012]]]}},{"type":"Feature","properties":{"name":"Samara Reservoir","scalerank":4},"geometry":{"type":"Polygon","coordinates":[[[48.3873,54.168],[48.378,54.2312],[48.3987,54.3367],[48.4046,54.4525],[48.4158,54.5972],[48.5515,54.6522],[48.7451,54.675],[48.8082,54.7329],[48.8315,54.8037],[48.8638,54.8708],[48.8595,55.0116],[48.9769,55.074],[49.1595,55.1631],[49.1723,55.2927],[49.1035,55.3529],[49.0477,55.4428],[49.059,55.4827],[49.1195,55.4759],[49.1889,55.3812],[49.2335,55.3379],[49.3033,55.3234],[49.358,55.3391],[49.3281,55.3789],[49.3319,55.4516],[49.329,55.5178],[49.3674,55.5444],[49.3677,55.5243],[49.3713,55.4648],[49.4549,55.4036],[49.5828,55.3902],[49.7883,55.3835],[49.9999,55.415],[50.0896,55.4628],[50.2248,55.4384],[50.3791,55.4305],[50.4814,55.46],[50.6752,55.4506],[50.8339,55.4795],[51.1258,55.5011],[51.255,55.5262],[51.3311,55.4989],[51.3534,55.4956],[51.4139,55.4944],[51.4691,55.5113],[51.4666,55.5898],[51.398,55.6849],[51.4137,55.7745],[51.4481,55.8123],[51.4803,55.8327],[51.4716,55.795],[51.4608,55.701],[51.5215,55.6323],[51.635,55.6459],[51.7635,55.7205],[51.8747,55.7036],[51.9365,55.6991],[51.8858,55.6709],[51.7996,55.6839],[51.7484,55.6753],[51.7277,55.643],[51.7145,55.5928],[51.615,55.5654],[51.5502,55.5584],[51.5237,55.503],[51.4104,55.441],[51.2059,55.4887],[51.1742,55.4635],[51.1984,55.4412],[51.2188,55.4001],[51.1843,55.3574],[51.1298,55.393],[51.0711,55.415],[50.8771,55.4521],[50.7636,55.4289],[50.7345,55.4071],[49.892,55.2937],[49.8107,55.2437],[49.6925,55.1907],[49.5232,55.1339],[49.4607,55.1141],[49.4521,55.0736],[49.4455,55.0516],[49.3961,55.0161],[49.3197,55.0138],[49.2244,55.0233],[49.1364,54.9979],[49.0085,54.9701],[48.9398,54.9017],[48.9693,54.8281],[49.0303,54.8087],[49.0979,54.8005],[49.0807,54.7757],[48.9863,54.7276],[48.9761,54.6669],[48.9731,54.6412],[48.9426,54.6166],[48.8955,54.5815],[48.9088,54.5496],[48.895,54.528],[48.863,54.501],[48.8641,54.4623],[48.7865,54.4474],[48.6313,54.435],[48.5296,54.3942],[48.4994,54.3344],[48.5494,54.2405],[48.659,54.1709],[48.7559,54.1503],[48.798,54.1308],[48.8089,54.0987],[48.8477,54.0454],[49.0203,54.0152],[49.2752,54.0707],[49.3953,54.1198],[49.5633,54.1794],[49.7273,54.2251],[49.7422,54.1907],[49.6664,54.1594],[49.5368,54.1267],[49.4412,54.0377],[49.3088,53.973],[49.2179,53.9344],[49.2191,53.878],[49.2697,53.818],[49.3202,53.7913],[49.3507,53.7702],[49.3718,53.7305],[49.3689,53.6948],[49.3445,53.6982],[49.3104,53.7223],[49.2793,53.7281],[49.1898,53.8074],[49.1268,53.8248],[49.0911,53.7939],[49.0719,53.7133],[49.063,53.6066],[49.0867,53.534],[49.2467,53.5021],[49.5608,53.4988],[49.8816,53.4856],[49.9048,53.4567],[49.8519,53.426],[49.4947,53.436],[49.3161,53.4022],[49.2577,53.3521],[49.2299,53.2842],[49.0941,53.2696],[48.8008,53.2806],[48.7594,53.3238],[48.9248,53.309],[49.1365,53.3089],[49.2059,53.3375],[49.205,53.3676],[49.1064,53.405],[48.9919,53.4398],[49.0088,53.4597],[48.9559,53.5354],[48.8654,53.6477],[48.8768,53.7543],[48.9031,53.8275],[48.8828,53.8659],[48.8134,53.9387],[48.6612,54.0379],[48.5668,54.0975],[48.4681,54.1244],[48.3873,54.168],[48.3873,54.168],[48.3873,54.168]]]}},{"type":"Feature","properties":{"name":"Lake Mead","scalerank":4},"geometry":{"type":"Polygon","coordinates":[[[-113.6357,35.8309],[-113.6704,35.8427],[-113.726,35.9216],[-113.7945,36.0095],[-113.8946,36.0793],[-113.9523,36.1298],[-113.9886,36.1647],[-114.039,36.1635],[-114.1104,36.032],[-114.2084,36.0057],[-114.294,36.0299],[-114.3211,36.0765],[-114.3727,36.1001],[-114.4063,36.0907],[-114.4509,36.0793],[-114.5039,36.1062],[-114.6404,36.106],[-114.7142,36.0237],[-114.7414,36.0135],[-114.7686,36.0199],[-114.8119,36.0746],[-114.8162,36.1215],[-114.6534,36.1542],[-114.512,36.1939],[-114.4315,36.2372],[-114.413,36.3483],[-114.3868,36.4827],[-114.3637,36.5145],[-114.3364,36.5192],[-114.3346,36.4438],[-114.3587,36.3346],[-114.3703,36.2092],[-114.2951,36.1104],[-114.2259,36.0497],[-114.1593,36.0768],[-114.0972,36.1516],[-114.0299,36.2447],[-113.9963,36.2437],[-113.9239,36.1764],[-113.8579,36.1156],[-113.7775,36.0481],[-113.6988,35.9578],[-113.6329,35.8595],[-113.6357,35.8309],[-113.6357,35.8309],[-113.6357,35.8309]]]}},{"type":"Feature","properties":{"name":"Lake Powell","scalerank":4},"geometry":{"type":"Polygon","coordinates":[[[-110.3676,37.8979],[-110.3664,37.8711],[-110.4059,37.8102],[-110.4334,37.7111],[-110.5609,37.5824],[-110.6735,37.4502],[-110.6966,37.393],[-110.7757,37.3103],[-110.8356,37.2246],[-110.7922,37.1932],[-110.6499,37.2083],[-110.6762,37.175],[-110.7918,37.17],[-110.9956,37.1143],[-111.1121,37.0763],[-111.1885,37.0229],[-111.307,37.0157],[-111.3818,36.977],[-111.4555,36.9185],[-111.4734,36.9321],[-111.5301,37.0292],[-111.4386,37.059],[-111.3856,37.0546],[-111.3392,37.0622],[-111.3041,37.0992],[-111.2559,37.1463],[-111.2108,37.1187],[-111.1831,37.1357],[-111.1633,37.1649],[-111.0726,37.1385],[-110.9626,37.1508],[-110.8871,37.2636],[-110.8584,37.3347],[-110.7989,37.352],[-110.7362,37.4307],[-110.7554,37.5257],[-110.7335,37.5352],[-110.6814,37.5309],[-110.5962,37.5923],[-110.5549,37.6309],[-110.5153,37.6726],[-110.4471,37.7686],[-110.4352,37.8714],[-110.4038,37.9062],[-110.3676,37.8979],[-110.3676,37.8979],[-110.3676,37.8979]]]}},{"type":"Feature","properties":{"name":"Southern Indian Lake","scalerank":1},"geometry":{"type":"Polygon","coordinates":[[[-98.2946,57.4932],[-98.2946,57.4932],[-98.2946,57.4932],[-98.2946,57.4932],[-98.2011,57.4055],[-98.0979,57.3916],[-98.0243,57.3987],[-97.9949,57.3872],[-98.0276,57.3624],[-98.1087,57.3171],[-98.1897,57.2153],[-98.2258,57.1361],[-98.2502,57.1119],[-98.3918,57.0942],[-98.5612,57.0608],[-98.6852,56.9785],[-98.7789,56.887],[-98.8546,56.8408],[-98.9392,56.8408],[-99.0021,56.8625],[-99.068,56.8461],[-99.2182,56.7357],[-99.3415,56.7335],[-99.4704,56.733],[-99.5527,56.7108],[-99.544,56.6833],[-99.5485,56.6539],[-99.5709,56.6414],[-99.6427,56.681],[-99.6861,56.7304],[-99.6633,56.7534],[-99.546,56.7759],[-99.4072,56.9027],[-99.3783,56.9598],[-99.3285,56.9876],[-99.2258,56.9514],[-99.1555,56.9558],[-99.1245,57.0046],[-99.0689,57.0492],[-99.0146,57.0847],[-99.0105,57.0503],[-99.0368,56.9745],[-99.0064,56.9269],[-98.9046,56.9248],[-98.8733,56.9461],[-98.88,57.0039],[-98.8574,57.0597],[-98.7747,57.0726],[-98.6953,57.1172],[-98.6615,57.1804],[-98.651,57.2189],[-98.6681,57.2618],[-98.6321,57.2757],[-98.5418,57.2749],[-98.5083,57.2993],[-98.5177,57.3505],[-98.5366,57.4564],[-98.5932,57.5288],[-98.5959,57.5854],[-98.5559,57.611],[-98.5396,57.596],[-98.5443,57.5663],[-98.5277,57.543],[-98.4717,57.5488],[-98.3974,57.5891],[-98.2935,57.6378],[-98.206,57.6535],[-98.2075,57.6249],[-98.224,57.5802],[-98.2711,57.5301],[-98.2946,57.4932]]]}},{"type":"Feature","properties":{"name":"Represa de Sobradinho","scalerank":4},"geometry":{"type":"Polygon","coordinates":[[[-40.9201,-9.2572],[-40.9201,-9.2572],[-40.9201,-9.2572],[-40.8179,-9.4062],[-40.8182,-9.4383],[-40.8404,-9.4552],[-41.097,-9.5004],[-41.1376,-9.5769],[-41.1468,-9.6638],[-41.1875,-9.7024],[-41.2663,-9.7104],[-41.3496,-9.7358],[-41.4637,-9.7936],[-41.5414,-9.8007],[-41.5615,-9.7893],[-41.6492,-9.8189],[-41.8183,-9.8201],[-41.8665,-9.7698],[-41.9352,-9.7869],[-41.9992,-9.8329],[-42.075,-9.8878],[-42.1711,-10.0243],[-42.1666,-10.0811],[-42.0712,-10.1152],[-41.986,-10.1523],[-41.9164,-10.2366],[-41.874,-10.3002],[-41.9175,-10.2904],[-41.9378,-10.2534],[-41.9949,-10.1957],[-42.1189,-10.151],[-42.201,-10.1445],[-42.243,-10.1137],[-42.2777,-10.1068],[-42.3353,-10.0982],[-42.3632,-10.1922],[-42.2517,-10.4624],[-42.1569,-10.6685],[-42.1955,-10.746],[-42.24,-10.8958],[-42.2693,-10.9311],[-42.3004,-10.9491],[-42.3362,-11.0008],[-42.3514,-10.9985],[-42.2947,-10.8396],[-42.2368,-10.6604],[-42.2592,-10.5484],[-42.317,-10.4954],[-42.3695,-10.4266],[-42.4149,-10.4146],[-42.4816,-10.4666],[-42.5379,-10.5496],[-42.6112,-10.6753],[-42.7253,-10.8422],[-42.7339,-10.875],[-42.7403,-11.0436],[-42.7636,-11.1423],[-42.8118,-11.1871],[-42.8254,-11.251],[-42.863,-11.2486],[-42.9021,-11.2574],[-42.9337,-11.2438],[-42.9779,-11.1738],[-43.017,-11.1384],[-43.0723,-11.1087],[-43.15,-11.143],[-43.1603,-11.1149],[-43.1069,-10.9955],[-43.087,-10.9403],[-43.0515,-10.9163],[-42.9677,-10.8318],[-42.8931,-10.7735],[-42.9243,-10.7131],[-42.9473,-10.6902],[-42.9936,-10.6641],[-42.9915,-10.6231],[-42.9546,-10.5943],[-42.9044,-10.6507],[-42.8389,-10.7411],[-42.7799,-10.7439],[-42.7454,-10.7063],[-42.7481,-10.6148],[-42.7905,-10.5611],[-42.8515,-10.4979],[-42.8482,-10.462],[-42.816,-10.4625],[-42.7331,-10.517],[-42.6678,-10.5378],[-42.6264,-10.5086],[-42.6139,-10.4796],[-42.679,-10.398],[-42.6854,-10.3544],[-42.6726,-10.2882],[-42.6425,-10.3009],[-42.5582,-10.3517],[-42.4969,-10.3313],[-42.4936,-10.2668],[-42.5296,-10.2125],[-42.5959,-10.0928],[-42.7905,-9.9983],[-42.8156,-9.9617],[-42.7913,-9.9451],[-42.7529,-9.9564],[-42.7344,-9.9155],[-42.7102,-9.9543],[-42.6913,-9.9675],[-42.6753,-9.9549],[-42.6394,-9.9728],[-42.606,-9.999],[-42.5935,-10.031],[-42.5671,-10.0709],[-42.5467,-10.0784],[-42.5084,-10.0687],[-42.4815,-10.0442],[-42.5194,-9.9833],[-42.5098,-9.9483],[-42.4723,-9.9594],[-42.4191,-9.995],[-42.3605,-9.9847],[-42.341,-9.9485],[-42.3333,-9.9058],[-42.3034,-9.8722],[-42.2875,-9.8345],[-42.305,-9.7719],[-42.3543,-9.708],[-42.3177,-9.6959],[-42.221,-9.6963],[-42.1952,-9.6135],[-42.1405,-9.6068],[-42.0902,-9.5918],[-42.077,-9.5455],[-42.0482,-9.5114],[-41.9984,-9.5166],[-41.9786,-9.5729],[-41.9236,-9.618],[-41.7403,-9.5647],[-41.5919,-9.591],[-41.5035,-9.5856],[-41.4573,-9.5963],[-41.4461,-9.5906],[-41.3654,-9.622],[-41.3276,-9.6082],[-41.3045,-9.5912],[-41.2639,-9.5938],[-41.2237,-9.511],[-41.2243,-9.4324],[-41.264,-9.3618],[-41.2448,-9.3461],[-41.1856,-9.366],[-41.175,-9.3517],[-41.1912,-9.3088],[-41.1844,-9.2834],[-41.1318,-9.2908],[-41.0643,-9.2823],[-41.0425,-9.2421],[-41.0293,-9.1939],[-41.0474,-9.1487],[-41.0406,-9.1253],[-41.0375,-9.058],[-41.0273,-9.0044],[-40.9758,-9.0176],[-40.9586,-9.038],[-40.9347,-9.0568],[-40.9525,-9.1736],[-40.9201,-9.2572]],[[-42.8025,-10.9609],[-42.8025,-10.9609],[-42.8025,-10.9609],[-42.8489,-10.9354],[-42.8394,-10.905],[-42.8041,-10.8697],[-42.7722,-10.8426],[-42.7833,-10.8313],[-42.8474,-10.8458],[-42.8905,-10.9019],[-42.9914,-10.9435],[-42.9962,-10.9609],[-42.8985,-10.945],[-42.8794,-10.9754],[-42.9178,-11.0378],[-42.9306,-11.0794],[-42.9098,-11.1114],[-42.8794,-11.1482],[-42.8489,-11.1434],[-42.8074,-11.0826],[-42.8025,-10.9609]]]}},{"type":"Feature","properties":{"name":"Danau Toba","scalerank":5},"geometry":{"type":"Polygon","coordinates":[[[99.143,2.412],[99.1435,2.3966],[99.0931,2.3703],[98.999,2.3488],[98.908,2.3444],[98.8463,2.3525],[98.818,2.3803],[98.7539,2.4675],[98.6889,2.5551],[98.7109,2.577],[98.7843,2.5146],[98.8847,2.4758],[98.9268,2.4825],[98.9488,2.5044],[98.919,2.5582],[98.8262,2.6711],[98.76,2.7294],[98.7228,2.7237],[98.6896,2.6876],[98.6621,2.6438],[98.6405,2.6503],[98.5812,2.7324],[98.5262,2.8241],[98.5305,2.8586],[98.5719,2.8764],[98.6402,2.8727],[98.7074,2.8538],[98.7918,2.7992],[98.8701,2.7307],[98.9184,2.6646],[98.9791,2.5753],[99.0415,2.4825],[99.1021,2.437],[99.143,2.412],[99.143,2.412],[99.143,2.412],[99.143,2.412]]]}},{"type":"Feature","properties":{"name":null,"scalerank":1},"geometry":{"type":"Polygon","coordinates":[[[26.5702,61.6231],[26.5672,61.6162],[26.5449,61.6093],[26.4732,61.6116],[26.3463,61.6552],[26.2404,61.7178],[26.1827,61.7297],[26.1213,61.7162],[26.0767,61.704],[26.0725,61.679],[26.0853,61.6573],[26.1033,61.648],[26.123,61.6572],[26.1436,61.669],[26.1668,61.6529],[26.1832,61.6293],[26.1725,61.6004],[26.1581,61.5649],[26.1482,61.5458],[26.1137,61.5416],[26.0592,61.5547],[26.0066,61.5896],[25.9584,61.6187],[25.9,61.647],[25.8914,61.6754],[25.9309,61.6915],[25.9547,61.7166],[25.966,61.7433],[25.9527,61.7668],[25.9355,61.7857],[25.9439,61.796],[26.0323,61.7722],[26.1265,61.7675],[26.1764,61.7981],[26.2194,61.8412],[26.2374,61.841],[26.2461,61.8224],[26.2652,61.7847],[26.2784,61.7506],[26.2791,61.7328],[26.2946,61.7161],[26.3287,61.7138],[26.3543,61.7148],[26.4063,61.7168],[26.438,61.7349],[26.466,61.7354],[26.507,61.7182],[26.5435,61.6875],[26.5634,61.6482],[26.5702,61.6231],[26.5702,61.6231],[26.5702,61.6231],[26.5702,61.6231]]]}},{"type":"Feature","properties":{"name":"Lake Pukaki","scalerank":5},"geometry":{"type":"Polygon","coordinates":[[[170.2477,-44.1174],[170.2298,-44.1728],[170.2041,-44.1711],[170.1777,-44.1695],[170.1781,-44.0646],[170.1527,-43.9136],[170.1308,-43.8093],[170.136,-43.7656],[170.1522,-43.7457],[170.1758,-43.7228],[170.1983,-43.7045],[170.2103,-43.7142],[170.2,-43.7823],[170.1842,-43.8309],[170.2135,-43.9682],[170.2428,-44.0751],[170.2477,-44.1174],[170.2477,-44.1174],[170.2477,-44.1174]]]}},{"type":"Feature","properties":{"name":"Lake Ohau","scalerank":1},"geometry":{"type":"Polygon","coordinates":[[[169.9953,-44.2867],[169.9448,-44.2949],[169.8928,-44.277],[169.8751,-44.2484],[169.8649,-44.2236],[169.87,-44.1813],[169.8738,-44.0865],[169.8603,-43.9872],[169.8808,-43.9731],[169.8851,-43.998],[169.8905,-44.0392],[169.9123,-44.0507],[169.9477,-44.0077],[169.9796,-43.9739],[169.9823,-44.0165],[169.9253,-44.0914],[169.9134,-44.1722],[169.9215,-44.2208],[169.9467,-44.2554],[169.9622,-44.2689],[169.9953,-44.2867],[169.9953,-44.2867],[169.9953,-44.2867]]]}},{"type":"Feature","properties":{"name":"Lake Abitibi","scalerank":5},"geometry":{"type":"Polygon","coordinates":[[[-80.1802,48.8121],[-80.1532,48.8347],[-80.1234,48.877],[-80.1055,48.9127],[-80.0552,48.9193],[-79.9521,48.9347],[-79.8891,48.9242],[-79.8647,48.8903],[-79.8363,48.8747],[-79.8357,48.8529],[-79.8573,48.8067],[-79.8546,48.7646],[-79.8324,48.7298],[-79.7696,48.7169],[-79.7008,48.723],[-79.6539,48.7386],[-79.6172,48.7701],[-79.5764,48.7972],[-79.4989,48.7609],[-79.4126,48.7146],[-79.3236,48.7047],[-79.2592,48.6896],[-79.248,48.6655],[-79.2565,48.5988],[-79.2429,48.5442],[-79.2327,48.5032],[-79.2263,48.4722],[-79.2469,48.4561],[-79.2829,48.449],[-79.3132,48.4525],[-79.3109,48.4748],[-79.3122,48.4975],[-79.3113,48.5318],[-79.295,48.5776],[-79.2972,48.6083],[-79.3193,48.6311],[-79.3729,48.6447],[-79.4387,48.6482],[-79.4777,48.6417],[-79.4834,48.6296],[-79.4854,48.6183],[-79.5105,48.6129],[-79.6021,48.6205],[-79.7006,48.641],[-79.7533,48.6437],[-79.8042,48.632],[-79.8673,48.6334],[-79.9161,48.6586],[-79.972,48.6986],[-79.9809,48.7167],[-80.0,48.7343],[-80.0174,48.7483],[-80.0604,48.7831],[-80.0913,48.7746],[-80.1483,48.7895],[-80.1802,48.8121],[-80.1802,48.8121],[-80.1802,48.8121],[-80.1802,48.8121]]]}},{"type":"Feature","properties":{"name":"Fort Peck Lake","scalerank":1},"geometry":{"type":"Polygon","coordinates":[[[-106.2172,47.5854],[-106.2513,47.55],[-106.2686,47.5481],[-106.2516,47.5996],[-106.2513,47.644],[-106.2854,47.6974],[-106.3179,47.7551],[-106.3359,47.7849],[-106.3602,47.8131],[-106.3844,47.8479],[-106.4198,47.8758],[-106.454,47.8792],[-106.4801,47.8583],[-106.5205,47.8278],[-106.5502,47.785],[-106.5558,47.7495],[-106.5993,47.7525],[-106.6835,47.7385],[-106.7677,47.7243],[-106.8133,47.7155],[-106.8378,47.6936],[-106.8497,47.6494],[-106.8625,47.6313],[-106.879,47.6488],[-106.9057,47.6718],[-106.944,47.6667],[-106.9927,47.6439],[-107.0154,47.6449],[-107.0296,47.6657],[-107.1826,47.6845],[-107.3062,47.685],[-107.3327,47.6846],[-107.3858,47.6536],[-107.4289,47.6346],[-107.5072,47.6243],[-107.6122,47.6234],[-107.7189,47.5631],[-107.8461,47.4678],[-107.9114,47.3904],[-107.9238,47.407],[-107.9091,47.4711],[-107.9161,47.5089],[-107.9299,47.5425],[-107.9488,47.558],[-107.9824,47.5692],[-108.0444,47.5804],[-108.1701,47.5838],[-108.1963,47.6016],[-108.1727,47.6131],[-108.0452,47.614],[-107.9594,47.6014],[-107.931,47.5876],[-107.8894,47.5377],[-107.8412,47.5261],[-107.7788,47.5695],[-107.7121,47.6132],[-107.685,47.6462],[-107.6879,47.6714],[-107.7138,47.6876],[-107.6046,47.6761],[-107.4551,47.6624],[-107.4218,47.68],[-107.3802,47.7158],[-107.3358,47.728],[-107.2945,47.7215],[-107.2309,47.7241],[-107.1207,47.725],[-106.9898,47.7164],[-106.9295,47.725],[-106.9382,47.7463],[-106.9331,47.7639],[-106.8805,47.7779],[-106.821,47.7831],[-106.7692,47.7883],[-106.7376,47.8056],[-106.7088,47.8221],[-106.6548,47.8409],[-106.5962,47.8595],[-106.5822,47.8788],[-106.5658,47.9075],[-106.5745,47.9363],[-106.5899,47.9582],[-106.5379,47.9829],[-106.4328,48.0271],[-106.4058,48.0208],[-106.3664,48.0147],[-106.3252,47.9851],[-106.3312,47.9496],[-106.3579,47.9252],[-106.3447,47.8788],[-106.2849,47.8373],[-106.2533,47.8147],[-106.2673,47.7935],[-106.2529,47.7693],[-106.241,47.739],[-106.2319,47.691],[-106.2167,47.6284],[-106.2172,47.5854],[-106.2172,47.5854],[-106.2172,47.5854],[-106.2172,47.5854]]]}},{"type":"Feature","properties":{"name":"Lake Oahe","scalerank":5},"geometry":{"type":"Polygon","coordinates":[[[-100.2888,45.017],[-100.3406,45.0063],[-100.3703,44.9883],[-100.3818,44.9511],[-100.3918,44.8957],[-100.4271,44.8471],[-100.4761,44.794],[-100.5325,44.7625],[-100.5732,44.7527],[-100.6253,44.767],[-100.6358,44.7501],[-100.6143,44.6686],[-100.5954,44.601],[-100.5595,44.584],[-100.5156,44.5926],[-100.4876,44.5735],[-100.504,44.5222],[-100.4772,44.4987],[-100.4184,44.4922],[-100.3974,44.4702],[-100.3876,44.4509],[-100.3937,44.4344],[-100.4116,44.4187],[-100.4781,44.4431],[-100.567,44.446],[-100.6098,44.4705],[-100.6374,44.503],[-100.6198,44.5313],[-100.6333,44.5749],[-100.6714,44.6271],[-100.6763,44.6765],[-100.6818,44.7142],[-100.7242,44.7319],[-100.7735,44.7467],[-100.8032,44.7615],[-100.8479,44.7637],[-100.9455,44.7474],[-101.0723,44.7324],[-101.1627,44.7251],[-101.1882,44.727],[-101.1582,44.7466],[-101.0715,44.764],[-100.9952,44.777],[-100.9759,44.7982],[-100.9595,44.8176],[-100.9084,44.8197],[-100.8614,44.8306],[-100.8055,44.8343],[-100.7668,44.8503],[-100.7779,44.8822],[-100.7372,44.8834],[-100.6698,44.8672],[-100.6036,44.8279],[-100.5588,44.8105],[-100.5399,44.8387],[-100.5005,44.8703],[-100.4571,44.8717],[-100.4414,44.8974],[-100.4434,44.9388],[-100.4468,44.9993],[-100.4008,45.0517],[-100.3469,45.1015],[-100.3346,45.1571],[-100.3227,45.2153],[-100.3167,45.2597],[-100.3452,45.3046],[-100.407,45.3482],[-100.543,45.3531],[-100.6122,45.3549],[-100.5282,45.377],[-100.3997,45.3828],[-100.3438,45.3901],[-100.3546,45.4224],[-100.3777,45.4472],[-100.434,45.5038],[-100.5434,45.5828],[-100.627,45.6475],[-100.6373,45.6623],[-100.6057,45.6644],[-100.531,45.6365],[-100.4479,45.6445],[-100.4002,45.6871],[-100.3901,45.7101],[-100.3976,45.7465],[-100.4141,45.8077],[-100.4776,45.8896],[-100.5794,46.0078],[-100.6594,46.1196],[-100.6679,46.1617],[-100.6406,46.2228],[-100.6117,46.25],[-100.5935,46.3137],[-100.5942,46.3916],[-100.6056,46.4885],[-100.6208,46.537],[-100.634,46.5799],[-100.7132,46.6408],[-100.7671,46.6726],[-100.7862,46.6957],[-100.7771,46.7138],[-100.7143,46.7053],[-100.6665,46.6693],[-100.5851,46.6172],[-100.5639,46.5594],[-100.5431,46.4849],[-100.5274,46.3865],[-100.5515,46.2794],[-100.5741,46.1874],[-100.5571,46.1401],[-100.5588,46.0962],[-100.5348,46.059],[-100.4926,45.9879],[-100.4319,45.923],[-100.3769,45.8954],[-100.3504,45.854],[-100.3416,45.7672],[-100.3446,45.6852],[-100.3538,45.6448],[-100.3976,45.6184],[-100.4083,45.5638],[-100.3761,45.524],[-100.3069,45.4691],[-100.2811,45.4269],[-100.2793,45.3687],[-100.271,45.2961],[-100.2553,45.2418],[-100.2729,45.1602],[-100.286,45.0877],[-100.2646,45.0708],[-100.2622,45.0443],[-100.2888,45.017],[-100.2888,45.017],[-100.2888,45.017],[-100.2888,45.017]]]}},{"type":"Feature","properties":{"name":"Teslin Lake","scalerank":1},"geometry":{"type":"Polygon","coordinates":[[[-132.0954,59.6071],[-132.1248,59.6038],[-132.1591,59.6255],[-132.2135,59.6883],[-132.3161,59.8349],[-132.3992,59.9218],[-132.6101,60.05],[-132.8342,60.135],[-132.9579,60.2007],[-133.012,60.2509],[-133.1873,60.3818],[-133.2448,60.4485],[-133.1378,60.4274],[-132.9798,60.2974],[-132.7978,60.1923],[-132.7018,60.1534],[-132.5893,60.1226],[-132.5217,60.0982],[-132.461,60.0545],[-132.3636,59.9859],[-132.3232,59.9508],[-132.2766,59.9015],[-132.23,59.8487],[-132.2253,59.838],[-132.2145,59.8156],[-132.2023,59.7699],[-132.1232,59.694],[-132.0889,59.6437],[-132.0954,59.6071],[-132.0954,59.6071],[-132.0954,59.6071]]]}},{"type":"Feature","properties":{"name":"Lower Arrow Lake","scalerank":5},"geometry":{"type":"Polygon","coordinates":[[[-117.9071,49.3416],[-117.9568,49.3357],[-118.0626,49.4118],[-118.0959,49.4505],[-118.1395,49.5213],[-118.1557,49.6014],[-118.1376,49.7031],[-118.1279,49.7517],[-118.0925,49.8015],[-118.0841,49.774],[-118.1087,49.5832],[-118.0875,49.5151],[-118.0478,49.4567],[-117.9758,49.406],[-117.9113,49.3746],[-117.9071,49.3416],[-117.9071,49.3416],[-117.9071,49.3416]]]}},{"type":"Feature","properties":{"name":"Lake Nasser","scalerank":5},"geometry":{"type":"Polygon","coordinates":[[[32.2343,22.6739],[32.1673,22.6804],[32.1273,22.6884],[32.0955,22.683],[32.0556,22.6646],[32.0202,22.6341],[31.9863,22.5997],[31.9619,22.5729],[31.9527,22.5352],[31.9357,22.4811],[31.8975,22.4414],[31.8554,22.4147],[31.8311,22.381],[31.8257,22.3513],[31.7912,22.3581],[31.7461,22.3627],[31.7136,22.3515],[31.6938,22.334],[31.6785,22.3269],[31.6637,22.3221],[31.6452,22.3117],[31.6402,22.297],[31.6477,22.273],[31.6249,22.2423],[31.5523,22.209],[31.4865,22.1593],[31.441,22.1019],[31.4121,22.0572],[31.3906,21.9845],[31.3546,21.8805],[31.3193,21.8123],[31.2945,21.7848],[31.2565,21.7635],[31.2032,21.7088],[31.156,21.6492],[31.1235,21.6115],[31.0906,21.6092],[31.1119,21.6711],[31.1689,21.7488],[31.2361,21.8479],[31.3032,21.9316],[31.3357,22.0104],[31.3724,22.1027],[31.4497,22.2101],[31.593,22.3387],[31.6841,22.4301],[31.7043,22.4529],[31.7397,22.4699],[31.7846,22.4835],[31.7523,22.5349],[31.6791,22.6042],[31.6757,22.6258],[31.7291,22.6028],[31.7942,22.5692],[31.8242,22.5652],[31.8408,22.5834],[31.8638,22.6135],[31.8844,22.6392],[31.9112,22.6609],[31.965,22.6978],[32.0242,22.7336],[32.0611,22.7524],[32.0884,22.7635],[32.1322,22.7806],[32.1672,22.7883],[32.1907,22.7795],[32.2225,22.7693],[32.2922,22.7229],[32.3374,22.691],[32.4129,22.6945],[32.5006,22.7581],[32.5262,22.7947],[32.5422,22.8292],[32.5617,22.8992],[32.582,22.9291],[32.6139,22.9675],[32.6355,23.0042],[32.6675,23.0775],[32.7,23.1512],[32.7391,23.229],[32.788,23.2726],[32.8193,23.2776],[32.8328,23.2927],[32.8432,23.318],[32.8559,23.3424],[32.8512,23.382],[32.8529,23.4381],[32.841,23.4829],[32.7869,23.5028],[32.7434,23.5161],[32.706,23.4934],[32.6611,23.4723],[32.6218,23.4767],[32.599,23.4958],[32.6504,23.534],[32.7067,23.5704],[32.697,23.5874],[32.6757,23.5938],[32.6611,23.5803],[32.6461,23.5674],[32.6244,23.5875],[32.6549,23.6329],[32.7389,23.6241],[32.7978,23.5837],[32.8344,23.6186],[32.8539,23.6765],[32.8435,23.7076],[32.8484,23.7333],[32.8701,23.7596],[32.8733,23.7916],[32.8633,23.8287],[32.8277,23.873],[32.8229,23.9098],[32.8795,23.9877],[32.933,23.9406],[32.945,23.7912],[32.9859,23.6955],[32.9806,23.6554],[32.951,23.6429],[32.9207,23.6341],[32.9092,23.6099],[32.9109,23.584],[32.9237,23.5675],[32.9413,23.5628],[32.9512,23.5551],[32.9879,23.5297],[33.0048,23.5087],[32.9506,23.5086],[32.9219,23.4845],[32.9441,23.4297],[32.979,23.3965],[32.9899,23.3711],[32.9953,23.3372],[33.0061,23.3003],[33.0071,23.2604],[33.0074,23.237],[32.9949,23.2307],[32.9572,23.2408],[32.9213,23.2494],[32.9295,23.2043],[32.9107,23.1606],[32.8649,23.1564],[32.8526,23.1422],[32.8551,23.1174],[32.869,23.0882],[32.9066,23.0509],[32.9437,23.0037],[32.9901,22.9551],[32.9719,22.9348],[32.8586,22.9781],[32.785,23.039],[32.7436,23.0325],[32.7391,23.008],[32.7221,22.972],[32.7048,22.947],[32.6898,22.938],[32.6601,22.9218],[32.6318,22.906],[32.6184,22.8961],[32.6108,22.869],[32.6071,22.8229],[32.5863,22.783],[32.5163,22.7245],[32.4295,22.651],[32.3681,22.6042],[32.3319,22.5809],[32.3278,22.5501],[32.297,22.5313],[32.2545,22.5359],[32.2484,22.547],[32.2701,22.5642],[32.2988,22.5921],[32.2957,22.6116],[32.2785,22.6226],[32.2563,22.6416],[32.2384,22.6586],[32.2343,22.6739],[32.2343,22.6739],[32.2343,22.6739],[32.2343,22.6739]]]}},{"type":"Feature","properties":{"name":null,"scalerank":1},"geometry":{"type":"Polygon","coordinates":[[[24.6084,61.6545],[24.5575,61.6396],[24.4934,61.6141],[24.4557,61.5901],[24.5067,61.5525],[24.4693,61.528],[24.3419,61.5202],[24.2646,61.4964],[24.1942,61.4567],[24.1719,61.4231],[24.1686,61.4035],[24.1528,61.376],[24.1284,61.3438],[24.1584,61.3275],[24.2404,61.3149],[24.2793,61.2932],[24.2445,61.2887],[24.1611,61.2805],[24.0805,61.2595],[24.024,61.2468],[24.014,61.2306],[24.0407,61.2072],[24.0918,61.1851],[24.1764,61.1825],[24.2419,61.1951],[24.2955,61.187],[24.3552,61.1619],[24.3721,61.1452],[24.3541,61.1418],[24.3299,61.139],[24.3369,61.1196],[24.3957,61.0706],[24.4393,61.0312],[24.414,61.0358],[24.3521,61.0731],[24.2772,61.0927],[24.0302,61.1539],[23.8748,61.1833],[23.7813,61.2141],[23.773,61.2825],[23.8025,61.2599],[23.8448,61.2282],[23.9188,61.2105],[23.9521,61.224],[23.9808,61.2558],[24.021,61.282],[24.0354,61.3118],[24.0175,61.3691],[24.0433,61.4231],[24.1712,61.4836],[24.2541,61.5295],[24.3056,61.5527],[24.3575,61.5875],[24.3332,61.6066],[24.3095,61.6212],[24.3215,61.6327],[24.3677,61.6288],[24.422,61.6208],[24.454,61.6261],[24.4811,61.6474],[24.497,61.6678],[24.4908,61.679],[24.5241,61.6869],[24.6036,61.7025],[24.6911,61.7214],[24.7021,61.7021],[24.6736,61.6678],[24.6593,61.6561],[24.6352,61.6555],[24.6084,61.6545],[24.6084,61.6545],[24.6084,61.6545],[24.6084,61.6545]]]}},{"type":"Feature","properties":{"name":"Pyh\u00e4j\u00e4rvi","scalerank":5},"geometry":{"type":"Polygon","coordinates":[[[23.511,61.419],[23.5067,61.3908],[23.5275,61.3688],[23.5676,61.3481],[23.6465,61.3314],[23.7068,61.3173],[23.7118,61.3038],[23.7175,61.2869],[23.7245,61.2703],[23.7175,61.2616],[23.675,61.2758],[23.5723,61.2961],[23.4853,61.3313],[23.4396,61.3715],[23.3804,61.3819],[23.349,61.3896],[23.3647,61.4031],[23.4155,61.4177],[23.5087,61.4507],[23.6388,61.4907],[23.7086,61.5109],[23.6767,61.5306],[23.6384,61.5561],[23.6268,61.5893],[23.5993,61.6234],[23.5703,61.6414],[23.6029,61.6469],[23.6319,61.6517],[23.6268,61.6652],[23.6028,61.6879],[23.6206,61.7115],[23.667,61.7281],[23.6675,61.7449],[23.6798,61.7769],[23.6924,61.8098],[23.7033,61.8245],[23.7245,61.8357],[23.7082,61.8648],[23.7509,61.8772],[23.8378,61.8698],[23.8613,61.8791],[23.8594,61.8941],[23.8651,61.9111],[23.9515,61.9436],[24.0316,61.9742],[24.0246,61.9867],[24.0159,62.0003],[24.0146,62.0381],[24.0034,62.076],[23.9738,62.0902],[23.8727,62.0949],[23.7381,62.1029],[23.6812,62.1163],[23.6843,62.125],[23.6734,62.1366],[23.6491,62.1656],[23.638,62.1975],[23.6445,62.2155],[23.6752,62.2267],[23.699,62.2274],[23.6912,62.2135],[23.6831,62.1911],[23.7012,62.1636],[23.75,62.1587],[23.8104,62.1553],[23.855,62.1396],[23.885,62.1421],[23.9059,62.1541],[23.9151,62.1879],[23.9282,62.2214],[23.9679,62.2332],[23.9991,62.2319],[23.979,62.2083],[23.9529,62.1776],[23.9543,62.1598],[23.9799,62.1597],[24.0338,62.1541],[24.1218,62.1509],[24.181,62.1571],[24.1455,62.1426],[24.1227,62.1235],[24.1172,62.0922],[24.1263,62.0574],[24.1812,62.0446],[24.2201,62.0451],[24.2574,62.0803],[24.2854,62.117],[24.3008,62.1203],[24.3209,62.1148],[24.3354,62.1027],[24.3189,62.0729],[24.3044,62.0424],[24.3243,62.03],[24.3752,62.029],[24.4976,62.0272],[24.5651,62.0453],[24.5241,62.0809],[24.4586,62.0994],[24.384,62.119],[24.343,62.1456],[24.3626,62.1558],[24.4379,62.1408],[24.5327,62.1063],[24.5947,62.0902],[24.6113,62.1085],[24.5993,62.1457],[24.5824,62.1803],[24.5853,62.1968],[24.6008,62.2011],[24.6151,62.2048],[24.6133,62.2272],[24.6108,62.2511],[24.6299,62.2628],[24.6615,62.2656],[24.6735,62.2293],[24.6815,62.1936],[24.7223,62.198],[24.7284,62.1807],[24.7089,62.1337],[24.6859,62.0953],[24.6305,62.0427],[24.634,61.9859],[24.6839,61.9494],[24.7061,61.9215],[24.6776,61.9291],[24.5991,61.9647],[24.5491,61.9931],[24.4824,62.0013],[24.4168,61.9953],[24.4175,61.9874],[24.3771,61.9898],[24.2939,61.9964],[24.1808,62.0103],[24.0943,62.0202],[24.1193,61.9882],[24.105,61.9511],[24.0528,61.9275],[24.0043,61.9069],[23.962,61.8938],[23.9535,61.8802],[23.8518,61.8349],[23.7584,61.7857],[23.7758,61.7558],[23.7857,61.7288],[23.767,61.7032],[23.7429,61.6725],[23.7395,61.651],[23.8199,61.6459],[23.8337,61.6365],[23.7718,61.6181],[23.7844,61.6123],[23.798,61.5992],[23.7908,61.5603],[23.7765,61.521],[23.7305,61.4954],[23.6107,61.4603],[23.511,61.419],[23.511,61.419],[23.511,61.419],[23.511,61.419]]]}},{"type":"Feature","properties":{"name":"Lake Volta","scalerank":5},"geometry":{"type":"Polygon","coordinates":[[[0.2719,6.6745],[0.2719,6.6745],[0.2719,6.6745],[0.2987,6.7186],[0.317,6.7383],[0.3086,6.6979],[0.276,6.6483],[0.2297,6.6159],[0.192,6.6075],[0.1719,6.6146],[0.16,6.6181],[0.1521,6.6106],[0.1537,6.597],[0.1508,6.5702],[0.1467,6.5383],[0.1404,6.5053],[0.1329,6.4496],[0.1381,6.366],[0.1033,6.3382],[0.081,6.3526],[0.0733,6.4041],[0.0411,6.4052],[-0.011,6.3794],[-0.0334,6.4082],[-0.0599,6.4517],[-0.0993,6.4899],[-0.1748,6.5327],[-0.2553,6.5855],[-0.3238,6.6219],[-0.4276,6.6679],[-0.5503,6.7173],[-0.6336,6.7533],[-0.6737,6.8015],[-0.6837,6.8344],[-0.6599,6.8358],[-0.616,6.8073],[-0.5796,6.7847],[-0.5508,6.8108],[-0.5178,6.7938],[-0.4906,6.7367],[-0.4667,6.7227],[-0.4422,6.7267],[-0.4187,6.731],[-0.4093,6.7656],[-0.406,6.8165],[-0.3934,6.8281],[-0.3678,6.7727],[-0.3353,6.7162],[-0.3054,6.7172],[-0.2708,6.7225],[-0.2285,6.734],[-0.194,6.7413],[-0.1751,6.7241],[-0.1633,6.6856],[-0.1437,6.648],[-0.0965,6.6286],[-0.0569,6.63],[-0.0413,6.6769],[-0.0255,6.7203],[-0.0175,6.7327],[-0.0229,6.748],[-0.0494,6.7688],[-0.0671,6.789],[-0.0713,6.8094],[-0.0663,6.8252],[-0.0419,6.8473],[-0.0115,6.8529],[0.0123,6.8448],[0.0304,6.8497],[0.0767,6.8697],[0.1117,6.8966],[0.1037,6.9096],[0.059,6.914],[0.0416,6.9465],[0.0866,6.9739],[0.1203,6.9712],[0.1232,6.9832],[0.0989,7.0042],[0.0879,7.0228],[0.093,7.037],[0.101,7.0529],[0.0976,7.08],[0.0855,7.1212],[0.0846,7.1471],[0.0659,7.1512],[0.0451,7.1639],[0.0276,7.1763],[0.0102,7.1868],[0.0073,7.2094],[0.0146,7.2107],[0.0348,7.2002],[0.0632,7.1954],[0.0833,7.1937],[0.0987,7.1928],[0.1182,7.2032],[0.1415,7.2225],[0.153,7.2412],[0.1604,7.2518],[0.1739,7.2524],[0.1839,7.2662],[0.1839,7.2867],[0.1725,7.3039],[0.1561,7.3089],[0.1347,7.3134],[0.1021,7.3428],[0.0675,7.3928],[0.0501,7.4323],[0.0506,7.4488],[0.0474,7.4601],[0.0456,7.4775],[-0.0024,7.5003],[-0.0629,7.5076],[-0.0583,7.4656],[-0.0658,7.4443],[-0.1065,7.4581],[-0.1281,7.4715],[-0.1364,7.4956],[-0.157,7.5099],[-0.2068,7.5124],[-0.2424,7.5166],[-0.2322,7.5319],[-0.2079,7.5464],[-0.1686,7.5499],[-0.1341,7.5534],[-0.1049,7.5512],[-0.0714,7.5487],[-0.0269,7.5459],[0.0118,7.5426],[-0.0178,7.5919],[-0.0638,7.6414],[-0.11,7.6446],[-0.182,7.6466],[-0.2423,7.6386],[-0.3358,7.6176],[-0.4318,7.5937],[-0.4746,7.5891],[-0.498,7.5966],[-0.5312,7.5762],[-0.6033,7.5536],[-0.6537,7.5513],[-0.6113,7.567],[-0.5435,7.5999],[-0.4827,7.6246],[-0.4215,7.6488],[-0.3566,7.6644],[-0.2944,7.6672],[-0.262,7.6842],[-0.2557,7.706],[-0.2538,7.7201],[-0.2104,7.7141],[-0.1615,7.7214],[-0.1255,7.7401],[-0.0977,7.7464],[-0.1003,7.7555],[-0.134,7.7671],[-0.1573,7.7786],[-0.1594,7.7944],[-0.1521,7.8133],[-0.1524,7.8409],[-0.1698,7.8896],[-0.1861,7.927],[-0.1924,7.9552],[-0.2238,7.9771],[-0.2847,8.0152],[-0.3152,8.04],[-0.3438,8.0381],[-0.3505,8.002],[-0.3845,7.9798],[-0.4168,7.9723],[-0.3944,7.9999],[-0.3794,8.0481],[-0.4154,8.0788],[-0.4458,8.0911],[-0.4982,8.0569],[-0.5266,8.0624],[-0.5257,8.1279],[-0.5429,8.1536],[-0.5614,8.1341],[-0.5909,8.1003],[-0.6244,8.0849],[-0.6428,8.0868],[-0.6429,8.1062],[-0.6929,8.1096],[-0.7556,8.102],[-0.7605,8.1182],[-0.7478,8.1345],[-0.721,8.1346],[-0.6554,8.1421],[-0.6038,8.1586],[-0.6,8.1729],[-0.6214,8.1911],[-0.6756,8.2387],[-0.7243,8.2803],[-0.7535,8.2969],[-0.7951,8.3155],[-0.8014,8.3344],[-0.7836,8.3657],[-0.8378,8.4473],[-0.9122,8.5551],[-0.9646,8.6038],[-0.9989,8.6304],[-1.0408,8.6456],[-1.0865,8.6399],[-1.1284,8.6323],[-1.1409,8.5946],[-1.1528,8.5513],[-1.1801,8.6036],[-1.2189,8.6583],[-1.2538,8.6676],[-1.3039,8.6966],[-1.3513,8.7237],[-1.4046,8.739],[-1.4427,8.7313],[-1.4884,8.6971],[-1.5449,8.6636],[-1.6045,8.6438],[-1.6636,8.6285],[-1.715,8.6304],[-1.6634,8.6732],[-1.5912,8.6952],[-1.5188,8.7313],[-1.4662,8.761],[-1.412,8.7808],[-1.3765,8.8046],[-1.3555,8.7923],[-1.2941,8.7504],[-1.2693,8.7256],[-1.1261,8.7047],[-1.0618,8.7218],[-1.0675,8.7504],[-1.0961,8.7837],[-1.1337,8.813],[-1.1452,8.8736],[-1.1744,8.9446],[-1.1787,8.9791],[-1.1779,9.0265],[-1.1741,9.0742],[-1.1517,9.1166],[-1.1303,9.0761],[-1.1265,9.0284],[-1.1248,8.9808],[-1.1208,8.9294],[-1.1056,8.897],[-1.0753,8.853],[-1.0445,8.8431],[-1.0256,8.8438],[-0.9965,8.7753],[-0.9312,8.6531],[-0.8734,8.5855],[-0.8426,8.579],[-0.8166,8.5995],[-0.8176,8.6505],[-0.8234,8.7069],[-0.8089,8.7431],[-0.7908,8.7614],[-0.7823,8.7561],[-0.7954,8.721],[-0.8061,8.6887],[-0.7697,8.6556],[-0.7224,8.6385],[-0.7054,8.6431],[-0.7068,8.6249],[-0.757,8.5775],[-0.8046,8.5199],[-0.797,8.4971],[-0.7818,8.4686],[-0.7211,8.4021],[-0.66,8.3566],[-0.6266,8.3292],[-0.5943,8.2884],[-0.5657,8.2748],[-0.5544,8.2508],[-0.5266,8.2324],[-0.4847,8.2095],[-0.4485,8.2095],[-0.3936,8.2215],[-0.3551,8.2427],[-0.3179,8.244],[-0.2855,8.2531],[-0.2454,8.2451],[-0.202,8.2131],[-0.1925,8.1862],[-0.2566,8.1849],[-0.3209,8.1772],[-0.3304,8.1578],[-0.3084,8.1425],[-0.2625,8.1084],[-0.1902,8.0526],[-0.1279,8.0112],[-0.1032,7.9757],[-0.0818,7.8764],[-0.0523,7.8115],[-0.024,7.7926],[0.0017,7.793],[0.019,7.7887],[0.0546,7.7922],[0.0702,7.8211],[0.0579,7.8625],[0.0562,7.8856],[0.0592,7.9197],[0.0734,7.9694],[0.0787,8.0033],[0.0616,8.0408],[0.07,8.081],[0.099,8.093],[0.1293,8.0864],[0.1538,8.078],[0.1703,8.0863],[0.1651,8.1152],[0.1518,8.161],[0.1233,8.21],[0.1053,8.242],[0.1367,8.2536],[0.1692,8.2891],[0.198,8.3382],[0.2174,8.3633],[0.1607,8.381],[0.092,8.4031],[0.0806,8.4291],[0.0927,8.4605],[0.0906,8.5],[0.0855,8.548],[0.1057,8.583],[0.1354,8.5976],[0.1495,8.633],[0.1601,8.7004],[0.1839,8.7417],[0.1977,8.7382],[0.1847,8.6898],[0.1684,8.6252],[0.1522,8.5924],[0.1275,8.5743],[0.1215,8.5184],[0.1129,8.4574],[0.1026,8.4338],[0.1146,8.4157],[0.1781,8.3993],[0.2421,8.3791],[0.2605,8.3552],[0.2798,8.3407],[0.2936,8.3344],[0.2841,8.3269],[0.2424,8.322],[0.2143,8.3142],[0.2171,8.296],[0.19,8.251],[0.1836,8.2056],[0.201,8.1658],[0.2311,8.1254],[0.2678,8.1062],[0.2668,8.0943],[0.2402,8.088],[0.1979,8.0793],[0.161,8.0596],[0.1455,8.0207],[0.1212,7.972],[0.1085,7.9387],[0.1239,7.9132],[0.1458,7.8942],[0.1678,7.8633],[0.2212,7.8825],[0.2575,7.905],[0.2512,7.8756],[0.2521,7.8627],[0.2478,7.8493],[0.237,7.8335],[0.2479,7.8029],[0.2775,7.7624],[0.2792,7.699],[0.281,7.6165],[0.2817,7.5754],[0.259,7.5814],[0.2404,7.5779],[0.2283,7.5564],[0.2289,7.5364],[0.2422,7.5107],[0.2498,7.4908],[0.2853,7.5146],[0.3201,7.5425],[0.3135,7.5056],[0.3019,7.4702],[0.297,7.4526],[0.2953,7.4157],[0.2872,7.3817],[0.2764,7.3531],[0.2768,7.3393],[0.2773,7.3298],[0.2925,7.3031],[0.2938,7.2779],[0.2757,7.2579],[0.2716,7.2343],[0.2794,7.2179],[0.2807,7.2006],[0.2793,7.1822],[0.2758,7.1723],[0.2714,7.1375],[0.2886,7.1063],[0.3052,7.099],[0.2998,7.0713],[0.2812,7.0474],[0.2729,7.0012],[0.2635,6.9483],[0.24,6.8963],[0.2371,6.7683],[0.2539,6.6729],[0.2719,6.6745]],[[0.1304,6.6791],[0.1304,6.6791],[0.1304,6.6791],[0.1808,6.7259],[0.1592,6.7667],[0.1147,6.7956],[0.0619,6.8076],[0.0175,6.7788],[0.0115,6.7175],[0.0487,6.6947],[0.0896,6.6586],[0.1304,6.6791]]]}},{"type":"Feature","properties":{"name":"Bratsk Reservoir","scalerank":1},"geometry":{"type":"Polygon","coordinates":[[[103.5329,53.6358],[103.5329,53.6358],[103.5329,53.6358],[103.5329,53.6358],[103.7251,53.6023],[103.7369,53.5541],[103.7426,53.4958],[103.7262,53.4844],[103.686,53.5124],[103.6094,53.5519],[103.4899,53.5628],[103.4404,53.5189],[103.4252,53.473],[103.4404,53.2227],[103.3742,53.1073],[103.3434,53.2278],[103.3429,53.5718],[103.2746,53.6774],[103.0963,53.7423],[102.868,53.7899],[102.9273,53.8196],[103.1168,53.7741],[103.2085,53.8063],[103.1187,53.9379],[103.0033,54.0677],[102.9867,54.1557],[103.0166,54.2826],[103.1064,54.415],[103.1727,54.424],[103.2177,54.4865],[103.1855,54.6266],[103.0894,54.7126],[103.0331,54.782],[103.0695,54.9209],[103.226,55.0463],[103.2821,55.1587],[103.2719,55.3018],[103.1786,55.4865],[103.1493,55.5776],[103.1391,55.6849],[103.0744,55.7892],[102.9901,55.8536],[102.9611,55.958],[102.9207,56.0627],[102.8524,56.1042],[102.7967,56.1076],[102.7168,56.1434],[102.593,56.1564],[102.5301,56.1576],[102.5061,56.1559],[102.4939,56.1266],[102.4799,56.1085],[102.4389,56.0915],[102.3934,56.0884],[102.3087,56.1104],[102.2359,56.1035],[102.1803,56.0681],[101.9859,56.0256],[102.0003,55.9609],[101.9777,55.9033],[101.9061,55.8343],[101.9131,55.783],[101.9903,55.7309],[102.0847,55.7176],[102.0936,55.6956],[102.0507,55.6628],[102.1016,55.6284],[102.3322,55.5896],[102.3858,55.5439],[102.3662,55.4848],[102.3153,55.4365],[102.3108,55.4006],[102.3266,55.3533],[102.3424,55.32],[102.39,55.3019],[102.4302,55.2853],[102.3897,55.2616],[102.3441,55.2324],[102.3202,55.1948],[102.2848,55.1432],[102.2335,55.101],[102.1857,55.0698],[102.1185,55.053],[102.1423,55.0803],[102.1844,55.1183],[102.2075,55.1465],[102.259,55.1834],[102.2735,55.2221],[102.3301,55.2709],[102.3103,55.3009],[102.284,55.3451],[102.2601,55.4094],[102.2677,55.4453],[102.3069,55.4954],[102.3002,55.5299],[102.2173,55.5141],[102.0718,55.4567],[101.7888,55.414],[101.7609,55.4364],[101.7574,55.469],[101.9792,55.5229],[101.9703,55.5625],[101.91,55.5898],[101.8059,55.6538],[101.7878,55.7721],[101.7407,55.8067],[101.5044,55.8894],[101.411,55.9235],[101.3221,55.9462],[101.2745,55.9819],[101.352,55.9871],[101.4834,55.9682],[101.6129,55.9693],[101.6331,55.9767],[101.7058,55.9727],[101.7297,56.0144],[101.7322,56.0696],[101.699,56.0947],[101.6719,56.1346],[101.7064,56.1749],[101.6973,56.2178],[101.7096,56.2636],[101.7675,56.2866],[101.8032,56.2908],[101.8674,56.2364],[101.9312,56.2423],[101.9642,56.227],[101.9219,56.1666],[101.9452,56.1245],[102.0537,56.1561],[102.2549,56.227],[102.26,56.2545],[102.4619,56.2533],[102.4735,56.3107],[102.5217,56.3495],[102.5818,56.3323],[102.5875,56.2979],[102.6262,56.2534],[102.7266,56.25],[102.7992,56.2622],[102.8226,56.235],[102.872,56.199],[102.9412,56.197],[103.0013,56.2225],[103.0233,56.2138],[103.0095,56.1435],[103.0199,56.0452],[103.0625,55.9199],[103.1431,55.8085],[103.2469,55.7136],[103.2493,55.6721],[103.2259,55.5583],[103.3341,55.3575],[103.3639,55.2186],[103.3483,55.1321],[103.3043,55.0202],[103.1851,54.8778],[103.1544,54.8012],[103.2156,54.7194],[103.2791,54.578],[103.286,54.4819],[103.3485,54.3231],[103.4245,54.2055],[103.4625,54.1601],[103.3969,54.1702],[103.3179,54.3031],[103.2613,54.3421],[103.2055,54.3107],[103.1441,54.2393],[103.1033,54.1473],[103.1604,54.0005],[103.298,53.874],[103.2996,53.8414],[103.3303,53.7785],[103.4354,53.6794],[103.5329,53.6358]]]}},{"type":"Feature","properties":{"name":"Ozero Khantayskoye","scalerank":6},"geometry":{"type":"Polygon","coordinates":[[[91.9367,68.4887],[91.9367,68.4887],[91.9367,68.4887],[91.9367,68.4887],[92.1042,68.5091],[92.2219,68.4604],[92.3308,68.4257],[92.1137,68.4079],[91.8984,68.3981],[91.5406,68.3968],[91.1054,68.3678],[90.9196,68.311],[90.5327,68.2872],[89.9351,68.2404],[89.807,68.2628],[89.7721,68.3054],[89.6674,68.3155],[89.5557,68.3102],[89.4719,68.3128],[89.3991,68.3301],[89.3128,68.3351],[89.3298,68.3514],[89.3148,68.3885],[89.523,68.3993],[90.2319,68.3692],[90.5152,68.3897],[90.6578,68.4072],[90.8688,68.4052],[91.0916,68.4427],[91.4833,68.4396],[91.9367,68.4887]]]}},{"type":"Feature","properties":{"name":"Ozero Keta","scalerank":6},"geometry":{"type":"Polygon","coordinates":[[[91.306,68.7931],[91.306,68.7931],[91.306,68.7931],[91.306,68.7931],[90.843,68.7552],[90.5439,68.71],[90.3559,68.6998],[90.0505,68.7016],[90.0061,68.7067],[89.9891,68.7266],[89.5466,68.8189],[89.5815,68.848],[89.737,68.8561],[89.9986,68.8371],[90.2227,68.7872],[90.4451,68.7578],[90.684,68.7791],[90.787,68.7987],[90.9177,68.8156],[91.1918,68.8318],[91.3352,68.8311],[91.4516,68.836],[91.7134,68.8623],[91.4841,68.7873],[91.306,68.7931]]]}},{"type":"Feature","properties":{"name":"Ozero Lama","scalerank":6},"geometry":{"type":"Polygon","coordinates":[[[89.4689,69.3782],[89.4689,69.3782],[89.4689,69.3782],[89.4689,69.3782],[89.2255,69.3493],[88.9576,69.3225],[88.8251,69.3387],[88.8452,69.3712],[89.1229,69.4253],[89.3461,69.4591],[89.5463,69.4949],[89.901,69.6031],[90.2053,69.6251],[90.5228,69.5766],[91.0804,69.488],[91.4355,69.5105],[91.5591,69.4179],[90.9879,69.459],[90.6596,69.4532],[90.4082,69.5193],[90.0988,69.539],[89.7611,69.4886],[89.5818,69.4439],[89.4689,69.3782]]]}},{"type":"Feature","properties":{"name":"Uddjaure","scalerank":6},"geometry":{"type":"Polygon","coordinates":[[[17.9673,65.8523],[17.9555,65.864],[17.9262,65.8801],[17.8822,65.8896],[17.8149,65.8659],[17.7404,65.8574],[17.6928,65.8752],[17.6907,65.9049],[17.7036,65.931],[17.7362,65.9487],[17.72,65.9788],[17.6367,66.0116],[17.5912,66.0139],[17.5769,66.0045],[17.5465,66.0115],[17.5168,66.0496],[17.4597,66.0662],[17.4008,66.0512],[17.36,66.0466],[17.3461,66.0801],[17.3951,66.1004],[17.4713,66.1126],[17.5474,66.1083],[17.5953,66.0848],[17.6723,66.0673],[17.7331,66.0834],[17.7232,66.1152],[17.6149,66.168],[17.6207,66.1934],[17.676,66.2008],[17.7766,66.1875],[17.8353,66.1551],[17.968,66.1062],[18.0095,66.0511],[17.9643,66.0483],[17.9452,65.9974],[17.9492,65.9587],[17.9481,65.9342],[17.9643,65.9123],[18.0009,65.882],[17.9673,65.8523]]]}},{"type":"Feature","properties":{"name":"Storavan","scalerank":6},"geometry":{"type":"Polygon","coordinates":[[[18.0009,65.882],[18.0309,65.8572],[18.1396,65.7777],[18.286,65.7762],[18.3699,65.7521],[18.3808,65.73],[18.4242,65.7001],[18.5086,65.6595],[18.5086,65.6595],[18.5086,65.6595],[18.5086,65.6595],[18.5086,65.6595],[18.3781,65.6475],[18.2553,65.6768],[18.1731,65.6635],[18.1511,65.644],[18.1609,65.6212],[18.1314,65.616],[18.0933,65.6289],[18.0828,65.6486],[18.071,65.7148],[18.0357,65.7737],[17.9673,65.8523],[18.0009,65.882]]]}},{"type":"Feature","properties":{"name":null,"scalerank":1},"geometry":{"type":"Polygon","coordinates":[[[15.7554,63.7577],[15.6419,63.8082],[15.5765,63.7835],[15.5419,63.76],[15.5357,63.7983],[15.5199,63.85],[15.3032,63.932],[15.2626,63.961],[15.3901,63.9262],[15.4174,63.9389],[15.419,63.9588],[15.3765,63.9973],[15.3164,64.0312],[15.3192,64.1101],[15.2398,64.1571],[15.1254,64.2453],[15.0367,64.2846],[14.3277,64.3884],[14.192,64.4466],[14.0935,64.5187],[13.9611,64.5628],[13.7098,64.6355],[13.8023,64.6598],[14.0965,64.5574],[14.1947,64.4812],[14.3557,64.4202],[14.4926,64.4172],[14.6642,64.3829],[14.8509,64.3471],[14.9398,64.3441],[14.9911,64.3358],[15.0133,64.3344],[15.0484,64.3382],[15.1114,64.3409],[15.2099,64.3218],[15.2613,64.2624],[15.3221,64.163],[15.4189,64.0754],[15.394,64.0505],[15.3954,64.0187],[15.4709,63.9667],[15.5782,63.8677],[15.7446,63.8297],[15.8237,63.7542],[15.7554,63.7577],[15.7554,63.7577],[15.7554,63.7577]]]}},{"type":"Feature","properties":{"name":null,"scalerank":1},"geometry":{"type":"Polygon","coordinates":[[[13.2898,64.7383],[13.2898,64.7383],[13.2898,64.7383],[13.2898,64.7383],[13.3989,64.7855],[13.5271,64.7268],[13.6348,64.6862],[13.5995,64.6752],[13.368,64.6929],[13.2336,64.6709],[13.1979,64.6845],[13.2898,64.7383]]]}},{"type":"Feature","properties":{"name":"Lake Habbaniyah","scalerank":6},"geometry":{"type":"Polygon","coordinates":[[[43.5953,33.3062],[43.5953,33.3062],[43.5953,33.3062],[43.5953,33.3062],[43.5664,33.2185],[43.4828,33.1904],[43.4341,33.1995],[43.4024,33.2567],[43.3043,33.3094],[43.3086,33.3487],[43.382,33.4351],[43.428,33.3895],[43.4771,33.3384],[43.5539,33.3483],[43.5953,33.3062]]]}},{"type":"Feature","properties":{"name":"Lake Skadar","scalerank":6},"geometry":{"type":"Polygon","coordinates":[[[19.2933,42.2646],[19.2933,42.2646],[19.2933,42.2646],[19.2933,42.2646],[19.3636,42.2896],[19.3917,42.2275],[19.4508,42.1566],[19.4806,42.1082],[19.4674,42.0788],[19.3944,42.0881],[19.2164,42.1585],[19.0988,42.2776],[19.1755,42.2772],[19.2933,42.2646]]]}},{"type":"Feature","properties":{"name":"Aylmer Lake","scalerank":6},"geometry":{"type":"Polygon","coordinates":[[[-107.9316,64.0364],[-108.0838,64.0449],[-108.1607,64.0378],[-108.2524,64.022],[-108.3721,63.9825],[-108.4594,63.9454],[-108.6612,63.9885],[-108.7493,64.0359],[-108.858,64.0651],[-109.1142,64.0755],[-109.3942,64.0204],[-109.5706,64.0182],[-109.639,64.0512],[-109.3625,64.0658],[-109.1539,64.1042],[-109.0288,64.1034],[-108.6336,64.1701],[-108.5983,64.1946],[-108.6007,64.2267],[-108.6234,64.2764],[-108.6022,64.3313],[-108.5412,64.3875],[-108.467,64.4135],[-108.4323,64.3977],[-108.4381,64.3136],[-108.4192,64.2666],[-108.3608,64.2775],[-108.2854,64.3168],[-108.2468,64.3157],[-108.2608,64.2767],[-108.3345,64.2095],[-108.3579,64.1813],[-108.3363,64.1556],[-108.2627,64.1418],[-108.2569,64.1602],[-108.1859,64.177],[-108.1023,64.1369],[-107.9449,64.0938],[-107.9316,64.0364]]]}},{"type":"Feature","properties":{"name":"Clinton-Colden Lake","scalerank":6},"geometry":{"type":"Polygon","coordinates":[[[-107.9449,64.0938],[-107.8374,64.0891],[-107.7519,64.0705],[-107.6753,64.0809],[-107.5892,64.1123],[-107.4636,64.1282],[-107.3226,64.1307],[-107.2379,64.0998],[-107.2334,64.0667],[-107.2396,64.0367],[-107.2398,64.0224],[-107.2687,63.9829],[-107.2224,63.9256],[-107.1035,63.9245],[-107.0879,63.9124],[-107.0879,63.9124],[-107.0879,63.9124],[-107.0879,63.9124],[-107.0879,63.9124],[-107.1059,63.8938],[-107.2004,63.8239],[-107.2736,63.7757],[-107.5016,63.7893],[-107.5291,63.7984],[-107.5571,63.8334],[-107.6322,63.8768],[-107.6139,63.9371],[-107.6215,63.9697],[-107.6676,63.9853],[-107.7888,63.981],[-107.8051,63.9562],[-107.8361,63.983],[-107.9316,64.0364],[-107.9449,64.0938]]]}},{"type":"Feature","properties":{"name":"Lake Francis Case","scalerank":6},"geometry":{"type":"Polygon","coordinates":[[[-99.1466,43.4331],[-99.1466,43.4331],[-99.1466,43.4331],[-99.1466,43.4331],[-99.0402,43.3584],[-98.9046,43.2853],[-98.8314,43.2056],[-98.7065,43.1345],[-98.5708,43.1022],[-98.5597,43.0599],[-98.6656,43.0592],[-98.7468,43.1024],[-98.9002,43.1585],[-98.9299,43.2264],[-99.0691,43.3101],[-99.178,43.3735],[-99.3152,43.4678],[-99.3438,43.5393],[-99.3826,43.6061],[-99.4708,43.6685],[-99.4407,43.7525],[-99.3653,43.8429],[-99.3524,43.8881],[-99.374,43.9474],[-99.3644,43.9906],[-99.3223,43.957],[-99.3029,43.9032],[-99.3152,43.8407],[-99.3696,43.7567],[-99.4105,43.7029],[-99.35,43.6431],[-99.2443,43.4765],[-99.1466,43.4331]]]}},{"type":"Feature","properties":{"name":"Falcon Lake","scalerank":1},"geometry":{"type":"Polygon","coordinates":[[[-99.1836,26.7595],[-99.1836,26.7595],[-99.1836,26.7595],[-99.1836,26.7595],[-99.1503,26.7513],[-99.1191,26.7494],[-99.113,26.7271],[-99.1494,26.6521],[-99.1495,26.5917],[-99.1721,26.5642],[-99.2,26.5615],[-99.2433,26.5836],[-99.2549,26.6698],[-99.2832,26.7595],[-99.3308,26.8034],[-99.3941,26.795],[-99.3857,26.8067],[-99.3638,26.8213],[-99.368,26.8859],[-99.4008,26.9543],[-99.4636,27.0254],[-99.4565,27.0567],[-99.4146,27.0441],[-99.3685,27.0018],[-99.2774,26.9212],[-99.218,26.9102],[-99.2177,26.8049],[-99.1836,26.7595]]]}},{"type":"Feature","properties":{"name":"Lac \u00cele-\u00e0-la-Crosse","scalerank":6},"geometry":{"type":"Polygon","coordinates":[[[-107.7886,55.2109],[-107.7886,55.2109],[-107.7886,55.2109],[-107.7886,55.2109],[-107.8431,55.3035],[-107.9631,55.4196],[-107.9989,55.4711],[-108.0442,55.5083],[-108.0357,55.5542],[-107.9852,55.5747],[-107.85,55.5279],[-107.8058,55.5525],[-107.8507,55.6181],[-107.8574,55.6606],[-107.805,55.6646],[-107.7689,55.6975],[-107.7675,55.8015],[-107.7665,55.8941],[-107.737,55.9212],[-107.6657,55.7442],[-107.706,55.5824],[-107.7399,55.4795],[-107.7404,55.4083],[-107.7918,55.3669],[-107.7689,55.2674],[-107.7886,55.2109]]]}},{"type":"Feature","properties":{"name":"Wholdaia Lake","scalerank":6},"geometry":{"type":"Polygon","coordinates":[[[-103.8356,60.5535],[-103.8356,60.5535],[-103.8356,60.5535],[-103.8356,60.5535],[-103.9075,60.5045],[-103.9351,60.4769],[-103.949,60.4215],[-104.1166,60.3554],[-104.1875,60.3412],[-104.1516,60.4253],[-104.1345,60.5333],[-104.2289,60.5868],[-104.3317,60.6331],[-104.395,60.6848],[-104.4677,60.7031],[-104.4939,60.7261],[-104.3903,60.809],[-104.3426,60.8705],[-104.3795,60.9013],[-104.4253,60.885],[-104.44,60.852],[-104.5046,60.8184],[-104.5877,60.8135],[-104.6367,60.8346],[-104.6432,60.8556],[-104.5296,60.8603],[-104.5087,60.8831],[-104.4501,60.9728],[-104.4486,61.0012],[-104.4193,61.022],[-104.3349,61.0263],[-104.2974,61.005],[-104.2811,60.9813],[-104.2131,60.9379],[-104.2121,60.9032],[-104.2299,60.8463],[-104.2188,60.8138],[-104.1407,60.8258],[-104.1389,60.8046],[-104.2191,60.7571],[-104.2167,60.7385],[-104.1241,60.7517],[-104.0728,60.7814],[-104.0198,60.7928],[-103.9825,60.7852],[-103.8505,60.8238],[-103.769,60.8659],[-103.7523,60.9085],[-103.7425,60.9451],[-103.7164,60.9518],[-103.6468,60.9022],[-103.667,60.8349],[-103.8129,60.7849],[-103.9698,60.7072],[-104.0824,60.6928],[-104.1366,60.6675],[-104.1228,60.6245],[-104.0421,60.6018],[-103.937,60.6139],[-103.8786,60.6412],[-103.859,60.6772],[-103.8103,60.7104],[-103.7456,60.701],[-103.7357,60.6418],[-103.8356,60.5535]]]}},{"type":"Feature","properties":{"name":"Tehek Lake","scalerank":6},"geometry":{"type":"Polygon","coordinates":[[[-95.2494,65.0034],[-95.3902,64.9723],[-95.4631,64.9211],[-95.4652,64.8587],[-95.4563,64.8141],[-95.4594,64.7889],[-95.4871,64.766],[-95.5495,64.7624],[-95.5926,64.7824],[-95.62,64.8062],[-95.6247,64.8264],[-95.6365,64.8458],[-95.7117,64.8735],[-95.7988,64.9228],[-95.8579,64.9146],[-95.8697,64.8714],[-95.8809,64.8509],[-95.9927,64.8909],[-96.0321,64.9231],[-96.0032,64.9744],[-95.9313,65.0031],[-95.8555,65.0111],[-95.7259,65.0218],[-95.6321,65.0394],[-95.5029,65.0424],[-95.25,65.0342],[-95.2494,65.0034],[-95.2494,65.0034],[-95.2494,65.0034]]]}},{"type":"Feature","properties":{"name":"R\u00e9servoir de Caniapiscau","scalerank":6},"geometry":{"type":"Polygon","coordinates":[[[-69.3512,54.0825],[-69.2689,54.0473],[-69.3198,54.0247],[-69.4124,54.0362],[-69.5021,54.0185],[-69.5955,53.9984],[-69.7222,53.9612],[-69.782,53.9469],[-69.8345,53.9461],[-69.8687,53.9553],[-69.8556,53.9768],[-69.8273,53.9991],[-69.7409,54.0238],[-69.7034,54.0379],[-69.7068,54.0692],[-69.758,54.0776],[-69.8468,54.101],[-69.9834,54.139],[-70.0554,54.1339],[-70.129,54.1102],[-70.1409,54.129],[-70.0837,54.1785],[-70.011,54.2231],[-69.9804,54.2366],[-69.9264,54.2519],[-69.8789,54.2606],[-69.8688,54.2893],[-69.8804,54.3107],[-69.9266,54.3196],[-69.979,54.3178],[-70.0014,54.3254],[-70.0292,54.3372],[-70.0707,54.3367],[-70.0819,54.3426],[-70.0408,54.3719],[-69.971,54.3649],[-69.9009,54.3793],[-69.8582,54.3685],[-69.8041,54.3119],[-69.7927,54.2826],[-69.6825,54.2679],[-69.6867,54.2396],[-69.6714,54.2247],[-69.6636,54.2104],[-69.704,54.1723],[-69.6973,54.1527],[-69.5878,54.1066],[-69.4769,54.0925],[-69.4334,54.1113],[-69.4063,54.1214],[-69.3512,54.0825],[-69.3512,54.0825],[-69.3512,54.0825]]]}},{"type":"Feature","properties":{"name":null,"scalerank":1},"geometry":{"type":"Polygon","coordinates":[[[-68.6797,53.7984],[-68.7046,53.7745],[-68.7261,53.689],[-68.707,53.6099],[-68.7155,53.5826],[-68.7772,53.5773],[-68.8532,53.5938],[-68.8694,53.5759],[-68.8691,53.5233],[-68.9004,53.4833],[-68.935,53.4688],[-68.9758,53.4558],[-69.0552,53.4277],[-69.085,53.4442],[-69.0452,53.4921],[-68.9838,53.5588],[-68.9467,53.6091],[-68.8676,53.6449],[-68.827,53.6757],[-68.8369,53.7171],[-68.8657,53.7368],[-68.8504,53.7549],[-68.8055,53.765],[-68.7807,53.775],[-68.7666,53.7963],[-68.8137,53.8459],[-68.9072,53.8763],[-68.967,53.9076],[-69.0076,53.9397],[-69.0608,53.9576],[-69.225,53.9489],[-69.2425,53.9611],[-69.2305,53.9791],[-69.2001,53.9892],[-69.1709,53.9899],[-69.1544,53.9999],[-69.1598,54.0231],[-69.1461,54.0396],[-69.1156,54.0227],[-69.0616,54.0074],[-69.0221,54.0282],[-69.0049,54.0417],[-68.9791,54.0114],[-68.9494,53.9999],[-68.9026,53.9853],[-68.8637,53.952],[-68.8464,53.9105],[-68.7326,53.8359],[-68.6848,53.8121],[-68.6797,53.7984],[-68.6797,53.7984],[-68.6797,53.7984]]]}},{"type":"Feature","properties":{"name":null,"scalerank":1},"geometry":{"type":"Polygon","coordinates":[[[-70.2327,54.4441],[-70.2744,54.4359],[-70.3121,54.4081],[-70.4194,54.3587],[-70.4975,54.4071],[-70.5171,54.4407],[-70.4596,54.4318],[-70.4244,54.41],[-70.3574,54.4295],[-70.2144,54.4794],[-70.0953,54.4728],[-69.9695,54.49],[-69.9316,54.5158],[-69.9119,54.5521],[-69.9119,54.6169],[-69.9201,54.6544],[-69.9597,54.6845],[-70.0292,54.6762],[-70.008,54.7218],[-69.9834,54.7416],[-69.9349,54.7324],[-69.9002,54.7043],[-69.86,54.6217],[-69.8396,54.5562],[-69.8395,54.5246],[-69.7742,54.4919],[-69.7656,54.4661],[-69.882,54.4562],[-69.9487,54.4253],[-69.9882,54.4253],[-70.0153,54.4385],[-70.155,54.4358],[-70.2327,54.4441],[-70.2327,54.4441],[-70.2327,54.4441]]]}},{"type":"Feature","properties":{"name":"Kentucky Lake","scalerank":6},"geometry":{"type":"Polygon","coordinates":[[[-88.0569,36.6693],[-88.0569,36.6693],[-88.0569,36.6693],[-88.0569,36.6693],[-88.0225,36.5283],[-88.0069,36.4271],[-87.9563,36.3029],[-87.9103,36.187],[-87.9336,36.0738],[-87.9754,35.9453],[-88.0413,35.9485],[-87.9827,36.0989],[-87.9912,36.2341],[-88.0388,36.3068],[-88.0664,36.3143],[-88.0919,36.2604],[-88.1161,36.2928],[-88.1191,36.3546],[-88.0859,36.4469],[-88.0839,36.5548],[-88.1265,36.655],[-88.2718,36.9506],[-88.2833,37.0215],[-88.2066,36.9706],[-88.0569,36.6693]]]}},{"type":"Feature","properties":{"name":"J. Strom Thurmond Lake","scalerank":6},"geometry":{"type":"Polygon","coordinates":[[[-82.4106,33.9541],[-82.4106,33.9541],[-82.4106,33.9541],[-82.4106,33.9541],[-82.381,33.9269],[-82.3271,33.847],[-82.2473,33.7739],[-82.1876,33.6938],[-82.2083,33.6636],[-82.3321,33.6722],[-82.4676,33.6407],[-82.5747,33.6427],[-82.5413,33.6624],[-82.4392,33.6712],[-82.2752,33.7254],[-82.3081,33.7759],[-82.4192,33.8457],[-82.4907,33.8979],[-82.5207,33.8932],[-82.5551,33.8794],[-82.5791,33.8654],[-82.5533,33.9373],[-82.5772,33.9564],[-82.5893,34.0174],[-82.546,34.0085],[-82.4847,33.966],[-82.4412,33.9384],[-82.4106,33.9541]]]}},{"type":"Feature","properties":{"name":"Kinbasket Lake","scalerank":6},"geometry":{"type":"Polygon","coordinates":[[[-118.4024,52.1724],[-118.4024,52.1724],[-118.4024,52.1724],[-118.4024,52.1724],[-118.2866,52.1585],[-118.1805,52.1781],[-118.218,52.1294],[-118.3223,52.103],[-118.3662,52.09],[-118.3923,52.0693],[-118.4483,52.0602],[-118.4986,52.0693],[-118.5266,52.1021],[-118.5513,52.2413],[-118.6417,52.3319],[-118.7505,52.4041],[-118.8902,52.5488],[-119.1276,52.7386],[-119.0581,52.7274],[-118.9309,52.6183],[-118.6774,52.4113],[-118.5651,52.3028],[-118.4024,52.1724]]]}},{"type":"Feature","properties":{"name":"Lake George","scalerank":6},"geometry":{"type":"Polygon","coordinates":[[[-81.6839,29.3677],[-81.6839,29.3677],[-81.6839,29.3677],[-81.6839,29.3677],[-81.6829,29.5052],[-81.64,29.4145],[-81.5403,29.2874],[-81.5292,29.2241],[-81.5955,29.1979],[-81.6396,29.2578],[-81.6631,29.3142],[-81.6839,29.3677]]]}},{"type":"Feature","properties":{"name":"Lake Havasu","scalerank":6},"geometry":{"type":"Polygon","coordinates":[[[-114.3589,34.4381],[-114.3589,34.4381],[-114.3589,34.4381],[-114.3589,34.4381],[-114.4048,34.4883],[-114.3769,34.5397],[-114.3271,34.4777],[-114.2214,34.4207],[-114.0817,34.318],[-114.1341,34.2416],[-114.1635,34.2534],[-114.1886,34.318],[-114.2607,34.3683],[-114.3589,34.4381]]]}},{"type":"Feature","properties":{"name":"Shasta Lake","scalerank":1},"geometry":{"type":"Polygon","coordinates":[[[-122.2317,40.871],[-122.2317,40.871],[-122.2317,40.871],[-122.2317,40.871],[-122.2423,40.8059],[-122.2289,40.7934],[-122.1156,40.7998],[-122.0947,40.7835],[-122.1017,40.7663],[-122.1512,40.7458],[-122.2407,40.7543],[-122.3643,40.7244],[-122.4106,40.7214],[-122.4262,40.7437],[-122.4171,40.7684],[-122.3952,40.8291],[-122.3622,40.8196],[-122.351,40.7841],[-122.3013,40.8038],[-122.2589,40.8607],[-122.2317,40.871]]]}},{"type":"Feature","properties":{"name":"Point Lake","scalerank":6},"geometry":{"type":"Polygon","coordinates":[[[-114.0981,65.3782],[-114.0981,65.3782],[-114.0981,65.3782],[-114.0981,65.3782],[-114.1849,65.4458],[-114.4416,65.4771],[-114.4051,65.5611],[-114.3809,65.6159],[-114.3966,65.6571],[-114.2287,65.677],[-114.1733,65.6384],[-114.1829,65.6112],[-114.2981,65.6],[-114.2872,65.5551],[-114.2218,65.5221],[-114.1689,65.4957],[-114.0772,65.4757],[-114.0007,65.4479],[-113.937,65.4438],[-113.9298,65.425],[-113.9099,65.402],[-113.8396,65.3678],[-113.621,65.4164],[-113.517,65.3851],[-113.4006,65.3816],[-113.2705,65.4007],[-113.1127,65.3852],[-113.1248,65.3608],[-113.2237,65.3556],[-113.316,65.3323],[-113.3121,65.3183],[-113.2722,65.3063],[-113.1247,65.2924],[-112.8712,65.2416],[-112.6781,65.2034],[-112.5498,65.2066],[-112.4616,65.2203],[-112.4267,65.2213],[-112.2937,65.2203],[-112.2174,65.2255],[-112.2221,65.1922],[-112.3065,65.1828],[-112.3456,65.1284],[-112.2898,65.0376],[-112.2419,64.9656],[-112.2878,64.9517],[-112.3178,64.9602],[-112.3502,65.0129],[-112.4173,65.1036],[-112.4568,65.1526],[-112.5279,65.1596],[-112.6499,65.1603],[-112.8223,65.1901],[-112.8836,65.2027],[-112.9394,65.2127],[-112.9972,65.1955],[-113.063,65.2162],[-113.3236,65.2598],[-113.5075,65.2723],[-113.6176,65.2529],[-113.7871,65.244],[-113.9499,65.3353],[-114.0547,65.3608],[-114.0981,65.3782]]]}},{"type":"Feature","properties":{"name":"Upper Klamath Lake","scalerank":6},"geometry":{"type":"Polygon","coordinates":[[[-121.9414,42.6043],[-121.9414,42.6043],[-121.9414,42.6043],[-121.9414,42.6043],[-121.9478,42.4994],[-121.9212,42.4751],[-121.8277,42.409],[-121.8064,42.2888],[-121.8094,42.2513],[-121.8415,42.2563],[-121.922,42.3324],[-121.9206,42.3604],[-121.9568,42.3959],[-122.0421,42.4283],[-122.0595,42.4747],[-122.0166,42.5227],[-121.9655,42.5898],[-121.9414,42.6043]]]}},{"type":"Feature","properties":{"name":"Harney Lake","scalerank":6},"geometry":{"type":"Polygon","coordinates":[[[-119.1951,43.2293],[-119.1951,43.2293],[-119.1951,43.2293],[-119.1951,43.2293],[-119.2054,43.2556],[-119.1833,43.2819],[-119.1325,43.3082],[-119.0193,43.2586],[-119.0052,43.2388],[-119.0234,43.1974],[-119.0813,43.1602],[-119.1631,43.1842],[-119.1951,43.2293]]]}},{"type":"Feature","properties":{"name":"Chiputneticook Lakes","scalerank":6},"geometry":{"type":"Polygon","coordinates":[[[-67.7078,45.6921],[-67.7078,45.6921],[-67.7078,45.6921],[-67.7078,45.6921],[-67.6004,45.6373],[-67.5327,45.6425],[-67.4801,45.6831],[-67.4609,45.6416],[-67.4494,45.6071],[-67.5124,45.5894],[-67.6255,45.6022],[-67.779,45.6701],[-67.863,45.7396],[-67.7871,45.759],[-67.7078,45.6921]]]}},{"type":"Feature","properties":{"name":"Represa de Tucuru\u00ed","scalerank":6},"geometry":{"type":"Polygon","coordinates":[[[-49.709,-4.4222],[-49.709,-4.4222],[-49.709,-4.4222],[-49.709,-4.4222],[-49.8101,-4.4094],[-49.8258,-4.3913],[-49.865,-4.3213],[-49.8588,-4.2984],[-49.8148,-4.2603],[-49.8156,-4.1944],[-49.8091,-4.1747],[-49.7533,-4.1151],[-49.7485,-4.0581],[-49.7192,-4.0284],[-49.7161,-3.9582],[-49.7149,-3.8555],[-49.6873,-3.8348],[-49.6257,-3.8479],[-49.5924,-3.9576],[-49.5432,-4.1246],[-49.524,-4.2263],[-49.5241,-4.2566],[-49.4989,-4.283],[-49.4478,-4.3601],[-49.4287,-4.4535],[-49.4347,-4.4896],[-49.3497,-4.6017],[-49.2977,-4.6785],[-49.316,-4.7251],[-49.2826,-4.8002],[-49.2898,-4.8359],[-49.3472,-4.8812],[-49.3376,-4.9451],[-49.2812,-5.1648],[-49.1761,-5.2753],[-48.9622,-5.2757],[-48.9372,-5.3029],[-48.9711,-5.3331],[-49.1702,-5.3879],[-49.2812,-5.3012],[-49.3506,-5.1831],[-49.415,-5.0438],[-49.5318,-4.8461],[-49.5492,-4.7397],[-49.5924,-4.6522],[-49.6768,-4.6175],[-49.7135,-4.5926],[-49.6755,-4.5457],[-49.6526,-4.484],[-49.675,-4.4374],[-49.709,-4.4222]]]}},{"type":"Feature","properties":{"name":"Represa Tr\u00eas Marias","scalerank":6},"geometry":{"type":"Polygon","coordinates":[[[-44.972,-18.782],[-44.972,-18.782],[-44.972,-18.782],[-44.972,-18.782],[-44.9417,-18.7943],[-44.9324,-18.8238],[-44.9031,-18.8407],[-44.9199,-18.8572],[-44.9671,-18.8498],[-45.0444,-18.8277],[-45.1179,-18.8296],[-45.1288,-18.8488],[-45.1208,-18.8866],[-45.0773,-19.0049],[-45.0887,-19.0509],[-45.1118,-19.0292],[-45.1562,-18.9479],[-45.1993,-18.9572],[-45.2167,-18.9625],[-45.3098,-18.9736],[-45.3967,-19.007],[-45.3955,-18.9387],[-45.386,-18.9234],[-45.2507,-18.9093],[-45.2095,-18.8818],[-45.1949,-18.831],[-45.2136,-18.7531],[-45.2363,-18.7581],[-45.2474,-18.8382],[-45.2814,-18.853],[-45.3399,-18.8289],[-45.3397,-18.8009],[-45.2897,-18.7644],[-45.2579,-18.6781],[-45.2554,-18.623],[-45.2828,-18.6252],[-45.3593,-18.66],[-45.3718,-18.6358],[-45.3489,-18.6207],[-45.3312,-18.6026],[-45.2976,-18.5408],[-45.3184,-18.5008],[-45.3671,-18.4881],[-45.3996,-18.5236],[-45.4286,-18.5564],[-45.4758,-18.5641],[-45.5155,-18.586],[-45.5067,-18.5454],[-45.4788,-18.4737],[-45.4344,-18.433],[-45.355,-18.3947],[-45.3535,-18.3592],[-45.3282,-18.3028],[-45.3292,-18.2729],[-45.3785,-18.2678],[-45.3597,-18.2395],[-45.287,-18.2012],[-45.2622,-18.2043],[-45.23,-18.2308],[-45.2532,-18.2961],[-45.2849,-18.4143],[-45.2588,-18.4735],[-45.2124,-18.4893],[-45.1916,-18.5141],[-45.1846,-18.5688],[-45.1809,-18.6068],[-45.148,-18.5979],[-45.133,-18.6083],[-45.136,-18.6403],[-45.1562,-18.6864],[-45.152,-18.735],[-45.0972,-18.775],[-45.0362,-18.759],[-45.0169,-18.7227],[-45.0001,-18.7387],[-44.989,-18.769],[-44.972,-18.782]]]}},{"type":"Feature","properties":{"name":null,"scalerank":1},"geometry":{"type":"Polygon","coordinates":[[[-51.4161,-20.4258],[-51.4161,-20.4258],[-51.4161,-20.4258],[-51.4161,-20.4258],[-51.4232,-20.3969],[-51.4131,-20.3731],[-51.3958,-20.3548],[-51.4381,-20.2836],[-51.4271,-20.2569],[-51.3812,-20.2771],[-51.3143,-20.2809],[-51.2715,-20.2555],[-51.1814,-20.2567],[-51.1556,-20.2396],[-51.1724,-20.1847],[-51.1498,-20.1469],[-51.1043,-20.1791],[-51.0779,-20.1747],[-51.05,-20.0999],[-51.0493,-20.0134],[-51.0511,-19.7807],[-51.0301,-19.7178],[-50.9975,-19.6676],[-50.9702,-19.7268],[-50.9552,-19.9125],[-50.9488,-19.9811],[-50.8075,-19.9316],[-50.6676,-19.8406],[-50.5821,-19.8201],[-50.6686,-19.9474],[-50.7919,-19.9953],[-50.8443,-20.0324],[-50.9355,-20.0896],[-50.9852,-20.1699],[-50.9781,-20.2319],[-50.9345,-20.2647],[-50.9129,-20.3193],[-50.9825,-20.3067],[-51.0364,-20.3291],[-51.0895,-20.3376],[-51.1124,-20.3373],[-51.1483,-20.3508],[-51.2072,-20.3682],[-51.245,-20.3919],[-51.1773,-20.4582],[-51.0648,-20.513],[-51.0655,-20.529],[-51.1967,-20.4989],[-51.3045,-20.4409],[-51.3627,-20.4519],[-51.3968,-20.4414],[-51.4161,-20.4258]]]}},{"type":"Feature","properties":{"name":null,"scalerank":1},"geometry":{"type":"Polygon","coordinates":[[[-72.609,-40.6584],[-72.609,-40.6584],[-72.609,-40.6584],[-72.609,-40.6584],[-72.5414,-40.6172],[-72.3914,-40.6221],[-72.3648,-40.639],[-72.3696,-40.6632],[-72.464,-40.7043],[-72.5704,-40.6897],[-72.609,-40.6584]]]}},{"type":"Feature","properties":{"name":"Lago Colhu\u00e9 Huap\u00ed","scalerank":6},"geometry":{"type":"Polygon","coordinates":[[[-68.6763,-45.4225],[-68.6763,-45.4225],[-68.6763,-45.4225],[-68.6763,-45.4225],[-68.6643,-45.4605],[-68.6408,-45.5116],[-68.6011,-45.55],[-68.5736,-45.5678],[-68.5656,-45.6068],[-68.5992,-45.6448],[-68.7079,-45.6571],[-68.8482,-45.6439],[-68.9226,-45.5291],[-68.966,-45.4469],[-68.9757,-45.3236],[-68.9698,-45.2821],[-68.9345,-45.2643],[-68.8754,-45.2939],[-68.8587,-45.3883],[-68.8356,-45.4135],[-68.8021,-45.4135],[-68.7665,-45.3652],[-68.7015,-45.3694],[-68.6763,-45.4225]]]}},{"type":"Feature","properties":{"name":null,"scalerank":1},"geometry":{"type":"Polygon","coordinates":[[[9.1275,47.6707],[9.1275,47.6707],[9.1275,47.6707],[8.8812,47.6564],[8.9483,47.686],[8.9809,47.7023],[8.9767,47.7298],[8.9987,47.7519],[9.0937,47.7161],[9.1275,47.6707]]]}},{"type":"Feature","properties":{"name":null,"scalerank":1},"geometry":{"type":"Polygon","coordinates":[[[36.8674,62.1981],[36.8674,62.1981],[36.8674,62.1981],[36.8674,62.1981],[36.8271,62.2229],[36.776,62.2388],[36.768,62.2604],[36.7843,62.2913],[36.8021,62.3639],[36.813,62.4303],[36.8471,62.4589],[36.9087,62.4663],[37.0153,62.4279],[37.0349,62.3684],[37.0116,62.2955],[37.0255,62.2617],[36.983,62.2112],[36.8983,62.1793],[36.8674,62.1981]]]}},{"type":"Feature","properties":{"name":null,"scalerank":1},"geometry":{"type":"Polygon","coordinates":[[[38.909,60.5859],[38.909,60.5859],[38.909,60.5859],[38.909,60.5859],[38.892,60.5849],[38.8898,60.6641],[38.8443,60.7343],[38.8658,60.7773],[38.9377,60.7671],[39.0852,60.7182],[39.1727,60.6797],[39.1851,60.6169],[39.1876,60.4961],[39.1503,60.4425],[39.0957,60.3945],[39.0312,60.3953],[39.0278,60.4108],[39.0415,60.4378],[39.0689,60.4746],[39.0545,60.5229],[39.0083,60.5733],[38.9585,60.5946],[38.909,60.5859]]]}},{"type":"Feature","properties":{"name":null,"scalerank":1},"geometry":{"type":"Polygon","coordinates":[[[31.5453,64.4352],[31.5453,64.4352],[31.5453,64.4352],[31.5453,64.4352],[31.3457,64.4653],[31.3697,64.5005],[31.4728,64.4817],[31.5942,64.4766],[31.6477,64.4748],[31.7427,64.4773],[31.79,64.4954],[31.7834,64.5242],[31.7646,64.5575],[31.8211,64.5529],[31.898,64.5147],[32.0146,64.4947],[32.0439,64.4597],[32.0021,64.405],[31.8732,64.416],[31.5453,64.4352]]]}},{"type":"Feature","properties":{"name":null,"scalerank":1},"geometry":{"type":"Polygon","coordinates":[[[32.4057,67.4573],[32.342,67.4425],[32.246,67.4147],[32.1246,67.4345],[31.8986,67.5123],[31.9443,67.5442],[32.0706,67.5435],[32.2159,67.5392],[32.3417,67.4872],[32.4057,67.4573],[32.4057,67.4573],[32.4057,67.4573]]]}},{"type":"Feature","properties":{"name":null,"scalerank":1},"geometry":{"type":"Polygon","coordinates":[[[35.159,67.8106],[35.159,67.8106],[35.159,67.8106],[35.159,67.8106],[35.1355,67.7819],[35.1265,67.7511],[35.08,67.707],[34.9951,67.8013],[35.0555,67.8271],[35.1289,67.8747],[35.1576,67.9064],[35.1377,67.9262],[35.0915,67.9403],[35.0994,67.9791],[35.2215,68.059],[35.2467,68.0999],[35.2906,68.0779],[35.297,68.0056],[35.2433,67.9559],[35.2557,67.9235],[35.2604,67.8803],[35.2219,67.8449],[35.159,67.8106]]]}},{"type":"Feature","properties":{"name":"Shardara B\u00f6geni","scalerank":6},"geometry":{"type":"Polygon","coordinates":[[[67.9908,41.2547],[67.9908,41.2547],[67.9908,41.2547],[67.9908,41.2547],[68.1617,41.1996],[68.2431,41.1891],[68.393,41.161],[68.4559,41.1068],[68.4027,41.0779],[68.28,41.0516],[68.1354,41.0483],[68.0243,41.0988],[67.9334,41.2246],[67.9908,41.2547]]]}},{"type":"Feature","properties":{"name":"Vilyuy Reservoir","scalerank":6},"geometry":{"type":"Polygon","coordinates":[[[111.1201,62.6196],[111.1201,62.6196],[111.1201,62.6196],[111.1201,62.6196],[111.1655,62.6722],[111.1936,62.7074],[111.158,62.7398],[111.1647,62.7925],[111.1545,62.8082],[111.1391,62.8485],[110.8391,62.9121],[110.6483,62.9819],[110.4306,62.9887],[110.4332,63.046],[110.4943,63.0987],[110.4844,63.1359],[110.3727,63.1386],[110.2303,63.1553],[110.1092,63.1724],[110.0387,63.2079],[110.0942,63.2221],[110.2004,63.2168],[110.2907,63.2181],[110.3742,63.2419],[110.3931,63.2922],[110.3889,63.3501],[110.2735,63.3997],[110.1623,63.4394],[110.0016,63.4286],[109.848,63.3821],[109.7504,63.4053],[109.6479,63.424],[109.5868,63.4555],[109.7465,63.4655],[109.899,63.4559],[109.9459,63.4801],[110.0384,63.5577],[110.0562,63.5943],[110.0957,63.6251],[110.1355,63.6213],[110.1455,63.6002],[110.1128,63.5729],[110.1272,63.5356],[110.2468,63.4849],[110.4307,63.4595],[110.4815,63.4596],[110.5625,63.4217],[110.6104,63.3884],[110.5681,63.3362],[110.4743,63.25],[110.4995,63.2332],[110.5457,63.1979],[110.6684,63.1988],[110.6909,63.2172],[110.7436,63.2394],[110.7949,63.2191],[110.8431,63.1898],[110.9184,63.1779],[110.9394,63.1592],[110.914,63.1462],[110.8859,63.1247],[110.7281,63.0899],[110.7192,63.0635],[110.7718,63.0359],[110.8648,63.0193],[110.9441,62.9974],[111.0146,63.0458],[111.086,63.0941],[111.0439,63.2687],[111.0495,63.2928],[111.0425,63.3108],[111.0764,63.3487],[111.1029,63.415],[111.1432,63.4237],[111.1703,63.3531],[111.1623,63.3083],[111.1702,63.295],[111.1439,63.2191],[111.1601,63.1764],[111.2107,63.1378],[111.2734,63.1187],[111.3345,63.1159],[111.4733,63.1296],[111.5575,63.1653],[111.5836,63.2178],[111.5358,63.2884],[111.5962,63.2826],[111.6521,63.2834],[111.6904,63.2889],[111.7977,63.2658],[111.9,63.2192],[111.9766,63.119],[111.9854,63.0971],[111.8305,63.0032],[111.8287,62.9602],[111.9236,62.9126],[111.998,62.9003],[112.0598,62.9135],[112.12,62.9168],[112.1549,62.9702],[112.1151,63.0172],[112.1084,63.0539],[112.1201,63.1299],[112.0775,63.2354],[112.0466,63.3148],[111.908,63.3697],[111.8156,63.3834],[111.9099,63.4118],[112.0795,63.4088],[112.1255,63.4324],[112.1709,63.424],[112.1392,63.381],[112.1348,63.3148],[112.148,63.2487],[112.2344,63.126],[112.4397,63.075],[112.4803,63.0203],[112.4002,62.9997],[112.3802,62.92],[112.3682,62.842],[112.2779,62.7898],[112.175,62.7646],[112.1058,62.7828],[112.0494,62.8181],[111.9152,62.8491],[111.8465,62.8735],[111.7768,62.8622],[111.7293,62.846],[111.6929,62.864],[111.6308,62.8632],[111.5807,62.8575],[111.4879,62.8728],[111.4352,62.8935],[111.3993,62.9185],[111.4082,62.9397],[111.4696,62.9439],[111.5213,62.9531],[111.561,62.9682],[111.6334,62.9728],[111.657,63.0409],[111.7744,63.0703],[111.8394,63.1208],[111.8438,63.1605],[111.7864,63.1958],[111.7092,63.1867],[111.6402,63.1432],[111.5924,63.0767],[111.5184,63.0471],[111.416,63.0285],[111.3184,63.0285],[111.2066,63.0052],[111.1905,62.9401],[111.2932,62.8831],[111.3449,62.8471],[111.3764,62.8051],[111.3885,62.7232],[111.4244,62.6534],[111.3901,62.6108],[111.3171,62.5498],[111.359,62.494],[111.3585,62.4717],[111.294,62.46],[111.2931,62.4312],[111.3278,62.3975],[111.4891,62.4017],[111.6048,62.3903],[111.6399,62.3613],[111.6664,62.3312],[111.6628,62.3114],[111.5041,62.3487],[111.3896,62.3271],[111.3719,62.283],[111.6039,62.2136],[111.5509,62.1872],[111.4834,62.1959],[111.4229,62.2188],[111.3495,62.2234],[111.2856,62.1909],[111.2955,62.1307],[111.399,62.0578],[111.2508,61.9896],[111.0464,61.9896],[110.8997,62.0105],[110.6177,62.0642],[110.5537,62.079],[110.417,62.0927],[110.3505,62.11],[110.3031,62.1336],[110.1604,62.1241],[110.0159,62.0783],[109.8271,61.994],[109.6652,61.9107],[109.6352,61.8362],[109.6013,61.7831],[109.5599,61.7995],[109.5677,61.8779],[109.5577,61.8996],[109.6039,61.9421],[109.6367,62.0072],[109.6269,62.0525],[109.7141,62.0385],[109.8163,62.0554],[109.932,62.1026],[110.1452,62.2044],[110.4334,62.1939],[110.6063,62.1311],[110.6744,62.1206],[110.7571,62.0987],[110.8103,62.1107],[110.8865,62.0841],[110.9367,62.0861],[110.9467,62.083],[110.9729,62.0611],[111.0881,62.0506],[111.1564,62.1101],[111.1234,62.164],[111.1195,62.2208],[111.2088,62.2565],[111.2429,62.3092],[111.235,62.3749],[111.2089,62.4313],[111.1366,62.4827],[111.0124,62.5043],[110.9159,62.4879],[110.8751,62.4682],[110.8588,62.478],[110.8523,62.4989],[110.7842,62.5284],[110.8513,62.5456],[110.9795,62.54],[111.0512,62.5439],[111.0896,62.5696],[111.1201,62.6196]]]}},{"type":"Feature","properties":{"name":null,"scalerank":1},"geometry":{"type":"Polygon","coordinates":[[[139.8811,53.5557],[139.8811,53.5557],[139.8811,53.5557],[139.8811,53.5557],[139.922,53.5267],[139.855,53.46],[139.8087,53.3995],[139.8227,53.3612],[139.8159,53.3401],[139.7488,53.3477],[139.6717,53.3905],[139.6585,53.4562],[139.7478,53.5238],[139.8811,53.5557]]]}},{"type":"Feature","properties":{"name":"Ozero Krasnoye","scalerank":6},"geometry":{"type":"Polygon","coordinates":[[[174.4293,64.5695],[174.4293,64.5695],[174.4293,64.5695],[174.4293,64.5695],[174.5752,64.5806],[174.6052,64.6147],[174.607,64.6515],[174.7131,64.6691],[174.8036,64.6498],[174.7658,64.5678],[174.6709,64.481],[174.5407,64.4332],[174.3375,64.4371],[174.2074,64.513],[174.2727,64.6082],[174.3521,64.6761],[174.3729,64.7015],[174.3779,64.66],[174.3518,64.5938],[174.4293,64.5695]]]}},{"type":"Feature","properties":{"name":"Biwa Ko","scalerank":6},"geometry":{"type":"Polygon","coordinates":[[[136.0578,35.3873],[136.0578,35.3873],[136.0578,35.3873],[136.0578,35.3873],[136.0828,35.443],[136.1369,35.4661],[136.1822,35.4533],[136.2245,35.4074],[136.2681,35.3472],[136.2143,35.264],[135.9806,35.0979],[135.922,35.026],[135.8893,34.9998],[135.8916,35.0929],[135.9691,35.2033],[136.0322,35.304],[136.0578,35.3873]]]}},{"type":"Feature","properties":{"name":"Aishihik Lake","scalerank":6},"geometry":{"type":"Polygon","coordinates":[[[-137.1476,61.5034],[-137.1476,61.5034],[-137.1476,61.5034],[-137.1476,61.5034],[-137.0958,61.4569],[-137.0754,61.3861],[-137.042,61.3104],[-136.9916,61.2727],[-136.9886,61.2354],[-137.0001,61.2271],[-137.0118,61.2346],[-137.0329,61.2621],[-137.0829,61.2923],[-137.168,61.4499],[-137.3317,61.542],[-137.5218,61.6358],[-137.4417,61.652],[-137.3308,61.6116],[-137.2627,61.577],[-137.1476,61.5034]]]}},{"type":"Feature","properties":{"name":null,"scalerank":1},"geometry":{"type":"Polygon","coordinates":[[[-155.4534,58.6369],[-155.4534,58.6369],[-155.4534,58.6369],[-155.4534,58.6369],[-155.5756,58.6168],[-155.6548,58.6016],[-155.6465,58.5765],[-155.4963,58.5478],[-155.473,58.5305],[-155.5197,58.5145],[-155.6533,58.5196],[-155.748,58.5546],[-155.8408,58.5974],[-156.028,58.6004],[-156.1618,58.6046],[-156.323,58.6293],[-156.38,58.6646],[-156.4087,58.6907],[-156.3435,58.709],[-156.1981,58.7118],[-156.1966,58.724],[-156.1528,58.7293],[-156.0901,58.7133],[-156.0373,58.6998],[-156.0063,58.688],[-155.8377,58.6833],[-155.5599,58.6629],[-155.4345,58.6605],[-155.4534,58.6369]]]}},{"type":"Feature","properties":{"name":null,"scalerank":1},"geometry":{"type":"Polygon","coordinates":[[[-162.8382,61.0406],[-162.8382,61.0406],[-162.8382,61.0406],[-162.8382,61.0406],[-163.0306,61.0832],[-163.0022,61.1095],[-162.8012,61.0809],[-162.7126,61.0771],[-162.8382,61.0406]]]}},{"type":"Feature","properties":{"name":"Lake Clark","scalerank":6},"geometry":{"type":"Polygon","coordinates":[[[-154.473,60.2224],[-154.473,60.2224],[-154.473,60.2224],[-154.473,60.2224],[-154.3118,60.2787],[-154.0888,60.3399],[-153.6887,60.4306],[-153.6266,60.4363],[-153.6593,60.4036],[-154.0558,60.3012],[-154.2599,60.2295],[-154.5492,60.1134],[-154.7202,60.0401],[-154.7521,60.0696],[-154.6416,60.1433],[-154.5729,60.1826],[-154.5415,60.1889],[-154.473,60.2224]]]}},{"type":"Feature","properties":{"name":null,"scalerank":1},"geometry":{"type":"Polygon","coordinates":[[[-151.1658,60.2266],[-151.1658,60.2266],[-151.1658,60.2266],[-151.1658,60.2266],[-151.1493,60.2531],[-151.0646,60.3048],[-150.8943,60.2721],[-150.7175,60.1591],[-150.6537,60.1214],[-150.6814,60.0478],[-150.716,60.0518],[-150.767,60.0821],[-150.831,60.1278],[-150.937,60.1676],[-151.0215,60.2056],[-151.0597,60.2181],[-151.1658,60.2266]]]}},{"type":"Feature","properties":{"name":null,"scalerank":1},"geometry":{"type":"Polygon","coordinates":[[[-160.0022,61.3505],[-160.0022,61.3505],[-160.0022,61.3505],[-160.0022,61.3505],[-160.0887,61.34],[-160.1308,61.3584],[-160.1027,61.4062],[-160.038,61.4217],[-159.9705,61.4021],[-159.9339,61.3669],[-160.0022,61.3505]]]}},{"type":"Feature","properties":{"name":null,"scalerank":1},"geometry":{"type":"Polygon","coordinates":[[[-162.3074,60.951],[-162.3074,60.951],[-162.3074,60.951],[-162.3074,60.951],[-162.2971,60.918],[-162.2648,60.8899],[-162.2041,60.8528],[-162.2419,60.827],[-162.275,60.8212],[-162.3703,60.83],[-162.3959,60.8988],[-162.3967,60.95],[-162.3622,60.99],[-162.3074,60.951]]]}},{"type":"Feature","properties":{"name":null,"scalerank":1},"geometry":{"type":"Polygon","coordinates":[[[-163.7062,61.5619],[-163.7062,61.5619],[-163.7062,61.5619],[-163.7062,61.5619],[-163.6382,61.5186],[-163.699,61.472],[-163.7293,61.5227],[-163.8748,61.578],[-163.959,61.6187],[-163.9734,61.6453],[-163.931,61.6484],[-163.7829,61.6024],[-163.7062,61.5619]]]}},{"type":"Feature","properties":{"name":null,"scalerank":1},"geometry":{"type":"Polygon","coordinates":[[[-163.4591,62.671],[-163.4591,62.671],[-163.4591,62.671],[-163.4591,62.671],[-163.5003,62.6524],[-163.5235,62.5745],[-163.5822,62.6001],[-163.6189,62.6753],[-163.5645,62.6856],[-163.4557,62.7102],[-163.4099,62.679],[-163.4591,62.671]]]}},{"type":"Feature","properties":{"name":"Wheeler Lake","scalerank":1},"geometry":{"type":"Polygon","coordinates":[[[-87.6611,34.8136],[-87.6611,34.8136],[-87.6611,34.8136],[-87.6611,34.8136],[-87.5421,34.8506],[-87.3828,34.8515],[-87.2676,34.8076],[-87.0061,34.6825],[-86.935,34.6104],[-86.8985,34.5748],[-86.9587,34.5651],[-87.3231,34.7666],[-87.5125,34.792],[-87.6368,34.765],[-87.7004,34.7734],[-87.6611,34.8136]]]}},{"type":"Feature","properties":{"name":"\u00dc\u00fcreg Nuur","scalerank":6},"geometry":{"type":"Polygon","coordinates":[[[91.0521,50.2084],[91.0521,50.2084],[91.0521,50.2084],[91.0521,50.2084],[91.1172,50.1752],[91.1311,50.1302],[91.0782,50.0995],[90.9605,50.0803],[90.8913,50.1357],[90.9421,50.2142],[91.0521,50.2084]]]}},{"type":"Feature","properties":{"name":null,"scalerank":1},"geometry":{"type":"Polygon","coordinates":[[[90.4014,33.5263],[90.4014,33.5263],[90.4014,33.5263],[90.4014,33.5263],[90.3939,33.4356],[90.3218,33.3632],[90.2466,33.3251],[90.1013,33.3772],[90.0333,33.3853],[90.0062,33.4366],[90.047,33.4452],[90.1864,33.4162],[90.2896,33.4747],[90.2819,33.5687],[90.2887,33.6383],[90.3187,33.7018],[90.4014,33.5263]]]}},{"type":"Feature","properties":{"name":null,"scalerank":1},"geometry":{"type":"Polygon","coordinates":[[[89.71,33.4688],[89.71,33.4688],[89.71,33.4688],[89.71,33.4688],[89.7705,33.4687],[89.8322,33.4802],[89.8762,33.5052],[89.9352,33.5229],[89.9696,33.4799],[89.9188,33.3755],[89.8897,33.3293],[89.83,33.2558],[89.8057,33.2856],[89.7857,33.4168],[89.7343,33.4474],[89.71,33.4688]]]}},{"type":"Feature","properties":{"name":null,"scalerank":1},"geometry":{"type":"Polygon","coordinates":[[[76.1691,31.9002],[76.1691,31.9002],[76.1691,31.9002],[76.1691,31.9002],[76.0819,31.9088],[75.9748,31.9725],[75.9383,32.0613],[75.9357,32.1392],[75.9828,32.1532],[76.0946,32.0734],[76.1714,31.9619],[76.1691,31.9002]]]}},{"type":"Feature","properties":{"name":null,"scalerank":1},"geometry":{"type":"Polygon","coordinates":[[[91.4689,31.9475],[91.4689,31.9475],[91.4689,31.9475],[91.4689,31.9475],[91.437,31.991],[91.4239,32.0619],[91.4547,32.1122],[91.5114,32.1332],[91.5324,32.0797],[91.5295,31.9659],[91.5184,31.943],[91.4689,31.9475]]]}},{"type":"Feature","properties":{"name":null,"scalerank":1},"geometry":{"type":"Polygon","coordinates":[[[87.4148,31.8517],[87.4148,31.8517],[87.4148,31.8517],[87.4148,31.8517],[87.424,31.9117],[87.4896,31.9543],[87.5461,31.9688],[87.5906,31.9477],[87.5958,31.9031],[87.5303,31.8471],[87.4148,31.8517]]]}},{"type":"Feature","properties":{"name":"Banggong Co","scalerank":6},"geometry":{"type":"Polygon","coordinates":[[[78.443,33.9394],[78.443,33.9394],[78.443,33.9394],[78.443,33.9394],[78.4904,33.9735],[78.6578,33.8165],[78.758,33.7473],[78.9605,33.741],[78.9756,33.7235],[78.9141,33.6966],[78.7343,33.677],[78.5526,33.8512],[78.443,33.9394]]]}},{"type":"Feature","properties":{"name":"Tengiz K\u00f6li","scalerank":6},"geometry":{"type":"Polygon","coordinates":[[[69.2875,50.688],[69.2875,50.688],[69.2875,50.688],[69.2875,50.688],[69.3705,50.7192],[69.5163,50.6929],[69.6167,50.6762],[69.6125,50.6145],[69.5001,50.5911],[69.39,50.599],[69.3346,50.6045],[69.2749,50.5877],[69.1087,50.4601],[69.0472,50.4257],[69.0358,50.3965],[69.0567,50.3639],[69.2366,50.3535],[69.2591,50.3106],[69.2558,50.2543],[69.2002,50.2537],[69.1481,50.2412],[69.074,50.2005],[68.9378,50.179],[68.7783,50.2284],[68.6902,50.266],[68.7189,50.33],[68.7592,50.438],[68.779,50.5134],[68.8613,50.571],[68.9928,50.5639],[69.0908,50.5639],[69.2268,50.6162],[69.2875,50.688]]]}},{"type":"Feature","properties":{"name":"Qusmuryn K\u00f6li","scalerank":6},"geometry":{"type":"Polygon","coordinates":[[[64.5736,52.6049],[64.5736,52.6049],[64.5736,52.6049],[64.5736,52.6049],[64.6854,52.6874],[64.79,52.7678],[64.8836,52.856],[64.9487,52.9081],[64.9823,52.8829],[64.9671,52.7312],[64.8898,52.6719],[64.794,52.6237],[64.7653,52.6128],[64.722,52.5939],[64.6487,52.5531],[64.515,52.5157],[64.5014,52.5351],[64.5736,52.6049]]]}},{"type":"Feature","properties":{"name":"Femunden","scalerank":6},"geometry":{"type":"Polygon","coordinates":[[[11.7968,61.9393],[11.7968,61.9393],[11.7968,61.9393],[11.7968,61.9393],[11.7527,61.9288],[11.7423,62.0084],[11.7779,62.0524],[11.7968,61.9393]]]}},{"type":"Feature","properties":{"name":"Femunden","scalerank":6},"geometry":{"type":"Polygon","coordinates":[[[11.8455,62.2119],[11.8455,62.2119],[11.8455,62.2119],[11.8455,62.2119],[11.8933,62.2999],[11.8922,62.3996],[11.9225,62.4213],[11.9665,62.4066],[11.95,62.3097],[11.9289,62.2051],[11.9001,62.1436],[11.8851,62.0886],[11.9021,62.0261],[11.9267,61.9309],[11.8827,61.9309],[11.8429,62.0461],[11.7213,62.1027],[11.736,62.1384],[11.7661,62.1535],[11.8455,62.2119]]]}},{"type":"Feature","properties":{"name":null,"scalerank":1},"geometry":{"type":"Polygon","coordinates":[[[-76.6772,51.3734],[-76.6772,51.3734],[-76.6772,51.3734],[-76.6772,51.3734],[-76.5535,51.364],[-76.5632,51.3445],[-76.7512,51.2882],[-77.0259,51.3287],[-76.9826,51.3432],[-76.9032,51.3546],[-76.8616,51.3797],[-76.8395,51.4043],[-76.8195,51.4158],[-76.7622,51.3908],[-76.6772,51.3734]]]}},{"type":"Feature","properties":{"name":null,"scalerank":1},"geometry":{"type":"Polygon","coordinates":[[[-91.4178,51.1195],[-91.4178,51.1195],[-91.4178,51.1195],[-91.4178,51.1195],[-91.3899,51.071],[-91.5416,51.0855],[-91.5913,51.1179],[-91.6468,51.1536],[-91.6086,51.166],[-91.5043,51.1622],[-91.4415,51.1629],[-91.4167,51.1433],[-91.4178,51.1195]]]}},{"type":"Feature","properties":{"name":null,"scalerank":1},"geometry":{"type":"Polygon","coordinates":[[[-91.9704,51.9577],[-91.9704,51.9577],[-91.9704,51.9577],[-91.9704,51.9577],[-91.9495,51.9821],[-91.8954,51.9519],[-91.9104,51.9111],[-91.9317,51.8942],[-91.9681,51.9244],[-91.9912,51.9368],[-91.9704,51.9577]]]}},{"type":"Feature","properties":{"name":null,"scalerank":1},"geometry":{"type":"Polygon","coordinates":[[[-78.6163,51.0771],[-78.6163,51.0771],[-78.6163,51.0771],[-78.6163,51.0771],[-78.5498,51.0337],[-78.813,51.0974],[-78.8274,51.1523],[-78.7943,51.1459],[-78.7204,51.1089],[-78.6163,51.0771]]]}},{"type":"Feature","properties":{"name":null,"scalerank":1},"geometry":{"type":"Polygon","coordinates":[[[-78.6279,47.5969],[-78.6279,47.5969],[-78.6279,47.5969],[-78.6279,47.5969],[-78.6964,47.5767],[-78.7628,47.5703],[-78.787,47.5949],[-78.798,47.6256],[-78.8128,47.6564],[-78.7919,47.691],[-78.7241,47.6837],[-78.6119,47.6806],[-78.5712,47.6562],[-78.5838,47.6246],[-78.6042,47.6083],[-78.6279,47.5969]]]}},{"type":"Feature","properties":{"name":null,"scalerank":1},"geometry":{"type":"Polygon","coordinates":[[[-77.2732,47.5913],[-77.2732,47.5913],[-77.2732,47.5913],[-77.2732,47.5913],[-77.2354,47.5495],[-77.177,47.547],[-77.1288,47.5608],[-77.1015,47.5451],[-77.0653,47.5085],[-76.9629,47.5023],[-76.9348,47.4875],[-76.9656,47.4423],[-77.1194,47.4773],[-77.1847,47.4562],[-77.1786,47.4115],[-77.165,47.3894],[-77.1813,47.369],[-77.2594,47.3467],[-77.2885,47.386],[-77.2703,47.4629],[-77.3044,47.5132],[-77.322,47.5735],[-77.3037,47.6069],[-77.2883,47.6137],[-77.2732,47.5913]]]}},{"type":"Feature","properties":{"name":null,"scalerank":1},"geometry":{"type":"Polygon","coordinates":[[[-108.0896,64.7154],[-108.0896,64.7154],[-108.0896,64.7154],[-108.0896,64.7154],[-108.0846,64.7373],[-108.0438,64.749],[-108.0158,64.7452],[-107.9792,64.7204],[-107.9875,64.7101],[-108.0632,64.6965],[-108.0896,64.7154]]]}},{"type":"Feature","properties":{"name":null,"scalerank":1},"geometry":{"type":"Polygon","coordinates":[[[-108.1887,64.6463],[-108.1887,64.6463],[-108.1887,64.6463],[-108.1887,64.6463],[-108.2089,64.6344],[-108.24,64.6247],[-108.4808,64.5586],[-108.5333,64.5621],[-108.4943,64.5975],[-108.3293,64.6538],[-108.2402,64.684],[-108.1803,64.6856],[-108.1887,64.6463]]]}},{"type":"Feature","properties":{"name":null,"scalerank":1},"geometry":{"type":"Polygon","coordinates":[[[-108.9291,64.6003],[-108.9291,64.6003],[-108.9291,64.6003],[-108.9291,64.6003],[-108.9885,64.6135],[-109.0559,64.5937],[-109.0903,64.587],[-109.1004,64.603],[-109.0979,64.6556],[-109.0613,64.6862],[-109.0707,64.7112],[-109.0618,64.7268],[-108.9303,64.7059],[-108.8928,64.6644],[-108.852,64.6063],[-108.8209,64.5518],[-108.854,64.5606],[-108.9291,64.6003]]]}},{"type":"Feature","properties":{"name":null,"scalerank":1},"geometry":{"type":"Polygon","coordinates":[[[-109.2509,64.5937],[-109.2509,64.5937],[-109.2509,64.5937],[-109.2509,64.5937],[-109.282,64.6083],[-109.3398,64.6552],[-109.3623,64.7023],[-109.3601,64.7343],[-109.3471,64.7575],[-109.2915,64.7581],[-109.2403,64.7402],[-109.2565,64.7275],[-109.284,64.7017],[-109.272,64.662],[-109.1495,64.5804],[-109.1605,64.5474],[-109.2244,64.5363],[-109.2729,64.5363],[-109.2354,64.565],[-109.2509,64.5937]]]}},{"type":"Feature","properties":{"name":null,"scalerank":1},"geometry":{"type":"Polygon","coordinates":[[[-78.8664,71.1603],[-78.8664,71.1603],[-78.8664,71.1603],[-78.8664,71.1603],[-78.7916,71.146],[-78.6714,71.1262],[-78.6711,71.1119],[-78.6987,71.1003],[-78.8961,71.0888],[-79.211,71.0968],[-79.3394,71.1218],[-79.3667,71.1494],[-79.326,71.1696],[-79.2771,71.1746],[-79.0896,71.1781],[-78.8796,71.173],[-78.8664,71.1603]]]}},{"type":"Feature","properties":{"name":null,"scalerank":1},"geometry":{"type":"Polygon","coordinates":[[[-104.5114,69.7184],[-104.5114,69.7184],[-104.5114,69.7184],[-104.5114,69.7184],[-104.6457,69.7327],[-104.8621,69.8555],[-104.7615,69.8582],[-104.4825,69.8396],[-104.4218,69.8304],[-104.3583,69.8154],[-104.3882,69.7557],[-104.5114,69.7184]]]}},{"type":"Feature","properties":{"name":null,"scalerank":1},"geometry":{"type":"Polygon","coordinates":[[[-98.3823,67.3842],[-98.3823,67.3842],[-98.3823,67.3842],[-98.3823,67.3842],[-98.3025,67.3503],[-98.2287,67.3321],[-98.2718,67.289],[-98.4211,67.192],[-98.4907,67.2062],[-98.5459,67.2427],[-98.5515,67.2718],[-98.5233,67.3512],[-98.4859,67.4209],[-98.4349,67.4139],[-98.3823,67.3842]]]}},{"type":"Feature","properties":{"name":null,"scalerank":1},"geometry":{"type":"Polygon","coordinates":[[[-96.2846,55.2377],[-96.2846,55.2377],[-96.2846,55.2377],[-96.2846,55.2377],[-96.2052,55.2714],[-96.0547,55.2871],[-95.8532,55.3606],[-95.7888,55.4002],[-95.7021,55.4014],[-95.6757,55.3641],[-95.7334,55.3075],[-95.83,55.2801],[-96.1065,55.2172],[-96.2292,55.2125],[-96.2846,55.2377]]]}},{"type":"Feature","properties":{"name":null,"scalerank":1},"geometry":{"type":"Polygon","coordinates":[[[-102.3633,54.5775],[-102.3633,54.5775],[-102.3633,54.5775],[-102.3633,54.5775],[-102.3362,54.6548],[-102.2872,54.7154],[-102.1972,54.738],[-102.1161,54.7076],[-102.1058,54.5984],[-102.1278,54.4937],[-102.169,54.4553],[-102.256,54.4487],[-102.3402,54.4749],[-102.3783,54.5164],[-102.3633,54.5775]]]}},{"type":"Feature","properties":{"name":null,"scalerank":1},"geometry":{"type":"Polygon","coordinates":[[[-105.8125,54.2341],[-105.8125,54.2341],[-105.8125,54.2341],[-105.8125,54.2341],[-105.7278,54.4142],[-105.7141,54.4925],[-105.6832,54.509],[-105.643,54.4885],[-105.5676,54.4595],[-105.5531,54.3904],[-105.5697,54.3274],[-105.6356,54.2683],[-105.6726,54.2223],[-105.7067,54.1498],[-105.7141,54.086],[-105.7554,54.0551],[-105.8048,54.0778],[-105.8099,54.1609],[-105.8125,54.2341]]]}},{"type":"Feature","properties":{"name":null,"scalerank":1},"geometry":{"type":"Polygon","coordinates":[[[-70.9325,53.5188],[-70.9325,53.5188],[-70.9325,53.5188],[-70.9325,53.5188],[-70.9355,53.483],[-70.9041,53.458],[-70.8608,53.4516],[-70.8433,53.427],[-70.8647,53.4068],[-70.9805,53.4309],[-71.0483,53.5007],[-71.1254,53.5653],[-71.1168,53.5908],[-71.0188,53.5957],[-70.9498,53.565],[-70.9325,53.5188]]]}},{"type":"Feature","properties":{"name":null,"scalerank":1},"geometry":{"type":"Polygon","coordinates":[[[-60.9044,52.5496],[-60.9044,52.5496],[-60.9044,52.5496],[-60.9044,52.5496],[-60.7238,52.4439],[-60.7085,52.4092],[-60.6571,52.3577],[-60.6038,52.3285],[-60.6004,52.3201],[-60.6479,52.3154],[-60.7386,52.3784],[-60.7895,52.4242],[-60.917,52.4768],[-60.9675,52.5162],[-61.1501,52.5894],[-61.2969,52.6034],[-61.1386,52.6192],[-60.9044,52.5496]]]}},{"type":"Feature","properties":{"name":null,"scalerank":1},"geometry":{"type":"Polygon","coordinates":[[[-111.9956,64.6598],[-111.9956,64.6598],[-111.9956,64.6598],[-111.9956,64.6598],[-111.988,64.6902],[-112.1508,64.7803],[-112.3256,64.86],[-112.3434,64.8988],[-112.1144,64.848],[-111.8872,64.7006],[-111.9271,64.6587],[-111.9662,64.6378],[-111.9956,64.6598]]]}},{"type":"Feature","properties":{"name":null,"scalerank":1},"geometry":{"type":"Polygon","coordinates":[[[-83.6109,48.3783],[-83.6109,48.3783],[-83.6109,48.3783],[-83.6109,48.3783],[-83.6881,48.3392],[-83.7812,48.3045],[-83.8321,48.3149],[-83.9251,48.3071],[-83.8541,48.3368],[-83.7211,48.4208],[-83.6399,48.4275],[-83.6178,48.4259],[-83.5725,48.4244],[-83.4292,48.506],[-83.468,48.4337],[-83.6109,48.3783]]]}},{"type":"Feature","properties":{"name":null,"scalerank":1},"geometry":{"type":"Polygon","coordinates":[[[-107.0625,55.82],[-107.0625,55.82],[-107.0625,55.82],[-107.0625,55.82],[-107.0589,55.8551],[-107.011,55.8901],[-106.9472,55.9208],[-106.8968,55.9274],[-106.8804,55.9083],[-106.9839,55.8321],[-106.9733,55.815],[-107.0094,55.8056],[-107.0625,55.82]]]}},{"type":"Feature","properties":{"name":null,"scalerank":1},"geometry":{"type":"Polygon","coordinates":[[[-106.4722,55.6309],[-106.4722,55.6309],[-106.4722,55.6309],[-106.4722,55.6309],[-106.5141,55.6392],[-106.5237,55.6571],[-106.5507,55.6676],[-106.5392,55.6888],[-106.4409,55.7281],[-106.3436,55.7599],[-106.3302,55.7398],[-106.3591,55.6908],[-106.3413,55.6619],[-106.386,55.6483],[-106.4722,55.6309]]]}},{"type":"Feature","properties":{"name":null,"scalerank":1},"geometry":{"type":"Polygon","coordinates":[[[-102.5967,62.6575],[-102.5967,62.6575],[-102.5967,62.6575],[-102.5967,62.6575],[-102.5802,62.6049],[-102.5605,62.5522],[-102.5514,62.4987],[-102.5763,62.45],[-102.6702,62.418],[-102.7366,62.4103],[-102.6771,62.5602],[-102.6921,62.6019],[-102.769,62.6691],[-102.7736,62.7042],[-102.6941,62.7622],[-102.6604,62.7596],[-102.5967,62.6575]]]}},{"type":"Feature","properties":{"name":null,"scalerank":1},"geometry":{"type":"Polygon","coordinates":[[[-103.4474,61.3656],[-103.4474,61.3656],[-103.4474,61.3656],[-103.4474,61.3656],[-103.4687,61.3853],[-103.478,61.4312],[-103.4563,61.5131],[-103.3418,61.5618],[-103.2334,61.642],[-103.2105,61.6769],[-103.1436,61.653],[-103.1908,61.5882],[-103.2962,61.5206],[-103.3921,61.3949],[-103.4474,61.3656]]]}},{"type":"Feature","properties":{"name":null,"scalerank":1},"geometry":{"type":"Polygon","coordinates":[[[-103.8362,58.6091],[-103.8362,58.6091],[-103.8362,58.6091],[-103.8362,58.6091],[-103.798,58.669],[-103.7858,58.691],[-103.6627,58.7017],[-103.6213,58.6776],[-103.5999,58.6611],[-103.6229,58.607],[-103.6684,58.545],[-103.771,58.5739],[-103.8194,58.5829],[-103.8362,58.6091]]]}},{"type":"Feature","properties":{"name":null,"scalerank":1},"geometry":{"type":"Polygon","coordinates":[[[-69.1535,56.5069],[-69.1535,56.5069],[-69.1535,56.5069],[-69.1535,56.5069],[-69.1225,56.3322],[-69.077,56.2718],[-68.8078,56.0887],[-68.7951,56.0548],[-69.1212,56.2475],[-69.1889,56.3259],[-69.1953,56.4275],[-69.2736,56.5037],[-69.2186,56.563],[-69.1275,56.6499],[-69.1364,56.6064],[-69.1535,56.5069]]]}},{"type":"Feature","properties":{"name":null,"scalerank":1},"geometry":{"type":"Polygon","coordinates":[[[-88.9297,66.5769],[-88.9297,66.5769],[-88.9297,66.5769],[-88.9297,66.5769],[-89.0885,66.4834],[-89.0745,66.5559],[-88.9601,66.6072],[-88.7918,66.633],[-88.8199,66.5956],[-88.9297,66.5769]]]}},{"type":"Feature","properties":{"name":null,"scalerank":1},"geometry":{"type":"Polygon","coordinates":[[[-88.2025,66.6327],[-88.2025,66.6327],[-88.2025,66.6327],[-88.2025,66.6327],[-88.0911,66.6049],[-88.2126,66.5815],[-88.2842,66.634],[-88.3962,66.6568],[-88.5475,66.6398],[-88.6821,66.5792],[-88.7103,66.5969],[-88.7106,66.6323],[-88.6582,66.6647],[-88.615,66.7108],[-88.567,66.7142],[-88.4625,66.7007],[-88.3411,66.7053],[-88.2025,66.6327]]]}},{"type":"Feature","properties":{"name":"Lake Disappointment","scalerank":3},"geometry":{"type":"Polygon","coordinates":[[[122.8231,-23.6847],[122.7676,-23.6613],[122.6414,-23.5378],[122.6075,-23.4692],[122.6968,-23.322],[122.703,-23.274],[122.7582,-23.2637],[122.879,-23.2545],[122.9319,-23.2775],[122.9467,-23.4338],[122.9264,-23.5909],[122.8757,-23.6624],[122.8231,-23.6847],[122.8231,-23.6847],[122.8231,-23.6847]]]}},{"type":"Feature","properties":{"name":"Lake Mackay","scalerank":3},"geometry":{"type":"Polygon","coordinates":[[[128.6012,-22.6476],[128.3848,-22.5979],[128.317,-22.4912],[128.3409,-22.4045],[128.4288,-22.3694],[128.4777,-22.3448],[128.599,-22.3095],[128.7943,-22.2204],[128.9085,-22.12],[128.9336,-22.0638],[129.0003,-22.0088],[129.1354,-22.0024],[129.2155,-22.0352],[129.201,-22.0847],[129.0715,-22.1736],[129.0605,-22.2708],[129.1423,-22.335],[129.2188,-22.3664],[129.2152,-22.4171],[129.1583,-22.4477],[129.0987,-22.4977],[129.026,-22.5629],[128.8985,-22.654],[128.8198,-22.6776],[128.6012,-22.6476],[128.6012,-22.6476],[128.6012,-22.6476]]]}},{"type":"Feature","properties":{"name":"Lake Gairdner","scalerank":3},"geometry":{"type":"Polygon","coordinates":[[[135.8961,-32.326],[135.8903,-32.2412],[135.9205,-32.1501],[136.0452,-31.966],[136.0516,-31.9016],[135.9916,-31.835],[135.8522,-31.7429],[135.8122,-31.6684],[135.7879,-31.6172],[135.7494,-31.5929],[135.7149,-31.5969],[135.6907,-31.6062],[135.6372,-31.5902],[135.6106,-31.5143],[135.6338,-31.4447],[135.6378,-31.4022],[135.6236,-31.3819],[135.5952,-31.3657],[135.5621,-31.3542],[135.5222,-31.3149],[135.4897,-31.2805],[135.4393,-31.232],[135.4182,-31.0962],[135.4289,-31.0634],[135.493,-31.0841],[135.6053,-31.1892],[135.7765,-31.2379],[135.8859,-31.2239],[135.9554,-31.2248],[136.08,-31.2541],[136.1063,-31.3048],[136.1043,-31.3535],[136.1098,-31.4153],[136.1451,-31.5045],[136.2034,-31.5775],[136.2746,-31.845],[136.3122,-31.9264],[136.2532,-32.1484],[136.2564,-32.2115],[136.2382,-32.2398],[136.1847,-32.2535],[136.1226,-32.2317],[136.0557,-32.2095],[135.9745,-32.2297],[135.9165,-32.3181],[135.8961,-32.326],[135.8961,-32.326],[135.8961,-32.326]]]}},{"type":"Feature","properties":{"name":"Lake Torrens","scalerank":3},"geometry":{"type":"Polygon","coordinates":[[[137.8298,-31.7171],[137.7752,-31.8644],[137.7479,-31.897],[137.71,-31.8774],[137.6135,-31.8084],[137.6013,-31.7779],[137.6715,-31.7321],[137.7034,-31.6638],[137.7326,-31.326],[137.7029,-31.2732],[137.6517,-31.2409],[137.5566,-31.1558],[137.5311,-31.1062],[137.5647,-31.0817],[137.6318,-31.0634],[137.6593,-31.0268],[137.6619,-30.9991],[137.6423,-30.8315],[137.6215,-30.7651],[137.6257,-30.6725],[137.5952,-30.6329],[137.4265,-30.6293],[137.3946,-30.5729],[137.3834,-30.4713],[137.3282,-30.3651],[137.2562,-30.2882],[137.2117,-30.223],[137.2268,-30.1788],[137.3231,-30.2173],[137.4213,-30.307],[137.4822,-30.3835],[137.6016,-30.4267],[137.7461,-30.4939],[137.8396,-30.5966],[137.928,-30.7168],[138.0015,-30.8743],[138.0298,-30.9513],[138.0201,-31.0027],[138.0257,-31.0604],[138.1326,-31.2588],[138.1112,-31.3925],[137.8298,-31.7171],[137.8298,-31.7171],[137.8298,-31.7171]]]}},{"type":"Feature","properties":{"name":"Lake Barlee","scalerank":5},"geometry":{"type":"Polygon","coordinates":[[[119.7977,-29.5053],[119.7857,-29.5804],[119.7284,-29.5804],[119.6358,-29.5495],[119.6623,-29.5098],[119.6931,-29.4525],[119.6662,-29.387],[119.6358,-29.3378],[119.6646,-29.2769],[119.6677,-29.2101],[119.6293,-29.1858],[119.5804,-29.188],[119.5477,-29.2164],[119.542,-29.3795],[119.5168,-29.5054],[119.4417,-29.5539],[119.3815,-29.5421],[119.4374,-29.2364],[119.38,-29.2143],[119.3304,-29.2353],[119.2036,-29.3511],[119.1419,-29.2805],[119.1293,-29.1145],[119.2264,-29.0909],[119.3138,-29.0115],[119.3977,-28.9939],[119.5485,-29.0566],[119.6502,-29.0269],[119.7152,-28.9361],[119.7636,-28.8881],[119.8566,-28.8989],[119.9383,-28.882],[120.0062,-28.9277],[119.993,-28.9807],[119.9464,-28.9854],[119.8766,-28.9433],[119.718,-29.0671],[119.6833,-29.1204],[119.7509,-29.2972],[119.7901,-29.3727],[119.8229,-29.4133],[119.7977,-29.5053],[119.7977,-29.5053],[119.7977,-29.5053]]]}},{"type":"Feature","properties":{"name":"Lake Frome","scalerank":3},"geometry":{"type":"Polygon","coordinates":[[[139.938,-30.9645],[139.9205,-31.0267],[139.8765,-31.084],[139.835,-31.1264],[139.8005,-31.1238],[139.7442,-31.0797],[139.6595,-31.0325],[139.6132,-31.0111],[139.5193,-30.9253],[139.4884,-30.8768],[139.5496,-30.7736],[139.7187,-30.5658],[139.896,-30.3736],[139.9514,-30.3212],[140.0111,-30.3406],[140.044,-30.4226],[140.0261,-30.5244],[139.9819,-30.8537],[139.938,-30.9645],[139.938,-30.9645],[139.938,-30.9645]]]}},{"type":"Feature","properties":{"name":"Lake Eyre South","scalerank":5},"geometry":{"type":"Polygon","coordinates":[[[137.6606,-29.3482],[137.6048,-29.3714],[137.5217,-29.3952],[137.4075,-29.4436],[137.3742,-29.4538],[137.2805,-29.4494],[137.1892,-29.4678],[137.1106,-29.4495],[137.1195,-29.3465],[137.1997,-29.2452],[137.3312,-29.2217],[137.5895,-29.1588],[137.698,-29.1306],[137.7201,-29.1967],[137.6606,-29.3482],[137.6606,-29.3482],[137.6606,-29.3482]]]}},{"type":"Feature","properties":{"name":"Lake Eyre North","scalerank":1},"geometry":{"type":"Polygon","coordinates":[[[137.9141,-29.0997],[137.7774,-29.038],[137.6186,-29.0512],[137.4775,-29.0115],[137.4069,-29.0291],[137.3439,-29.0251],[137.3006,-28.9883],[137.2394,-28.8924],[137.1457,-28.887],[137.1251,-28.9181],[137.1199,-28.9775],[137.0749,-29.0137],[137.0184,-29.0148],[136.9487,-28.953],[136.8944,-28.8321],[136.9173,-28.7558],[136.9223,-28.6889],[136.8826,-28.4498],[136.9071,-28.4262],[136.966,-28.3941],[136.99,-28.3141],[136.9688,-28.1989],[136.9131,-28.1031],[136.8888,-28.0637],[136.8297,-28.0435],[136.7845,-28.0185],[136.7998,-27.9672],[136.8914,-27.9109],[137.0334,-27.8585],[137.328,-27.9744],[137.4526,-28.0868],[137.5657,-28.1163],[137.6723,-28.1195],[137.7019,-28.1427],[137.7069,-28.1957],[137.7201,-28.2795],[137.7735,-28.3504],[137.7333,-28.3897],[137.7123,-28.5372],[137.6804,-28.5617],[137.676,-28.6455],[137.7862,-28.8395],[137.9053,-28.9851],[138.0142,-29.0508],[138.01,-29.0909],[137.9141,-29.0997],[137.9141,-29.0997],[137.9141,-29.0997]]]}}]}